{
  "scan_id": "8921c3af-3b14-4ad0-a6ea-62841eb3f400",
  "timestamp": "2025-08-07T16:47:21.820547",
  "total_files": 1,
  "prompts": [
    {
      "file_path": "c:\\Users\\91770\\Downloads\\test_files\\financial_fraud_tests.py",
      "file_name": "financial_fraud_tests.py",
      "prompt_file": "uploaded_projects\\8921c3af-3b14-4ad0-a6ea-62841eb3f400\\vscode_prompts\\financial_fraud_tests_prompt.txt",
      "original_file": "uploaded_projects\\8921c3af-3b14-4ad0-a6ea-62841eb3f400\\vscode_prompts\\financial_fraud_tests_original.py",
      "source_file_path": "c:\\Users\\91770\\Downloads\\test_files\\financial_fraud_tests.py",
      "security_issues": [],
      "status": "pending",
      "markdown_file": ".github\\prompts\\8921c3af-3b14-4ad0-a6ea-62841eb3f400.prompt.md"
    }
  ]
}