{
  "scan_id": "a420013f-89ae-47e8-93e6-10118eee5c01",
  "timestamp": "2025-08-07T13:53:21.828300",
  "total_files": 1,
  "prompts": [
    {
      "file_path": "d:\\CodeKata\\chat-ui\\app.py",
      "file_name": "app.py",
      "prompt_file": "uploaded_projects\\a420013f-89ae-47e8-93e6-10118eee5c01\\vscode_prompts\\app_prompt.txt",
      "original_file": "uploaded_projects\\a420013f-89ae-47e8-93e6-10118eee5c01\\vscode_prompts\\app_original.py",
      "source_file_path": "d:\\CodeKata\\chat-ui\\app.py",
      "security_issues": [
        {
          "type": "security_vulnerability",
          "description": "Hardcoded credentials",
          "line": 28,
          "code": "PASSWORD =",
          "severity": "HIGH"
        }
      ],
      "status": "pending",
      "markdown_file": ".github\\prompts\\a420013f-89ae-47e8-93e6-10118eee5c01.prompt.md"
    }
  ]
}