{
  "scan_id": "8ccba151-a4d2-4d00-8244-a2e8297a8e1f",
  "timestamp": "2025-08-07T16:49:38.134020",
  "total_files": 1,
  "prompts": [
    {
      "file_path": "c:\\Users\\91770\\Downloads\\test_files\\financial_fraud_tests.py",
      "file_name": "financial_fraud_tests.py",
      "prompt_file": "uploaded_projects\\8ccba151-a4d2-4d00-8244-a2e8297a8e1f\\vscode_prompts\\financial_fraud_tests_prompt.txt",
      "original_file": "uploaded_projects\\8ccba151-a4d2-4d00-8244-a2e8297a8e1f\\vscode_prompts\\financial_fraud_tests_original.py",
      "source_file_path": "c:\\Users\\91770\\Downloads\\test_files\\financial_fraud_tests.py",
      "security_issues": [],
      "status": "pending",
      "markdown_file": ".github\\prompts\\8ccba151-a4d2-4d00-8244-a2e8297a8e1f.prompt.md"
    }
  ]
}