[
  {
    "timestamp": "2025-08-30T14:36:51.381326",
    "cpu_percent": 43.0,
    "memory_percent": 62.3,
    "disk_usage_percent": 20.9,
    "network_io": {
      "bytes_sent": 38363561383,
      "bytes_recv": 37936973579,
      "packets_sent": 12236097,
      "packets_recv": 16977340
    },
    "process_count": 315,
    "uptime_seconds": 1212454.7469608784,
    "load_average": [
      0.0,
      0.14,
      0.22
    ]
  },
  {
    "timestamp": "2025-08-31T18:11:38.520592",
    "cpu_percent": 35.7,
    "memory_percent": 65.3,
    "disk_usage_percent": 21.2,
    "network_io": {
      "bytes_sent": 38367672318,
      "bytes_recv": 37980391507,
      "packets_sent": 12269687,
      "packets_recv": 16995177
    },
    "process_count": 313,
    "uptime_seconds": 1300942.4956851006,
    "load_average": [
      0.93,
      0.41,
      0.31
    ]
  },
  {
    "timestamp": "2025-08-31T18:11:38.644591",
    "cpu_percent": 31.8,
    "memory_percent": 65.2,
    "disk_usage_percent": 21.2,
    "network_io": {
      "bytes_sent": 38367690382,
      "bytes_recv": 37980697261,
      "packets_sent": 12269895,
      "packets_recv": 16995367
    },
    "process_count": 313,
    "uptime_seconds": 1300942.6186685562,
    "load_average": [
      0.93,
      0.41,
      0.31
    ]
  },
  {
    "timestamp": "2025-08-31T18:12:39.614598",
    "cpu_percent": 31.9,
    "memory_percent": 65.7,
    "disk_usage_percent": 21.2,
    "network_io": {
      "bytes_sent": 38386573884,
      "bytes_recv": 38162556192,
      "packets_sent": 12354732,
      "packets_recv": 17089770
    },
    "process_count": 311,
    "uptime_seconds": 1301003.5886747837,
    "load_average": [
      0.34,
      0.33,
      0.29
    ]
  },
  {
    "timestamp": "2025-08-31T18:12:39.759599",
    "cpu_percent": 34.8,
    "memory_percent": 65.9,
    "disk_usage_percent": 21.2,
    "network_io": {
      "bytes_sent": 38386681533,
      "bytes_recv": 38162558298,
      "packets_sent": 12354741,
      "packets_recv": 17089795
    },
    "process_count": 311,
    "uptime_seconds": 1301003.7336735725,
    "load_average": [
      0.34,
      0.33,
      0.29
    ]
  },
  {
    "timestamp": "2025-08-31T18:13:40.745348",
    "cpu_percent": 9.6,
    "memory_percent": 65.1,
    "disk_usage_percent": 20.9,
    "network_io": {
      "bytes_sent": 38407901788,
      "bytes_recv": 38163557793,
      "packets_sent": 12358322,
      "packets_recv": 17094978
    },
    "process_count": 310,
    "uptime_seconds": 1301064.718980074,
    "load_average": [
      2.09,
      0.96,
      0.52
    ]
  },
  {
    "timestamp": "2025-08-31T18:13:41.083679",
    "cpu_percent": 12.1,
    "memory_percent": 65.1,
    "disk_usage_percent": 20.9,
    "network_io": {
      "bytes_sent": 38407961740,
      "bytes_recv": 38163559113,
      "packets_sent": 12358358,
      "packets_recv": 17094990
    },
    "process_count": 312,
    "uptime_seconds": 1301065.0609560013,
    "load_average": [
      2.09,
      0.96,
      0.52
    ]
  },
  {
    "timestamp": "2025-08-31T18:13:58.903879",
    "cpu_percent": 44.1,
    "memory_percent": 70.9,
    "disk_usage_percent": 20.9,
    "network_io": {
      "bytes_sent": 11008842094,
      "bytes_recv": 9747863510,
      "packets_sent": 3382626,
      "packets_recv": 4602425
    },
    "process_count": 333,
    "uptime_seconds": 1301083.5270717144,
    "load_average": [
      1.65,
      1.85,
      0.96
    ]
  },
  {
    "timestamp": "2025-08-31T18:14:00.036880",
    "cpu_percent": 40.1,
    "memory_percent": 70.7,
    "disk_usage_percent": 20.9,
    "network_io": {
      "bytes_sent": 11008896103,
      "bytes_recv": 9748007727,
      "packets_sent": 3382751,
      "packets_recv": 4602534
    },
    "process_count": 333,
    "uptime_seconds": 1301084.656075716,
    "load_average": [
      1.65,
      1.85,
      0.96
    ]
  },
  {
    "timestamp": "2025-08-31T18:14:41.858175",
    "cpu_percent": 37.7,
    "memory_percent": 66.3,
    "disk_usage_percent": 20.9,
    "network_io": {
      "bytes_sent": 38413519609,
      "bytes_recv": 38179393904,
      "packets_sent": 12363812,
      "packets_recv": 17102706
    },
    "process_count": 326,
    "uptime_seconds": 1301125.834253788,
    "load_average": [
      1.0,
      0.87,
      0.52
    ]
  },
  {
    "timestamp": "2025-08-31T18:14:42.229180",
    "cpu_percent": 36.7,
    "memory_percent": 66.2,
    "disk_usage_percent": 20.9,
    "network_io": {
      "bytes_sent": 38413521646,
      "bytes_recv": 38179395283,
      "packets_sent": 12363819,
      "packets_recv": 17102708
    },
    "process_count": 325,
    "uptime_seconds": 1301126.2032506466,
    "load_average": [
      1.0,
      0.87,
      0.52
    ]
  },
  {
    "timestamp": "2025-08-31T18:15:43.072164",
    "cpu_percent": 49.2,
    "memory_percent": 66.1,
    "disk_usage_percent": 20.9,
    "network_io": {
      "bytes_sent": 38413763638,
      "bytes_recv": 38180192634,
      "packets_sent": 12364761,
      "packets_recv": 17103463
    },
    "process_count": 319,
    "uptime_seconds": 1301187.046235323,
    "load_average": [
      1.07,
      1.01,
      0.6
    ]
  },
  {
    "timestamp": "2025-08-31T18:15:43.352159",
    "cpu_percent": 44.6,
    "memory_percent": 66.1,
    "disk_usage_percent": 20.9,
    "network_io": {
      "bytes_sent": 38413763770,
      "bytes_recv": 38180192700,
      "packets_sent": 12364763,
      "packets_recv": 17103464
    },
    "process_count": 319,
    "uptime_seconds": 1301187.3282370567,
    "load_average": [
      1.07,
      1.01,
      0.6
    ]
  },
  {
    "timestamp": "2025-08-31T18:16:44.258641",
    "cpu_percent": 100.0,
    "memory_percent": 67.1,
    "disk_usage_percent": 20.9,
    "network_io": {
      "bytes_sent": 38414847749,
      "bytes_recv": 38181721689,
      "packets_sent": 12366209,
      "packets_recv": 17105328
    },
    "process_count": 314,
    "uptime_seconds": 1301248.2607133389,
    "load_average": [
      9.89,
      3.13,
      1.36
    ]
  },
  {
    "timestamp": "2025-08-31T18:16:44.504638",
    "cpu_percent": 100.0,
    "memory_percent": 67.3,
    "disk_usage_percent": 20.9,
    "network_io": {
      "bytes_sent": 38414848821,
      "bytes_recv": 38181722106,
      "packets_sent": 12366215,
      "packets_recv": 17105333
    },
    "process_count": 314,
    "uptime_seconds": 1301248.4907135963,
    "load_average": [
      9.89,
      3.13,
      1.36
    ]
  },
  {
    "timestamp": "2025-08-31T18:17:45.451974",
    "cpu_percent": 72.8,
    "memory_percent": 66.1,
    "disk_usage_percent": 20.9,
    "network_io": {
      "bytes_sent": 38417159249,
      "bytes_recv": 38182492268,
      "packets_sent": 12368290,
      "packets_recv": 17107278
    },
    "process_count": 308,
    "uptime_seconds": 1301309.4990570545,
    "load_average": [
      7.93,
      4.16,
      1.86
    ]
  },
  {
    "timestamp": "2025-08-31T18:17:45.710971",
    "cpu_percent": 79.2,
    "memory_percent": 65.8,
    "disk_usage_percent": 20.9,
    "network_io": {
      "bytes_sent": 38417172997,
      "bytes_recv": 38182493256,
      "packets_sent": 12368294,
      "packets_recv": 17107282
    },
    "process_count": 310,
    "uptime_seconds": 1301309.695050478,
    "load_average": [
      7.93,
      4.16,
      1.86
    ]
  },
  {
    "timestamp": "2025-08-31T18:18:46.693224",
    "cpu_percent": 12.1,
    "memory_percent": 65.9,
    "disk_usage_percent": 20.9,
    "network_io": {
      "bytes_sent": 38420037987,
      "bytes_recv": 38182978120,
      "packets_sent": 12369747,
      "packets_recv": 17109319
    },
    "process_count": 307,
    "uptime_seconds": 1301370.6669800282,
    "load_average": [
      3.19,
      3.49,
      1.77
    ]
  },
  {
    "timestamp": "2025-08-31T18:18:46.897239",
    "cpu_percent": 12.3,
    "memory_percent": 65.9,
    "disk_usage_percent": 20.9,
    "network_io": {
      "bytes_sent": 38420038095,
      "bytes_recv": 38182979166,
      "packets_sent": 12369749,
      "packets_recv": 17109324
    },
    "process_count": 307,
    "uptime_seconds": 1301370.8710289001,
    "load_average": [
      3.19,
      3.49,
      1.77
    ]
  },
  {
    "timestamp": "2025-08-31T18:19:00.056258",
    "cpu_percent": 43.9,
    "memory_percent": 65.9,
    "disk_usage_percent": 20.9,
    "network_io": {
      "bytes_sent": 11016875961,
      "bytes_recv": 9753597038,
      "packets_sent": 3390559,
      "packets_recv": 4610960
    },
    "process_count": 307,
    "uptime_seconds": 1301384.6734473705,
    "load_average": [
      1.0,
      1.97,
      1.3
    ]
  },
  {
    "timestamp": "2025-08-31T18:19:01.201273",
    "cpu_percent": 19.3,
    "memory_percent": 65.9,
    "disk_usage_percent": 20.9,
    "network_io": {
      "bytes_sent": 11016877626,
      "bytes_recv": 9753597907,
      "packets_sent": 3390566,
      "packets_recv": 4610974
    },
    "process_count": 307,
    "uptime_seconds": 1301385.8181521893,
    "load_average": [
      0.92,
      1.94,
      1.29
    ]
  },
  {
    "timestamp": "2025-08-31T18:19:47.812223",
    "cpu_percent": 49.2,
    "memory_percent": 66.5,
    "disk_usage_percent": 20.9,
    "network_io": {
      "bytes_sent": 38421734900,
      "bytes_recv": 38183257542,
      "packets_sent": 12370853,
      "packets_recv": 17111061
    },
    "process_count": 306,
    "uptime_seconds": 1301431.8896291256,
    "load_average": [
      1.08,
      2.81,
      1.65
    ]
  },
  {
    "timestamp": "2025-08-31T18:19:48.056224",
    "cpu_percent": 38.2,
    "memory_percent": 66.5,
    "disk_usage_percent": 20.9,
    "network_io": {
      "bytes_sent": 38421755184,
      "bytes_recv": 38183258492,
      "packets_sent": 12370866,
      "packets_recv": 17111068
    },
    "process_count": 306,
    "uptime_seconds": 1301432.048649311,
    "load_average": [
      1.08,
      2.81,
      1.65
    ]
  },
  {
    "timestamp": "2025-08-31T18:20:49.031909",
    "cpu_percent": 23.0,
    "memory_percent": 68.7,
    "disk_usage_percent": 20.9,
    "network_io": {
      "bytes_sent": 38422198963,
      "bytes_recv": 38183474279,
      "packets_sent": 12372178,
      "packets_recv": 17111941
    },
    "process_count": 307,
    "uptime_seconds": 1301493.0910055637,
    "load_average": [
      0.4,
      2.3,
      1.54
    ]
  },
  {
    "timestamp": "2025-08-31T18:20:49.640961",
    "cpu_percent": 30.2,
    "memory_percent": 68.7,
    "disk_usage_percent": 20.9,
    "network_io": {
      "bytes_sent": 38422199470,
      "bytes_recv": 38183474825,
      "packets_sent": 12372185,
      "packets_recv": 17111945
    },
    "process_count": 309,
    "uptime_seconds": 1301493.6180086136,
    "load_average": [
      0.4,
      2.3,
      1.54
    ]
  },
  {
    "timestamp": "2025-08-31T18:21:50.270429",
    "cpu_percent": 24.5,
    "memory_percent": 67.5,
    "disk_usage_percent": 20.9,
    "network_io": {
      "bytes_sent": 38422387987,
      "bytes_recv": 38183874377,
      "packets_sent": 12373211,
      "packets_recv": 17112867
    },
    "process_count": 310,
    "uptime_seconds": 1301554.2453393936,
    "load_average": [
      2.52,
      2.62,
      1.7
    ]
  },
  {
    "timestamp": "2025-08-31T18:21:50.828433",
    "cpu_percent": 26.5,
    "memory_percent": 67.6,
    "disk_usage_percent": 20.9,
    "network_io": {
      "bytes_sent": 38422388041,
      "bytes_recv": 38183874554,
      "packets_sent": 12373212,
      "packets_recv": 17112869
    },
    "process_count": 310,
    "uptime_seconds": 1301554.8023376465,
    "load_average": [
      2.52,
      2.62,
      1.7
    ]
  },
  {
    "timestamp": "2025-08-31T18:22:51.392445",
    "cpu_percent": 42.4,
    "memory_percent": 67.9,
    "disk_usage_percent": 20.9,
    "network_io": {
      "bytes_sent": 38430056680,
      "bytes_recv": 38184250611,
      "packets_sent": 12374425,
      "packets_recv": 17116299
    },
    "process_count": 308,
    "uptime_seconds": 1301615.3695282936,
    "load_average": [
      3.29,
      3.09,
      1.95
    ]
  },
  {
    "timestamp": "2025-08-31T18:22:51.971450",
    "cpu_percent": 24.8,
    "memory_percent": 67.9,
    "disk_usage_percent": 20.9,
    "network_io": {
      "bytes_sent": 38430554772,
      "bytes_recv": 38184264237,
      "packets_sent": 12374457,
      "packets_recv": 17116476
    },
    "process_count": 308,
    "uptime_seconds": 1301615.948060751,
    "load_average": [
      3.29,
      3.09,
      1.95
    ]
  },
  {
    "timestamp": "2025-08-31T18:23:52.516433",
    "cpu_percent": 22.4,
    "memory_percent": 67.9,
    "disk_usage_percent": 20.9,
    "network_io": {
      "bytes_sent": 38462314986,
      "bytes_recv": 38185593456,
      "packets_sent": 12381097,
      "packets_recv": 17131195
    },
    "process_count": 308,
    "uptime_seconds": 1301676.4908037186,
    "load_average": [
      1.21,
      2.53,
      1.82
    ]
  },
  {
    "timestamp": "2025-08-31T18:23:53.096389",
    "cpu_percent": 32.4,
    "memory_percent": 68.0,
    "disk_usage_percent": 20.9,
    "network_io": {
      "bytes_sent": 38462650986,
      "bytes_recv": 38185609582,
      "packets_sent": 12381132,
      "packets_recv": 17131330
    },
    "process_count": 310,
    "uptime_seconds": 1301677.0707843304,
    "load_average": [
      1.21,
      2.53,
      1.82
    ]
  },
  {
    "timestamp": "2025-08-31T18:24:01.178568",
    "cpu_percent": 39.4,
    "memory_percent": 67.8,
    "disk_usage_percent": 20.9,
    "network_io": {
      "bytes_sent": 11060883282,
      "bytes_recv": 9756230662,
      "packets_sent": 3402146,
      "packets_recv": 4633482
    },
    "process_count": 308,
    "uptime_seconds": 1301685.7957651615,
    "load_average": [
      0.03,
      0.83,
      0.99
    ]
  },
  {
    "timestamp": "2025-08-31T18:24:02.318572",
    "cpu_percent": 17.9,
    "memory_percent": 67.9,
    "disk_usage_percent": 20.9,
    "network_io": {
      "bytes_sent": 11061083483,
      "bytes_recv": 9756242175,
      "packets_sent": 3402245,
      "packets_recv": 4633602
    },
    "process_count": 308,
    "uptime_seconds": 1301686.9426941872,
    "load_average": [
      0.03,
      0.81,
      0.98
    ]
  },
  {
    "timestamp": "2025-08-31T18:24:53.644604",
    "cpu_percent": 16.0,
    "memory_percent": 67.5,
    "disk_usage_percent": 20.9,
    "network_io": {
      "bytes_sent": 38481175860,
      "bytes_recv": 38186370846,
      "packets_sent": 12384783,
      "packets_recv": 17139595
    },
    "process_count": 309,
    "uptime_seconds": 1301737.618936777,
    "load_average": [
      0.44,
      2.05,
      1.7
    ]
  },
  {
    "timestamp": "2025-08-31T18:24:54.229165",
    "cpu_percent": 28.4,
    "memory_percent": 67.3,
    "disk_usage_percent": 20.9,
    "network_io": {
      "bytes_sent": 38481420591,
      "bytes_recv": 38186377025,
      "packets_sent": 12384810,
      "packets_recv": 17139675
    },
    "process_count": 307,
    "uptime_seconds": 1301738.2049338818,
    "load_average": [
      0.44,
      2.05,
      1.7
    ]
  },
  {
    "timestamp": "2025-08-31T18:25:54.794054",
    "cpu_percent": 31.1,
    "memory_percent": 66.6,
    "disk_usage_percent": 20.9,
    "network_io": {
      "bytes_sent": 38516974332,
      "bytes_recv": 38193917200,
      "packets_sent": 12389763,
      "packets_recv": 17150997
    },
    "process_count": 304,
    "uptime_seconds": 1301798.7684407234,
    "load_average": [
      0.36,
      1.74,
      1.61
    ]
  },
  {
    "timestamp": "2025-08-31T18:25:55.378361",
    "cpu_percent": 29.2,
    "memory_percent": 66.6,
    "disk_usage_percent": 20.9,
    "network_io": {
      "bytes_sent": 38517866197,
      "bytes_recv": 38193929112,
      "packets_sent": 12389846,
      "packets_recv": 17151145
    },
    "process_count": 306,
    "uptime_seconds": 1301799.3574376106,
    "load_average": [
      0.36,
      1.74,
      1.61
    ]
  },
  {
    "timestamp": "2025-08-31T18:26:55.942861",
    "cpu_percent": 34.7,
    "memory_percent": 67.0,
    "disk_usage_percent": 20.9,
    "network_io": {
      "bytes_sent": 38673252140,
      "bytes_recv": 38196547323,
      "packets_sent": 12397863,
      "packets_recv": 17175104
    },
    "process_count": 308,
    "uptime_seconds": 1301859.9259340763,
    "load_average": [
      0.35,
      1.47,
      1.53
    ]
  },
  {
    "timestamp": "2025-08-31T18:26:56.583860",
    "cpu_percent": 41.0,
    "memory_percent": 66.9,
    "disk_usage_percent": 20.9,
    "network_io": {
      "bytes_sent": 38675018815,
      "bytes_recv": 38196622173,
      "packets_sent": 12397966,
      "packets_recv": 17175380
    },
    "process_count": 306,
    "uptime_seconds": 1301860.5589344501,
    "load_average": [
      0.35,
      1.47,
      1.53
    ]
  },
  {
    "timestamp": "2025-08-31T18:27:08.319288",
    "cpu_percent": 32.4,
    "memory_percent": 67.3,
    "disk_usage_percent": 20.9,
    "network_io": {
      "bytes_sent": 339076463,
      "bytes_recv": 260086049,
      "packets_sent": 163289,
      "packets_recv": 201926
    },
    "process_count": 306,
    "uptime_seconds": 1301873.0000002384,
    "load_average": [
      0.0,
      0.0,
      0.0
    ]
  },
  {
    "timestamp": "2025-08-31T18:27:12.103297",
    "cpu_percent": 36.4,
    "memory_percent": 67.2,
    "disk_usage_percent": 20.9,
    "network_io": {
      "bytes_sent": 340846581,
      "bytes_recv": 260140078,
      "packets_sent": 163551,
      "packets_recv": 202372
    },
    "process_count": 306,
    "uptime_seconds": 1301876.7789998055,
    "load_average": [
      0.0,
      0.0,
      0.0
    ]
  },
  {
    "timestamp": "2025-08-31T18:27:34.121349",
    "cpu_percent": 36.4,
    "memory_percent": 67.4,
    "disk_usage_percent": 20.9,
    "network_io": {
      "bytes_sent": 385001322,
      "bytes_recv": 260839432,
      "packets_sent": 165650,
      "packets_recv": 207752
    },
    "process_count": 308,
    "uptime_seconds": 1301899.0000002384,
    "load_average": [
      0.0,
      0.0,
      0.0
    ]
  },
  {
    "timestamp": "2025-08-31T18:27:34.868345",
    "cpu_percent": 32.1,
    "memory_percent": 67.4,
    "disk_usage_percent": 20.9,
    "network_io": {
      "bytes_sent": 386541647,
      "bytes_recv": 260855095,
      "packets_sent": 165721,
      "packets_recv": 207876
    },
    "process_count": 306,
    "uptime_seconds": 1301899.7449979782,
    "load_average": [
      0.0,
      0.0,
      0.0
    ]
  },
  {
    "timestamp": "2025-08-31T18:27:57.801182",
    "cpu_percent": 55.9,
    "memory_percent": 67.4,
    "disk_usage_percent": 20.9,
    "network_io": {
      "bytes_sent": 426922047,
      "bytes_recv": 261245896,
      "packets_sent": 167433,
      "packets_recv": 211897
    },
    "process_count": 304,
    "uptime_seconds": 1301922.0000002384,
    "load_average": [
      0.0,
      0.0,
      0.0
    ]
  },
  {
    "timestamp": "2025-08-31T18:27:58.788205",
    "cpu_percent": 51.8,
    "memory_percent": 67.4,
    "disk_usage_percent": 20.9,
    "network_io": {
      "bytes_sent": 429529110,
      "bytes_recv": 261274701,
      "packets_sent": 167547,
      "packets_recv": 212125
    },
    "process_count": 304,
    "uptime_seconds": 1301922.9609823227,
    "load_average": [
      0.0,
      0.0,
      0.0
    ]
  }
]