{
  "scan_id": "307ddf89-a65a-48cc-a904-34ee9da6c7e3",
  "timestamp": "2025-08-14T04:38:48.081263",
  "total_files": 1,
  "prompts": [
    {
      "file_path": "c:\\Users\\91770\\Downloads\\test_files\\high_risk_test.py",
      "file_name": "high_risk_test.py",
      "prompt_file": "uploaded_projects\\307ddf89-a65a-48cc-a904-34ee9da6c7e3\\vscode_prompts\\high_risk_test_prompt.txt",
      "original_file": "uploaded_projects\\307ddf89-a65a-48cc-a904-34ee9da6c7e3\\vscode_prompts\\high_risk_test_original.py",
      "source_file_path": "c:\\Users\\91770\\Downloads\\test_files\\high_risk_test.py",
      "security_issues": [
        {
          "type": "security_vulnerability",
          "description": "Dangerous system call",
          "line": 9,
          "code": "os.system(",
          "severity": "HIGH"
        },
        {
          "type": "security_vulnerability",
          "description": "Code execution vulnerability",
          "line": 12,
          "code": "exec(",
          "severity": "HIGH"
        },
        {
          "type": "security_vulnerability",
          "description": "Dynamic import vulnerability",
          "line": 12,
          "code": "__import__(",
          "severity": "HIGH"
        },
        {
          "type": "security_vulnerability",
          "description": "Destructive file operation",
          "line": 12,
          "code": "rm -rf",
          "severity": "HIGH"
        }
      ],
      "status": "pending",
      "markdown_file": ".github\\prompts\\307ddf89-a65a-48cc-a904-34ee9da6c7e3.prompt.md"
    }
  ]
}