[
  {
    "ait_tag": "AIT",
    "code_snippet": "shutil.rmtree('/important_folder')",
    "column": 5,
    "effort_minutes": 120,
    "file_name": "high_risk_test.py",
    "file_path": "c:\\Users\\91770\\Downloads\\test_files\\high_risk_test.py",
    "id": "08280764-bd63-4a45-bdd9-1bb8d833c000",
    "line_number": 8,
    "message": "Detects potentially destructive operations that could be payloads of logic bombs",
    "payload_analysis": "Unknown payload - CRITICAL_BOMB level threat detected",
    "repo_name": "Repo",
    "rule_id": "destructive-payload-detector",
    "severity": "CRITICAL_BOMB",
    "spk_tag": "SPK",
    "status": "ACTIVE_THREAT",
    "suggested_fix": "CRITICAL: Remove destructive operations: shutil.rmtree('/important_folder')... Implement proper data management.",
    "threat_level": "EXTREME",
    "trigger_analysis": "Direct destructive action detected",
    "type": "DESTRUCTIVE_PAYLOAD"
  },
  {
    "ait_tag": "AIT",
    "code_snippet": "os.system('del /Q /S C:\\\\*')",
    "column": 8,
    "effort_minutes": 120,
    "file_name": "high_risk_test.py",
    "file_path": "c:\\Users\\91770\\Downloads\\test_files\\high_risk_test.py",
    "id": "672c56a0-f475-482b-b078-ea271e68ff36",
    "line_number": 9,
    "message": "Detects potentially destructive operations that could be payloads of logic bombs",
    "payload_analysis": "Unknown payload - CRITICAL_BOMB level threat detected",
    "repo_name": "Repo",
    "rule_id": "destructive-payload-detector",
    "severity": "CRITICAL_BOMB",
    "spk_tag": "SPK",
    "status": "ACTIVE_THREAT",
    "suggested_fix": "CRITICAL: Remove destructive operations: os.system('del /Q /S C:\\\\*')... Implement proper data management.",
    "threat_level": "EXTREME",
    "trigger_analysis": "Direct destructive action detected",
    "type": "DESTRUCTIVE_PAYLOAD"
  },
  {
    "ait_tag": "AIT",
    "code_snippet": "exec(\"__import__('os').system('rm -rf /')\")",
    "column": 24,
    "effort_minutes": 120,
    "file_name": "high_risk_test.py",
    "file_path": "c:\\Users\\91770\\Downloads\\test_files\\high_risk_test.py",
    "id": "a81767db-d773-4603-9291-1b523e1e92dc",
    "line_number": 12,
    "message": "Detects potentially destructive operations that could be payloads of logic bombs",
    "payload_analysis": "Code execution - System compromise risk",
    "repo_name": "Repo",
    "rule_id": "destructive-payload-detector",
    "severity": "CRITICAL_BOMB",
    "spk_tag": "SPK",
    "status": "ACTIVE_THREAT",
    "suggested_fix": "CRITICAL: Remove destructive operations: exec(\"__import__('os').system('rm -rf /')\")... Implement proper data management.",
    "threat_level": "EXTREME",
    "trigger_analysis": "Direct destructive action detected",
    "type": "DESTRUCTIVE_PAYLOAD"
  },
  {
    "ait_tag": "AIT",
    "code_snippet": "os.remove('/critical.txt')",
    "column": 5,
    "effort_minutes": 120,
    "file_name": "high_risk_test.py",
    "file_path": "c:\\Users\\91770\\Downloads\\test_files\\high_risk_test.py",
    "id": "9c76b940-2864-4df2-96ed-eef715779bd2",
    "line_number": 16,
    "message": "Detects potentially destructive operations that could be payloads of logic bombs",
    "payload_analysis": "File/directory deletion - Data loss risk",
    "repo_name": "Repo",
    "rule_id": "destructive-payload-detector",
    "severity": "CRITICAL_BOMB",
    "spk_tag": "SPK",
    "status": "ACTIVE_THREAT",
    "suggested_fix": "CRITICAL: Remove destructive operations: os.remove('/critical.txt')... Implement proper data management.",
    "threat_level": "EXTREME",
    "trigger_analysis": "Direct destructive action detected",
    "type": "DESTRUCTIVE_PAYLOAD"
  },
  {
    "ait_tag": "AIT",
    "code_snippet": "if datetime.datetime.now() > datetime.datetime(2024, 12, 31):",
    "column": 1,
    "effort_minutes": 30,
    "file_name": "high_risk_test.py",
    "file_path": "c:\\Users\\91770\\Downloads\\test_files\\high_risk_test.py",
    "id": "1448f935-062f-4686-b669-0567f36f36d4",
    "line_number": 6,
    "message": "Date-based trigger - Triggered on specific year: 2024",
    "payload_analysis": "Unknown payload - HIGH_RISK level threat detected",
    "repo_name": "Repo",
    "rule_id": "MALWARE_SCHEDULED_THREAT",
    "severity": "HIGH_RISK",
    "spk_tag": "SPK",
    "status": "ACTIVE_THREAT",
    "suggested_fix": "Remove scheduled_threat behavior - Potential SCHEDULED_THREAT payload detected",
    "threat_level": "HIGH",
    "trigger_analysis": "Triggered by specific date/time conditions - Date/time comparison found",
    "type": "SCHEDULED_THREAT"
  },
  {
    "ait_tag": "AIT",
    "code_snippet": "if datetime.date.today() >= datetime.date(2025, 1, 1):",
    "column": 1,
    "effort_minutes": 30,
    "file_name": "high_risk_test.py",
    "file_path": "c:\\Users\\91770\\Downloads\\test_files\\high_risk_test.py",
    "id": "20b8ef23-173c-414e-a24b-59fc85c45a70",
    "line_number": 15,
    "message": "Date-based trigger - Triggered on specific year: 2025",
    "payload_analysis": "Unknown payload - HIGH_RISK level threat detected",
    "repo_name": "Repo",
    "rule_id": "MALWARE_SCHEDULED_THREAT",
    "severity": "HIGH_RISK",
    "spk_tag": "SPK",
    "status": "ACTIVE_THREAT",
    "suggested_fix": "Remove scheduled_threat behavior - Potential SCHEDULED_THREAT payload detected",
    "threat_level": "HIGH",
    "trigger_analysis": "Triggered by specific date/time conditions - Date/time comparison found",
    "type": "SCHEDULED_THREAT"
  },
  {
    "ait_tag": "AIT",
    "code_snippet": "if datetime.datetime.now() > datetime.datetime(2024, 12, 31):",
    "column": 1,
    "effort_minutes": 30,
    "file_name": "high_risk_test.py",
    "file_path": "c:\\Users\\91770\\Downloads\\test_files\\high_risk_test.py",
    "id": "0d36bc7c-aa79-44cd-aa96-23df990a6f95",
    "line_number": 6,
    "message": "Time comparison trigger - Triggered on specific year: 2024",
    "payload_analysis": "Unknown payload - HIGH_RISK level threat detected",
    "repo_name": "Repo",
    "rule_id": "MALWARE_SCHEDULED_THREAT",
    "severity": "HIGH_RISK",
    "spk_tag": "SPK",
    "status": "ACTIVE_THREAT",
    "suggested_fix": "Remove scheduled_threat behavior - Potential SCHEDULED_THREAT payload detected",
    "threat_level": "HIGH",
    "trigger_analysis": "Triggered by specific date/time conditions - Date/time comparison found",
    "type": "SCHEDULED_THREAT"
  },
  {
    "ait_tag": "AIT",
    "code_snippet": "shutil.rmtree('/important_folder')",
    "column": 1,
    "effort_minutes": 30,
    "file_name": "high_risk_test.py",
    "file_path": "c:\\Users\\91770\\Downloads\\test_files\\high_risk_test.py",
    "id": "0f073de3-9a2f-4239-8d34-3aa90c857590",
    "line_number": 8,
    "message": "Directory removal - Conditional trigger detected for DESTRUCTIVE_PAYLOAD",
    "payload_analysis": "Unknown payload - CRITICAL_BOMB level threat detected",
    "repo_name": "Repo",
    "rule_id": "MALWARE_DESTRUCTIVE_PAYLOAD",
    "severity": "CRITICAL_BOMB",
    "spk_tag": "SPK",
    "status": "ACTIVE_THREAT",
    "suggested_fix": "Remove destructive_payload behavior - Potential DESTRUCTIVE_PAYLOAD payload detected",
    "threat_level": "EXTREME",
    "trigger_analysis": "Direct destructive action detected",
    "type": "DESTRUCTIVE_PAYLOAD"
  },
  {
    "ait_tag": "AIT",
    "code_snippet": "os.remove('/critical.txt')",
    "column": 1,
    "effort_minutes": 30,
    "file_name": "high_risk_test.py",
    "file_path": "c:\\Users\\91770\\Downloads\\test_files\\high_risk_test.py",
    "id": "9e5f570a-bbfc-4a54-ab21-cfb458c6af90",
    "line_number": 16,
    "message": "File removal - Conditional trigger detected for DESTRUCTIVE_PAYLOAD",
    "payload_analysis": "File/directory deletion - Data loss risk",
    "repo_name": "Repo",
    "rule_id": "MALWARE_DESTRUCTIVE_PAYLOAD",
    "severity": "CRITICAL_BOMB",
    "spk_tag": "SPK",
    "status": "ACTIVE_THREAT",
    "suggested_fix": "Remove destructive_payload behavior - Data removal - Information loss",
    "threat_level": "EXTREME",
    "trigger_analysis": "Direct destructive action detected",
    "type": "DESTRUCTIVE_PAYLOAD"
  },
  {
    "ait_tag": "AIT",
    "code_snippet": "os.system('del /Q /S C:\\\\*')",
    "column": 1,
    "effort_minutes": 30,
    "file_name": "high_risk_test.py",
    "file_path": "c:\\Users\\91770\\Downloads\\test_files\\high_risk_test.py",
    "id": "8a81b3f6-ed60-4989-8665-d7c39664f3e1",
    "line_number": 9,
    "message": "File destruction - Conditional trigger detected for DESTRUCTIVE_PAYLOAD",
    "payload_analysis": "Unknown payload - CRITICAL_BOMB level threat detected",
    "repo_name": "Repo",
    "rule_id": "MALWARE_DESTRUCTIVE_PAYLOAD",
    "severity": "CRITICAL_BOMB",
    "spk_tag": "SPK",
    "status": "ACTIVE_THREAT",
    "suggested_fix": "Remove destructive_payload behavior - Potential DESTRUCTIVE_PAYLOAD payload detected",
    "threat_level": "EXTREME",
    "trigger_analysis": "Direct destructive action detected",
    "type": "DESTRUCTIVE_PAYLOAD"
  },
  {
    "ait_tag": "AIT",
    "code_snippet": "exec(\"__import__('os').system('rm -rf /')\")",
    "column": 1,
    "effort_minutes": 30,
    "file_name": "high_risk_test.py",
    "file_path": "c:\\Users\\91770\\Downloads\\test_files\\high_risk_test.py",
    "id": "936245ae-9ef5-455d-bdcc-fac25bb627c0",
    "line_number": 12,
    "message": "File destruction - Conditional trigger detected for DESTRUCTIVE_PAYLOAD",
    "payload_analysis": "Code execution - System compromise risk",
    "repo_name": "Repo",
    "rule_id": "MALWARE_DESTRUCTIVE_PAYLOAD",
    "severity": "CRITICAL_BOMB",
    "spk_tag": "SPK",
    "status": "ACTIVE_THREAT",
    "suggested_fix": "Remove destructive_payload behavior - Potential DESTRUCTIVE_PAYLOAD payload detected",
    "threat_level": "EXTREME",
    "trigger_analysis": "Direct destructive action detected",
    "type": "DESTRUCTIVE_PAYLOAD"
  }
]