{
  "scan_id": "id_1qzcz6s26",
  "timestamp": "2025-08-03T22:44:50.169980",
  "total_files": 5,
  "prompts": [
    {
      "file_path": "uploaded_projects\\id_1qzcz6s26\\original\\test_files\\comprehensive_malware_tests.py",
      "file_name": "comprehensive_malware_tests.py",
      "prompt_file": "uploaded_projects\\id_1qzcz6s26\\vscode_prompts\\comprehensive_malware_tests_prompt.txt",
      "original_file": "uploaded_projects\\id_1qzcz6s26\\vscode_prompts\\comprehensive_malware_tests_original.py",
      "source_file_path": "uploaded_projects\\id_1qzcz6s26\\original\\test_files\\comprehensive_malware_tests.py",
      "security_issues": [
        {
          "type": "security_vulnerability",
          "description": "Dangerous subprocess call",
          "line": 77,
          "code": "subprocess.call(",
          "severity": "HIGH"
        },
        {
          "type": "security_vulnerability",
          "description": "Dangerous subprocess call",
          "line": 141,
          "code": "subprocess.call(",
          "severity": "HIGH"
        },
        {
          "type": "security_vulnerability",
          "description": "Dangerous subprocess call",
          "line": 150,
          "code": "subprocess.call(",
          "severity": "HIGH"
        },
        {
          "type": "security_vulnerability",
          "description": "Dangerous subprocess call",
          "line": 234,
          "code": "subprocess.call(",
          "severity": "HIGH"
        },
        {
          "type": "security_vulnerability",
          "description": "Dangerous subprocess call",
          "line": 240,
          "code": "subprocess.call(",
          "severity": "HIGH"
        },
        {
          "type": "security_vulnerability",
          "description": "Dangerous subprocess call",
          "line": 397,
          "code": "subprocess.call(",
          "severity": "HIGH"
        },
        {
          "type": "security_vulnerability",
          "description": "Dangerous subprocess call",
          "line": 400,
          "code": "subprocess.call(",
          "severity": "HIGH"
        },
        {
          "type": "security_vulnerability",
          "description": "Dangerous subprocess call",
          "line": 403,
          "code": "subprocess.call(",
          "severity": "HIGH"
        },
        {
          "type": "security_vulnerability",
          "description": "Hardcoded credentials",
          "line": 443,
          "code": "password =",
          "severity": "HIGH"
        }
      ],
      "status": "pending",
      "markdown_file": ".github\\prompts\\id_1qzcz6s26.prompt.md"
    },
    {
      "file_path": "uploaded_projects\\id_1qzcz6s26\\original\\test_files\\financial_fraud_tests.py",
      "file_name": "financial_fraud_tests.py",
      "prompt_file": "uploaded_projects\\id_1qzcz6s26\\vscode_prompts\\financial_fraud_tests_prompt.txt",
      "original_file": "uploaded_projects\\id_1qzcz6s26\\vscode_prompts\\financial_fraud_tests_original.py",
      "source_file_path": "uploaded_projects\\id_1qzcz6s26\\original\\test_files\\financial_fraud_tests.py",
      "security_issues": [],
      "status": "pending",
      "markdown_file": ".github\\prompts\\id_1qzcz6s26.prompt.md"
    },
    {
      "file_path": "uploaded_projects\\id_1qzcz6s26\\original\\test_files\\high_risk_test.py",
      "file_name": "high_risk_test.py",
      "prompt_file": "uploaded_projects\\id_1qzcz6s26\\vscode_prompts\\high_risk_test_prompt.txt",
      "original_file": "uploaded_projects\\id_1qzcz6s26\\vscode_prompts\\high_risk_test_original.py",
      "source_file_path": "uploaded_projects\\id_1qzcz6s26\\original\\test_files\\high_risk_test.py",
      "security_issues": [
        {
          "type": "security_vulnerability",
          "description": "Dangerous system call",
          "line": 9,
          "code": "os.system(",
          "severity": "HIGH"
        },
        {
          "type": "security_vulnerability",
          "description": "Code execution vulnerability",
          "line": 12,
          "code": "exec(",
          "severity": "HIGH"
        },
        {
          "type": "security_vulnerability",
          "description": "Dynamic import vulnerability",
          "line": 12,
          "code": "__import__(",
          "severity": "HIGH"
        },
        {
          "type": "security_vulnerability",
          "description": "Destructive file operation",
          "line": 12,
          "code": "rm -rf",
          "severity": "HIGH"
        }
      ],
      "status": "pending",
      "markdown_file": ".github\\prompts\\id_1qzcz6s26.prompt.md"
    },
    {
      "file_path": "uploaded_projects\\id_1qzcz6s26\\original\\test_files\\simple_financial_fraud_test.py",
      "file_name": "simple_financial_fraud_test.py",
      "prompt_file": "uploaded_projects\\id_1qzcz6s26\\vscode_prompts\\simple_financial_fraud_test_prompt.txt",
      "original_file": "uploaded_projects\\id_1qzcz6s26\\vscode_prompts\\simple_financial_fraud_test_original.py",
      "source_file_path": "uploaded_projects\\id_1qzcz6s26\\original\\test_files\\simple_financial_fraud_test.py",
      "security_issues": [
        {
          "type": "security_vulnerability",
          "description": "Code execution vulnerability",
          "line": 54,
          "code": "exec(",
          "severity": "HIGH"
        }
      ],
      "status": "pending",
      "markdown_file": ".github\\prompts\\id_1qzcz6s26.prompt.md"
    },
    {
      "file_path": "uploaded_projects\\id_1qzcz6s26\\original\\test_files\\test_suspicious.py",
      "file_name": "test_suspicious.py",
      "prompt_file": "uploaded_projects\\id_1qzcz6s26\\vscode_prompts\\test_suspicious_prompt.txt",
      "original_file": "uploaded_projects\\id_1qzcz6s26\\vscode_prompts\\test_suspicious_original.py",
      "source_file_path": "uploaded_projects\\id_1qzcz6s26\\original\\test_files\\test_suspicious.py",
      "security_issues": [
        {
          "type": "security_vulnerability",
          "description": "Dangerous subprocess call",
          "line": 14,
          "code": "subprocess.call(",
          "severity": "HIGH"
        },
        {
          "type": "security_vulnerability",
          "description": "Dangerous system call",
          "line": 13,
          "code": "os.system(",
          "severity": "HIGH"
        },
        {
          "type": "security_vulnerability",
          "description": "Dangerous system call",
          "line": 36,
          "code": "os.system(",
          "severity": "HIGH"
        },
        {
          "type": "security_vulnerability",
          "description": "Code injection vulnerability",
          "line": 23,
          "code": "eval(",
          "severity": "HIGH"
        },
        {
          "type": "security_vulnerability",
          "description": "Code execution vulnerability",
          "line": 22,
          "code": "exec(",
          "severity": "HIGH"
        },
        {
          "type": "security_vulnerability",
          "description": "Code execution vulnerability",
          "line": 33,
          "code": "exec(",
          "severity": "HIGH"
        },
        {
          "type": "security_vulnerability",
          "description": "Dynamic import vulnerability",
          "line": 23,
          "code": "__import__(",
          "severity": "HIGH"
        },
        {
          "type": "security_vulnerability",
          "description": "Dynamic import vulnerability",
          "line": 24,
          "code": "__import__(",
          "severity": "HIGH"
        }
      ],
      "status": "pending",
      "markdown_file": ".github\\prompts\\id_1qzcz6s26.prompt.md"
    }
  ]
}