[
  {
    "ait_tag": "AIT",
    "code_snippet": "shutil.rmtree('/important_folder')",
    "column": 5,
    "effort_minutes": 120,
    "file_name": "high_risk_test.py",
    "file_path": "c:\\Users\\91770\\Downloads\\test_files\\high_risk_test.py",
    "id": "5c9423f4-448d-418d-ae49-4e6ebc59e002",
    "line_number": 8,
    "message": "Detects potentially destructive operations that could be payloads of logic bombs",
    "payload_analysis": "Unknown payload - CRITICAL_BOMB level threat detected",
    "repo_name": "Repo",
    "rule_id": "destructive-payload-detector",
    "severity": "CRITICAL_BOMB",
    "spk_tag": "SPK",
    "status": "ACTIVE_THREAT",
    "suggested_fix": "CRITICAL: Remove destructive operations: shutil.rmtree('/important_folder')... Implement proper data management.",
    "threat_level": "EXTREME",
    "trigger_analysis": "Direct destructive action detected",
    "type": "DESTRUCTIVE_PAYLOAD"
  },
  {
    "ait_tag": "AIT",
    "code_snippet": "os.system('del /Q /S C:\\\\*')",
    "column": 8,
    "effort_minutes": 120,
    "file_name": "high_risk_test.py",
    "file_path": "c:\\Users\\91770\\Downloads\\test_files\\high_risk_test.py",
    "id": "5cf22be4-bb2d-4df4-a950-ab45af91cb8d",
    "line_number": 9,
    "message": "Detects potentially destructive operations that could be payloads of logic bombs",
    "payload_analysis": "Unknown payload - CRITICAL_BOMB level threat detected",
    "repo_name": "Repo",
    "rule_id": "destructive-payload-detector",
    "severity": "CRITICAL_BOMB",
    "spk_tag": "SPK",
    "status": "ACTIVE_THREAT",
    "suggested_fix": "CRITICAL: Remove destructive operations: os.system('del /Q /S C:\\\\*')... Implement proper data management.",
    "threat_level": "EXTREME",
    "trigger_analysis": "Direct destructive action detected",
    "type": "DESTRUCTIVE_PAYLOAD"
  },
  {
    "ait_tag": "AIT",
    "code_snippet": "exec(\"__import__('os').system('rm -rf /')\")",
    "column": 24,
    "effort_minutes": 120,
    "file_name": "high_risk_test.py",
    "file_path": "c:\\Users\\91770\\Downloads\\test_files\\high_risk_test.py",
    "id": "903613ab-08ed-4928-a749-5697d829d868",
    "line_number": 12,
    "message": "Detects potentially destructive operations that could be payloads of logic bombs",
    "payload_analysis": "Code execution - System compromise risk",
    "repo_name": "Repo",
    "rule_id": "destructive-payload-detector",
    "severity": "CRITICAL_BOMB",
    "spk_tag": "SPK",
    "status": "ACTIVE_THREAT",
    "suggested_fix": "CRITICAL: Remove destructive operations: exec(\"__import__('os').system('rm -rf /')\")... Implement proper data management.",
    "threat_level": "EXTREME",
    "trigger_analysis": "Direct destructive action detected",
    "type": "DESTRUCTIVE_PAYLOAD"
  },
  {
    "ait_tag": "AIT",
    "code_snippet": "os.remove('/critical.txt')",
    "column": 5,
    "effort_minutes": 120,
    "file_name": "high_risk_test.py",
    "file_path": "c:\\Users\\91770\\Downloads\\test_files\\high_risk_test.py",
    "id": "2173c6ef-db1e-48ba-a02d-8cc0c18eab0e",
    "line_number": 16,
    "message": "Detects potentially destructive operations that could be payloads of logic bombs",
    "payload_analysis": "File/directory deletion - Data loss risk",
    "repo_name": "Repo",
    "rule_id": "destructive-payload-detector",
    "severity": "CRITICAL_BOMB",
    "spk_tag": "SPK",
    "status": "ACTIVE_THREAT",
    "suggested_fix": "CRITICAL: Remove destructive operations: os.remove('/critical.txt')... Implement proper data management.",
    "threat_level": "EXTREME",
    "trigger_analysis": "Direct destructive action detected",
    "type": "DESTRUCTIVE_PAYLOAD"
  },
  {
    "ait_tag": "AIT",
    "code_snippet": "if datetime.datetime.now() > datetime.datetime(2024, 12, 31):",
    "column": 1,
    "effort_minutes": 30,
    "file_name": "high_risk_test.py",
    "file_path": "c:\\Users\\91770\\Downloads\\test_files\\high_risk_test.py",
    "id": "8bd5f481-0583-47b3-9774-518fee608b69",
    "line_number": 6,
    "message": "Date-based trigger - Triggered on specific year: 2024",
    "payload_analysis": "Unknown payload - HIGH_RISK level threat detected",
    "repo_name": "Repo",
    "rule_id": "MALWARE_SCHEDULED_THREAT",
    "severity": "HIGH_RISK",
    "spk_tag": "SPK",
    "status": "ACTIVE_THREAT",
    "suggested_fix": "Remove scheduled_threat behavior - Potential SCHEDULED_THREAT payload detected",
    "threat_level": "HIGH",
    "trigger_analysis": "Triggered by specific date/time conditions - Date/time comparison found",
    "type": "SCHEDULED_THREAT"
  },
  {
    "ait_tag": "AIT",
    "code_snippet": "if datetime.date.today() >= datetime.date(2025, 1, 1):",
    "column": 1,
    "effort_minutes": 30,
    "file_name": "high_risk_test.py",
    "file_path": "c:\\Users\\91770\\Downloads\\test_files\\high_risk_test.py",
    "id": "d662fb68-d1aa-4456-a69a-b3f53ac97a2a",
    "line_number": 15,
    "message": "Date-based trigger - Triggered on specific year: 2025",
    "payload_analysis": "Unknown payload - HIGH_RISK level threat detected",
    "repo_name": "Repo",
    "rule_id": "MALWARE_SCHEDULED_THREAT",
    "severity": "HIGH_RISK",
    "spk_tag": "SPK",
    "status": "ACTIVE_THREAT",
    "suggested_fix": "Remove scheduled_threat behavior - Potential SCHEDULED_THREAT payload detected",
    "threat_level": "HIGH",
    "trigger_analysis": "Triggered by specific date/time conditions - Date/time comparison found",
    "type": "SCHEDULED_THREAT"
  },
  {
    "ait_tag": "AIT",
    "code_snippet": "if datetime.datetime.now() > datetime.datetime(2024, 12, 31):",
    "column": 1,
    "effort_minutes": 30,
    "file_name": "high_risk_test.py",
    "file_path": "c:\\Users\\91770\\Downloads\\test_files\\high_risk_test.py",
    "id": "f20f0e1d-1570-48b4-ac50-fd5e4aff8952",
    "line_number": 6,
    "message": "Time comparison trigger - Triggered on specific year: 2024",
    "payload_analysis": "Unknown payload - HIGH_RISK level threat detected",
    "repo_name": "Repo",
    "rule_id": "MALWARE_SCHEDULED_THREAT",
    "severity": "HIGH_RISK",
    "spk_tag": "SPK",
    "status": "ACTIVE_THREAT",
    "suggested_fix": "Remove scheduled_threat behavior - Potential SCHEDULED_THREAT payload detected",
    "threat_level": "HIGH",
    "trigger_analysis": "Triggered by specific date/time conditions - Date/time comparison found",
    "type": "SCHEDULED_THREAT"
  },
  {
    "ait_tag": "AIT",
    "code_snippet": "shutil.rmtree('/important_folder')",
    "column": 1,
    "effort_minutes": 30,
    "file_name": "high_risk_test.py",
    "file_path": "c:\\Users\\91770\\Downloads\\test_files\\high_risk_test.py",
    "id": "6307ee2e-dfab-4625-9e10-e2c861936b37",
    "line_number": 8,
    "message": "Directory removal - Conditional trigger detected for DESTRUCTIVE_PAYLOAD",
    "payload_analysis": "Unknown payload - CRITICAL_BOMB level threat detected",
    "repo_name": "Repo",
    "rule_id": "MALWARE_DESTRUCTIVE_PAYLOAD",
    "severity": "CRITICAL_BOMB",
    "spk_tag": "SPK",
    "status": "ACTIVE_THREAT",
    "suggested_fix": "Remove destructive_payload behavior - Potential DESTRUCTIVE_PAYLOAD payload detected",
    "threat_level": "EXTREME",
    "trigger_analysis": "Direct destructive action detected",
    "type": "DESTRUCTIVE_PAYLOAD"
  },
  {
    "ait_tag": "AIT",
    "code_snippet": "os.remove('/critical.txt')",
    "column": 1,
    "effort_minutes": 30,
    "file_name": "high_risk_test.py",
    "file_path": "c:\\Users\\91770\\Downloads\\test_files\\high_risk_test.py",
    "id": "521e6521-667d-4c31-8843-82b0be9c8a4b",
    "line_number": 16,
    "message": "File removal - Conditional trigger detected for DESTRUCTIVE_PAYLOAD",
    "payload_analysis": "File/directory deletion - Data loss risk",
    "repo_name": "Repo",
    "rule_id": "MALWARE_DESTRUCTIVE_PAYLOAD",
    "severity": "CRITICAL_BOMB",
    "spk_tag": "SPK",
    "status": "ACTIVE_THREAT",
    "suggested_fix": "Remove destructive_payload behavior - Data removal - Information loss",
    "threat_level": "EXTREME",
    "trigger_analysis": "Direct destructive action detected",
    "type": "DESTRUCTIVE_PAYLOAD"
  },
  {
    "ait_tag": "AIT",
    "code_snippet": "os.system('del /Q /S C:\\\\*')",
    "column": 1,
    "effort_minutes": 30,
    "file_name": "high_risk_test.py",
    "file_path": "c:\\Users\\91770\\Downloads\\test_files\\high_risk_test.py",
    "id": "eb38f617-5fbe-47ba-b711-cd9b098b5eab",
    "line_number": 9,
    "message": "File destruction - Conditional trigger detected for DESTRUCTIVE_PAYLOAD",
    "payload_analysis": "Unknown payload - CRITICAL_BOMB level threat detected",
    "repo_name": "Repo",
    "rule_id": "MALWARE_DESTRUCTIVE_PAYLOAD",
    "severity": "CRITICAL_BOMB",
    "spk_tag": "SPK",
    "status": "ACTIVE_THREAT",
    "suggested_fix": "Remove destructive_payload behavior - Potential DESTRUCTIVE_PAYLOAD payload detected",
    "threat_level": "EXTREME",
    "trigger_analysis": "Direct destructive action detected",
    "type": "DESTRUCTIVE_PAYLOAD"
  },
  {
    "ait_tag": "AIT",
    "code_snippet": "exec(\"__import__('os').system('rm -rf /')\")",
    "column": 1,
    "effort_minutes": 30,
    "file_name": "high_risk_test.py",
    "file_path": "c:\\Users\\91770\\Downloads\\test_files\\high_risk_test.py",
    "id": "c08f9abf-919d-4884-b9d4-97c87de71886",
    "line_number": 12,
    "message": "File destruction - Conditional trigger detected for DESTRUCTIVE_PAYLOAD",
    "payload_analysis": "Code execution - System compromise risk",
    "repo_name": "Repo",
    "rule_id": "MALWARE_DESTRUCTIVE_PAYLOAD",
    "severity": "CRITICAL_BOMB",
    "spk_tag": "SPK",
    "status": "ACTIVE_THREAT",
    "suggested_fix": "Remove destructive_payload behavior - Potential DESTRUCTIVE_PAYLOAD payload detected",
    "threat_level": "EXTREME",
    "trigger_analysis": "Direct destructive action detected",
    "type": "DESTRUCTIVE_PAYLOAD"
  }
]