{
  "scan_id": "2bf1dcd7-4b05-42a0-aef5-a5dd0535d482",
  "timestamp": "2025-08-07T13:08:39.311564",
  "total_files": 1,
  "prompts": [
    {
      "file_path": "d:\\CodeKata\\chat-ui\\app.py",
      "file_name": "app.py",
      "prompt_file": "uploaded_projects\\2bf1dcd7-4b05-42a0-aef5-a5dd0535d482\\vscode_prompts\\app_prompt.txt",
      "original_file": "uploaded_projects\\2bf1dcd7-4b05-42a0-aef5-a5dd0535d482\\vscode_prompts\\app_original.py",
      "source_file_path": "d:\\CodeKata\\chat-ui\\app.py",
      "security_issues": [
        {
          "type": "security_vulnerability",
          "description": "Hardcoded credentials",
          "line": 28,
          "code": "PASSWORD =",
          "severity": "HIGH"
        }
      ],
      "status": "pending",
      "markdown_file": ".github\\prompts\\2bf1dcd7-4b05-42a0-aef5-a5dd0535d482.prompt.md"
    }
  ]
}