[
  {
    "id": "cicd-001",
    "pipeline_name": "Production Deployment",
    "status": "success",
    "last_run": "2024-01-15T10:30:00Z",
    "threats_found": 0,
    "security_score": 95,
    "environment": "production",
    "build_number": "2024.1.15.1",
    "commit_hash": "abc123def456",
    "branch": "main",
    "duration_minutes": 12,
    "team": "DevOps",
    "security_gate": "passed"
  },
  {
    "id": "cicd-002",
    "pipeline_name": "Staging Build",
    "status": "warning",
    "last_run": "2024-01-15T09:15:00Z",
    "threats_found": 2,
    "security_score": 78,
    "environment": "staging",
    "build_number": "2024.1.15.2",
    "commit_hash": "def456ghi789",
    "branch": "develop",
    "duration_minutes": 8,
    "team": "QA",
    "security_gate": "warning"
  },
  {
    "id": "cicd-003",
    "pipeline_name": "Development Branch",
    "status": "error",
    "last_run": "2024-01-15T08:45:00Z",
    "threats_found": 5,
    "security_score": 45,
    "environment": "development",
    "build_number": "2024.1.15.3",
    "commit_hash": "ghi789jkl012",
    "branch": "feature/security-fixes",
    "duration_minutes": 15,
    "team": "Development",
    "security_gate": "failed"
  },
  {
    "id": "cicd-004",
    "pipeline_name": "Security Testing",
    "status": "success",
    "last_run": "2024-01-15T07:30:00Z",
    "threats_found": 0,
    "security_score": 98,
    "environment": "testing",
    "build_number": "2024.1.15.4",
    "commit_hash": "jkl012mno345",
    "branch": "security-test",
    "duration_minutes": 20,
    "team": "Security",
    "security_gate": "passed"
  },
  {
    "id": "cicd-005",
    "pipeline_name": "Integration Tests",
    "status": "warning",
    "last_run": "2024-01-15T06:15:00Z",
    "threats_found": 1,
    "security_score": 82,
    "environment": "integration",
    "build_number": "2024.1.15.5",
    "commit_hash": "mno345pqr678",
    "branch": "integration",
    "duration_minutes": 18,
    "team": "QA",
    "security_gate": "warning"
  },
  {
    "id": "cicd-006",
    "pipeline_name": "Mobile App Build",
    "status": "success",
    "last_run": "2024-01-15T05:45:00Z",
    "threats_found": 0,
    "security_score": 92,
    "environment": "mobile",
    "build_number": "2024.1.15.6",
    "commit_hash": "pqr678stu901",
    "branch": "mobile/main",
    "duration_minutes": 25,
    "team": "Mobile",
    "security_gate": "passed"
  },
  {
    "id": "cicd-007",
    "pipeline_name": "API Gateway",
    "status": "error",
    "last_run": "2024-01-15T04:30:00Z",
    "threats_found": 3,
    "security_score": 35,
    "environment": "api",
    "build_number": "2024.1.15.7",
    "commit_hash": "stu901vwx234",
    "branch": "api/development",
    "duration_minutes": 10,
    "team": "Backend",
    "security_gate": "failed"
  },
  {
    "id": "cicd-008",
    "pipeline_name": "Frontend Build",
    "status": "success",
    "last_run": "2024-01-15T03:15:00Z",
    "threats_found": 0,
    "security_score": 88,
    "environment": "frontend",
    "build_number": "2024.1.15.8",
    "commit_hash": "vwx234yza567",
    "branch": "frontend/main",
    "duration_minutes": 6,
    "team": "Frontend",
    "security_gate": "passed"
  }
]
