[
  {
    "id": "b6f827aa-9eb5-4146-82af-4dc4234d48d0",
    "name": "Wave 1 - Critical Security Issues",
    "description": "Address critical security vulnerabilities with immediate business impact",
    "target_start_date": "2025-08-20T17:09:11.382124",
    "target_completion_date": "2025-09-12T17:09:11.382124",
    "status": "PLANNING",
    "priority": "CRITICAL",
    "business_impact": "CRITICAL",
    "team_owner": "Security Team",
    "budget_allocation": 50000.0,
    "fte_requirement": 4.0,
    "created_at": "2025-08-13T17:09:11.382124",
    "updated_at": "2025-08-13T17:09:11.382124",
    "wave_number": 1,
    "total_vulnerabilities": 0,
    "completed_vulnerabilities": 0,
    "estimated_effort_hours": 160.0,
    "actual_effort_hours": 0.0
  },
  {
    "id": "e83f52fb-95be-41b5-86ff-b6d895b4ea30",
    "name": "Wave 2 - High Priority Infrastructure",
    "description": "Address high-priority infrastructure vulnerabilities",
    "target_start_date": "2025-09-27T17:09:11.382124",
    "target_completion_date": "2025-11-11T17:09:11.382124",
    "status": "PLANNING",
    "priority": "HIGH",
    "business_impact": "HIGH",
    "team_owner": "Infrastructure Team",
    "budget_allocation": 30000.0,
    "fte_requirement": 2.0,
    "created_at": "2025-08-13T17:09:11.382124",
    "updated_at": "2025-08-13T17:09:11.382124",
    "wave_number": 2,
    "total_vulnerabilities": 0,
    "completed_vulnerabilities": 0,
    "estimated_effort_hours": 80.0,
    "actual_effort_hours": 0.0
  },
  {
    "id": "fafcfed4-b5e5-4df9-8f03-623d5ed95c46",
    "name": "Wave 3 - Technical Debt Reduction",
    "description": "Address technical debt and code quality issues",
    "target_start_date": "2025-11-11T17:09:11.382124",
    "target_completion_date": "2026-02-09T17:09:11.382124",
    "status": "PLANNING",
    "priority": "MEDIUM",
    "business_impact": "MEDIUM",
    "team_owner": "Development Team",
    "budget_allocation": 20000.0,
    "fte_requirement": 1.5,
    "created_at": "2025-08-13T17:09:11.382124",
    "updated_at": "2025-08-13T17:09:11.382124",
    "wave_number": 3,
    "total_vulnerabilities": 0,
    "completed_vulnerabilities": 0,
    "estimated_effort_hours": 60.0,
    "actual_effort_hours": 0.0
  }
]