{
  "scan_id": "18b6a533-c18d-45cf-9a47-547d2bf4f0fa",
  "timestamp": "2025-08-07T13:07:31.682707",
  "total_files": 1,
  "prompts": [
    {
      "file_path": "d:\\CodeKata\\chat-ui\\app.py",
      "file_name": "app.py",
      "prompt_file": "uploaded_projects\\18b6a533-c18d-45cf-9a47-547d2bf4f0fa\\vscode_prompts\\app_prompt.txt",
      "original_file": "uploaded_projects\\18b6a533-c18d-45cf-9a47-547d2bf4f0fa\\vscode_prompts\\app_original.py",
      "source_file_path": "d:\\CodeKata\\chat-ui\\app.py",
      "security_issues": [
        {
          "type": "security_vulnerability",
          "description": "Hardcoded credentials",
          "line": 28,
          "code": "PASSWORD =",
          "severity": "HIGH"
        }
      ],
      "status": "pending",
      "markdown_file": ".github\\prompts\\18b6a533-c18d-45cf-9a47-547d2bf4f0fa.prompt.md"
    }
  ]
}