{
  "scan_id": "d654c86a-f600-46de-b997-2de9f08b581e",
  "timestamp": "2025-08-07T13:24:33.739290",
  "total_files": 1,
  "prompts": [
    {
      "file_path": "d:\\CodeKata\\chat-ui\\app.py",
      "file_name": "app.py",
      "prompt_file": "uploaded_projects\\d654c86a-f600-46de-b997-2de9f08b581e\\vscode_prompts\\app_prompt.txt",
      "original_file": "uploaded_projects\\d654c86a-f600-46de-b997-2de9f08b581e\\vscode_prompts\\app_original.py",
      "source_file_path": "d:\\CodeKata\\chat-ui\\app.py",
      "security_issues": [
        {
          "type": "security_vulnerability",
          "description": "Hardcoded credentials",
          "line": 28,
          "code": "PASSWORD =",
          "severity": "HIGH"
        }
      ],
      "status": "pending",
      "markdown_file": ".github\\prompts\\d654c86a-f600-46de-b997-2de9f08b581e.prompt.md"
    }
  ]
}