{
  "scan_id": "id_hb6n70bpr",
  "timestamp": "2025-07-30T09:35:41.482643",
  "total_files": 18,
  "prompts": [
    {
      "file_path": "uploaded_projects\\id_hb6n70bpr\\original\\.gitignore",
      "file_name": ".gitignore",
      "prompt_file": "uploaded_projects\\id_hb6n70bpr\\vscode_prompts\\.gitignore_prompt.txt",
      "original_file": "uploaded_projects\\id_hb6n70bpr\\vscode_prompts\\.gitignore_original",
      "source_file_path": "uploaded_projects\\id_hb6n70bpr\\original\\.gitignore",
      "security_issues": [],
      "status": "pending"
    },
    {
      "file_path": "uploaded_projects\\id_hb6n70bpr\\original\\eslint.config.js",
      "file_name": "eslint.config.js",
      "prompt_file": "uploaded_projects\\id_hb6n70bpr\\vscode_prompts\\eslint.config_prompt.txt",
      "original_file": "uploaded_projects\\id_hb6n70bpr\\vscode_prompts\\eslint.config_original.js",
      "source_file_path": "uploaded_projects\\id_hb6n70bpr\\original\\eslint.config.js",
      "security_issues": [],
      "status": "pending"
    },
    {
      "file_path": "uploaded_projects\\id_hb6n70bpr\\original\\index.html",
      "file_name": "index.html",
      "prompt_file": "uploaded_projects\\id_hb6n70bpr\\vscode_prompts\\index_prompt.txt",
      "original_file": "uploaded_projects\\id_hb6n70bpr\\vscode_prompts\\index_original.html",
      "source_file_path": "uploaded_projects\\id_hb6n70bpr\\original\\index.html",
      "security_issues": [],
      "status": "pending"
    },
    {
      "file_path": "uploaded_projects\\id_hb6n70bpr\\original\\package-lock.json",
      "file_name": "package-lock.json",
      "prompt_file": "uploaded_projects\\id_hb6n70bpr\\vscode_prompts\\package-lock_prompt.txt",
      "original_file": "uploaded_projects\\id_hb6n70bpr\\vscode_prompts\\package-lock_original.json",
      "source_file_path": "uploaded_projects\\id_hb6n70bpr\\original\\package-lock.json",
      "security_issues": [],
      "status": "pending"
    },
    {
      "file_path": "uploaded_projects\\id_hb6n70bpr\\original\\package.json",
      "file_name": "package.json",
      "prompt_file": "uploaded_projects\\id_hb6n70bpr\\vscode_prompts\\package_prompt.txt",
      "original_file": "uploaded_projects\\id_hb6n70bpr\\vscode_prompts\\package_original.json",
      "source_file_path": "uploaded_projects\\id_hb6n70bpr\\original\\package.json",
      "security_issues": [],
      "status": "pending"
    },
    {
      "file_path": "uploaded_projects\\id_hb6n70bpr\\original\\README.md",
      "file_name": "README.md",
      "prompt_file": "uploaded_projects\\id_hb6n70bpr\\vscode_prompts\\README_prompt.txt",
      "original_file": "uploaded_projects\\id_hb6n70bpr\\vscode_prompts\\README_original.md",
      "source_file_path": "uploaded_projects\\id_hb6n70bpr\\original\\README.md",
      "security_issues": [],
      "status": "pending"
    },
    {
      "file_path": "uploaded_projects\\id_hb6n70bpr\\original\\vite.config.js",
      "file_name": "vite.config.js",
      "prompt_file": "uploaded_projects\\id_hb6n70bpr\\vscode_prompts\\vite.config_prompt.txt",
      "original_file": "uploaded_projects\\id_hb6n70bpr\\vscode_prompts\\vite.config_original.js",
      "source_file_path": "uploaded_projects\\id_hb6n70bpr\\original\\vite.config.js",
      "security_issues": [],
      "status": "pending"
    },
    {
      "file_path": "uploaded_projects\\id_hb6n70bpr\\original\\public\\vite.svg",
      "file_name": "vite.svg",
      "prompt_file": "uploaded_projects\\id_hb6n70bpr\\vscode_prompts\\vite_prompt.txt",
      "original_file": "uploaded_projects\\id_hb6n70bpr\\vscode_prompts\\vite_original.svg",
      "source_file_path": "uploaded_projects\\id_hb6n70bpr\\original\\public\\vite.svg",
      "security_issues": [],
      "status": "pending"
    },
    {
      "file_path": "uploaded_projects\\id_hb6n70bpr\\original\\public\\_redirects",
      "file_name": "_redirects",
      "prompt_file": "uploaded_projects\\id_hb6n70bpr\\vscode_prompts\\_redirects_prompt.txt",
      "original_file": "uploaded_projects\\id_hb6n70bpr\\vscode_prompts\\_redirects_original",
      "source_file_path": "uploaded_projects\\id_hb6n70bpr\\original\\public\\_redirects",
      "security_issues": [],
      "status": "pending"
    },
    {
      "file_path": "uploaded_projects\\id_hb6n70bpr\\original\\src\\App.css",
      "file_name": "App.css",
      "prompt_file": "uploaded_projects\\id_hb6n70bpr\\vscode_prompts\\App_prompt.txt",
      "original_file": "uploaded_projects\\id_hb6n70bpr\\vscode_prompts\\App_original.css",
      "source_file_path": "uploaded_projects\\id_hb6n70bpr\\original\\src\\App.css",
      "security_issues": [],
      "status": "pending"
    },
    {
      "file_path": "uploaded_projects\\id_hb6n70bpr\\original\\src\\App.jsx",
      "file_name": "App.jsx",
      "prompt_file": "uploaded_projects\\id_hb6n70bpr\\vscode_prompts\\App_prompt.txt",
      "original_file": "uploaded_projects\\id_hb6n70bpr\\vscode_prompts\\App_original.jsx",
      "source_file_path": "uploaded_projects\\id_hb6n70bpr\\original\\src\\App.jsx",
      "security_issues": [],
      "status": "pending"
    },
    {
      "file_path": "uploaded_projects\\id_hb6n70bpr\\original\\src\\index.css",
      "file_name": "index.css",
      "prompt_file": "uploaded_projects\\id_hb6n70bpr\\vscode_prompts\\index_prompt.txt",
      "original_file": "uploaded_projects\\id_hb6n70bpr\\vscode_prompts\\index_original.css",
      "source_file_path": "uploaded_projects\\id_hb6n70bpr\\original\\src\\index.css",
      "security_issues": [],
      "status": "pending"
    },
    {
      "file_path": "uploaded_projects\\id_hb6n70bpr\\original\\src\\main.jsx",
      "file_name": "main.jsx",
      "prompt_file": "uploaded_projects\\id_hb6n70bpr\\vscode_prompts\\main_prompt.txt",
      "original_file": "uploaded_projects\\id_hb6n70bpr\\vscode_prompts\\main_original.jsx",
      "source_file_path": "uploaded_projects\\id_hb6n70bpr\\original\\src\\main.jsx",
      "security_issues": [],
      "status": "pending"
    },
    {
      "file_path": "uploaded_projects\\id_hb6n70bpr\\original\\src\\assets\\react.svg",
      "file_name": "react.svg",
      "prompt_file": "uploaded_projects\\id_hb6n70bpr\\vscode_prompts\\react_prompt.txt",
      "original_file": "uploaded_projects\\id_hb6n70bpr\\vscode_prompts\\react_original.svg",
      "source_file_path": "uploaded_projects\\id_hb6n70bpr\\original\\src\\assets\\react.svg",
      "security_issues": [],
      "status": "pending"
    },
    {
      "file_path": "uploaded_projects\\id_hb6n70bpr\\original\\src\\components\\Navbar.jsx",
      "file_name": "Navbar.jsx",
      "prompt_file": "uploaded_projects\\id_hb6n70bpr\\vscode_prompts\\Navbar_prompt.txt",
      "original_file": "uploaded_projects\\id_hb6n70bpr\\vscode_prompts\\Navbar_original.jsx",
      "source_file_path": "uploaded_projects\\id_hb6n70bpr\\original\\src\\components\\Navbar.jsx",
      "security_issues": [],
      "status": "pending"
    },
    {
      "file_path": "uploaded_projects\\id_hb6n70bpr\\original\\src\\pages\\ForgotPassword.jsx",
      "file_name": "ForgotPassword.jsx",
      "prompt_file": "uploaded_projects\\id_hb6n70bpr\\vscode_prompts\\ForgotPassword_prompt.txt",
      "original_file": "uploaded_projects\\id_hb6n70bpr\\vscode_prompts\\ForgotPassword_original.jsx",
      "source_file_path": "uploaded_projects\\id_hb6n70bpr\\original\\src\\pages\\ForgotPassword.jsx",
      "security_issues": [],
      "status": "pending"
    },
    {
      "file_path": "uploaded_projects\\id_hb6n70bpr\\original\\src\\pages\\ResetPassword.jsx",
      "file_name": "ResetPassword.jsx",
      "prompt_file": "uploaded_projects\\id_hb6n70bpr\\vscode_prompts\\ResetPassword_prompt.txt",
      "original_file": "uploaded_projects\\id_hb6n70bpr\\vscode_prompts\\ResetPassword_original.jsx",
      "source_file_path": "uploaded_projects\\id_hb6n70bpr\\original\\src\\pages\\ResetPassword.jsx",
      "security_issues": [],
      "status": "pending"
    },
    {
      "file_path": "uploaded_projects\\id_hb6n70bpr\\original\\src\\pages\\Signup.jsx",
      "file_name": "Signup.jsx",
      "prompt_file": "uploaded_projects\\id_hb6n70bpr\\vscode_prompts\\Signup_prompt.txt",
      "original_file": "uploaded_projects\\id_hb6n70bpr\\vscode_prompts\\Signup_original.jsx",
      "source_file_path": "uploaded_projects\\id_hb6n70bpr\\original\\src\\pages\\Signup.jsx",
      "security_issues": [],
      "status": "pending"
    }
  ]
}