[
  {
    "id": "cb92a284-dea4-4f0c-8e60-0e9d6b4192ea",
    "title": "SQL Injection Remediation",
    "description": "Comprehensive guide for fixing SQL injection vulnerabilities",
    "category": "application",
    "content_type": "template",
    "content": "SQL injection template content",
    "github_copilot_prompt": "# SQL INJECTION VULNERABILITY FIX - GITHUB COPILOT PROMPT\n\n## SECURITY ISSUE:\nSQL injection vulnerability detected in database queries. Unsanitized user input is being directly concatenated into SQL statements.\n\n## YOUR TASK:\nReplace vulnerable SQL code with secure, parameterized queries that prevent SQL injection attacks.\n\n## REQUIREMENTS:\n1. **Use parameterized queries** (prepared statements)\n2. **Validate and sanitize all inputs**\n3. **Implement proper error handling**\n4. **Add input length limits**\n5. **Use least privilege database access**\n6. **Add query logging for security monitoring**\n\n## SECURE PATTERNS TO IMPLEMENT:\n```python\n# SECURE: Use parameterized queries\ncursor.execute(\"SELECT * FROM users WHERE id = %s\", (user_id,))\n\n# SECURE: Input validation\nif not user_id or not isinstance(user_id, int):\n    raise ValueError(\"Invalid user ID\")\n\n# SECURE: Error handling\ntry:\n    result = cursor.fetchone()\nexcept DatabaseError as e:\n    logger.error(f\"Database error: {e}\")\n    raise\n```\n\n## VULNERABLE PATTERNS TO REPLACE:\n```python\n# VULNERABLE: String concatenation\nquery = f\"SELECT * FROM users WHERE id = {user_id}\"\ncursor.execute(query)\n\n# VULNERABLE: No input validation\ncursor.execute(\"SELECT * FROM users WHERE name = '\" + user_name + \"'\")\n```\n\n## EXPECTED OUTPUT:\nProvide secure, production-ready code with proper SQL injection prevention.",
    "remediation_template": "# SQL INJECTION REMEDIATION TEMPLATE\n# Severity: CRITICAL_BOMB / HIGH_RISK\n# Category: Application Security\n\n## IMMEDIATE ACTIONS\n- [ ] Identify all SQL query construction points in codebase\n- [ ] Assess potential data exposure and impact\n- [ ] Implement temporary input validation if needed\n- [ ] Notify database administrators and security team\n\n## CODE FIXES\n- [ ] Replace string concatenation with parameterized queries\n- [ ] Implement proper input validation and sanitization\n- [ ] Add database connection security controls\n- [ ] Implement proper error handling without information disclosure\n\n## IMPLEMENTATION EXAMPLES\n\n### Python (Django/Flask)\n```python\n# SECURE: Use parameterized queries\ncursor.execute(\"SELECT * FROM users WHERE id = %s\", (user_id,))\n\n# SECURE: ORM usage\nUser.objects.filter(id=user_id)\n\n# SECURE: Input validation\nif not user_id or not isinstance(user_id, int):\n    raise ValueError(\"Invalid user ID\")\n```\n\n### JavaScript (Node.js)\n```javascript\n// SECURE: Parameterized queries\nconst query = 'SELECT * FROM users WHERE id = ?';\ndb.query(query, [userId], callback);\n\n// SECURE: Input validation\nconst userId = parseInt(req.params.id);\nif (isNaN(userId)) {\n    return res.status(400).json({error: 'Invalid user ID'});\n}\n```\n\n### Java\n```java\n// SECURE: Prepared statements\nPreparedStatement stmt = conn.prepareStatement(\"SELECT * FROM users WHERE id = ?\");\nstmt.setInt(1, userId);\nResultSet rs = stmt.executeQuery();\n\n// SECURE: Input validation\nif (userId <= 0) {\n    throw new IllegalArgumentException(\"Invalid user ID\");\n}\n```\n\n## TESTING REQUIREMENTS\n- [ ] Unit tests for all parameterized queries\n- [ ] Integration tests with malicious input\n- [ ] SQL injection penetration testing\n- [ ] Database connection security testing\n\n## DEPLOYMENT CHECKLIST\n- [ ] Code review by security team\n- [ ] Database connection string security\n- [ ] Error handling without information disclosure\n- [ ] Logging for security monitoring\n- [ ] Performance impact assessment\n\n## VERIFICATION STEPS\n- [ ] Confirm no string concatenation in SQL queries\n- [ ] Verify input validation on all user inputs\n- [ ] Test with malicious payloads\n- [ ] Review database access logs\n- [ ] Update security documentation\n\n## MONITORING & ALERTING\n- [ ] Set up database query monitoring\n- [ ] Implement anomaly detection for unusual query patterns\n- [ ] Create alerts for failed authentication attempts\n- [ ] Monitor for SQL error messages in logs",
    "created_at": "2025-10-04T21:06:58.044758",
    "updated_at": "2025-10-04T21:06:58.044758",
    "created_by": "system",
    "tags": [
      "sql",
      "injection",
      "database",
      "security"
    ],
    "severity_levels": [
      "CRITICAL_BOMB",
      "HIGH_RISK"
    ],
    "applicable_languages": [
      "python",
      "javascript",
      "java",
      "php",
      "csharp"
    ]
  },
  {
    "id": "3ead3688-76ea-4f90-9408-ed6c4999f961",
    "title": "Cross-Site Scripting (XSS) Fix",
    "description": "Template for preventing and fixing XSS vulnerabilities",
    "category": "security",
    "content_type": "template",
    "content": "XSS remediation template content",
    "github_copilot_prompt": "# CROSS-SITE SCRIPTING (XSS) VULNERABILITY FIX - GITHUB COPILOT PROMPT\n\n## SECURITY ISSUE:\nCross-Site Scripting (XSS) vulnerability detected. User input is being rendered without proper encoding, allowing malicious script execution.\n\n## YOUR TASK:\nImplement proper output encoding and input validation to prevent XSS attacks.\n\n## REQUIREMENTS:\n1. **Encode all output** (HTML, JavaScript, URL encoding)\n2. **Validate and sanitize user input**\n3. **Use Content Security Policy (CSP)**\n4. **Implement proper session management**\n5. **Add XSS protection headers**\n6. **Use secure templating frameworks**\n\n## SECURE PATTERNS TO IMPLEMENT:\n```javascript\n// SECURE: HTML encoding\nfunction escapeHtml(text) {\n    const map = {\n        '&': '&amp;',\n        '<': '&lt;',\n        '>': '&gt;',\n        '\"': '&quot;',\n        \"'\": '&#039;'\n    };\n    return text.replace(/[&<>\"']/g, m => map[m]);\n}\n\n// SECURE: Use framework encoding\n<div>{escapeHtml(userInput)}</div>\n\n// SECURE: CSP header\nContent-Security-Policy: default-src 'self'; script-src 'self'\n```\n\n## VULNERABLE PATTERNS TO REPLACE:\n```javascript\n// VULNERABLE: Direct output without encoding\ndocument.innerHTML = userInput;\n\n// VULNERABLE: No input validation\neval(userInput);\n\n// VULNERABLE: Unsafe template usage\ntemplate = `<div>${userInput}</div>`;\n```\n\n## EXPECTED OUTPUT:\nProvide secure, XSS-prevention code with proper encoding and validation.",
    "remediation_template": "# CROSS-SITE SCRIPTING (XSS) REMEDIATION TEMPLATE\n# Severity: HIGH_RISK / MEDIUM_RISK\n# Category: Web Security\n\n## IMMEDIATE ACTIONS\n- [ ] Identify all user input rendering points\n- [ ] Assess potential for script execution and data theft\n- [ ] Implement Content Security Policy (CSP)\n- [ ] Review session management and cookies\n\n## CODE FIXES\n- [ ] Implement proper output encoding for all user inputs\n- [ ] Add input validation and sanitization\n- [ ] Configure Content Security Policy headers\n- [ ] Implement secure session management\n\n## IMPLEMENTATION EXAMPLES\n\n### JavaScript (Frontend)\n```javascript\n// SECURE: HTML encoding function\nfunction escapeHtml(text) {\n    const map = {\n        '&': '&amp;',\n        '<': '&lt;',\n        '>': '&gt;',\n        '\"': '&quot;',\n        \"'\": '&#039;'\n    };\n    return text.replace(/[&<>\"']/g, m => map[m]);\n}\n\n// SECURE: Safe DOM manipulation\ndocument.getElementById('output').textContent = userInput;\n// NOT: document.getElementById('output').innerHTML = userInput;\n```\n\n### React\n```jsx\n// SECURE: React automatically escapes\n<div>{userInput}</div>\n\n// SECURE: Explicit encoding for dangerous HTML\n<div dangerouslySetInnerHTML={{__html: sanitizedHtml}} />\n```\n\n### Python (Django/Flask)\n```python\n# SECURE: Template auto-escaping\n{{ user_input|escape }}\n\n# SECURE: Manual escaping\nfrom django.utils.html import escape\nsafe_output = escape(user_input)\n```\n\n### PHP\n```php\n// SECURE: HTML encoding\necho htmlspecialchars($userInput, ENT_QUOTES, 'UTF-8');\n\n// SECURE: Context-aware encoding\necho json_encode($userInput); // For JSON context\n```\n\n## CONTENT SECURITY POLICY\n```http\nContent-Security-Policy: default-src 'self'; \n                         script-src 'self' 'unsafe-inline'; \n                         style-src 'self' 'unsafe-inline';\n                         img-src 'self' data: https:;\n                         connect-src 'self';\n```\n\n## TESTING REQUIREMENTS\n- [ ] XSS penetration testing with malicious payloads\n- [ ] CSP policy validation\n- [ ] Input validation testing\n- [ ] Output encoding verification\n\n## DEPLOYMENT CHECKLIST\n- [ ] CSP headers configured\n- [ ] All user inputs properly encoded\n- [ ] Session cookies secured (HttpOnly, Secure, SameSite)\n- [ ] Input validation on all endpoints\n- [ ] Error handling without information disclosure\n\n## VERIFICATION STEPS\n- [ ] Test with common XSS payloads\n- [ ] Verify CSP prevents script execution\n- [ ] Check browser console for CSP violations\n- [ ] Validate session security\n- [ ] Review all user input handling\n\n## MONITORING & ALERTING\n- [ ] Monitor for CSP violations\n- [ ] Set up alerts for suspicious input patterns\n- [ ] Log all user input for security analysis\n- [ ] Monitor session anomalies",
    "created_at": "2025-10-04T21:06:58.044758",
    "updated_at": "2025-10-04T21:06:58.044758",
    "created_by": "system",
    "tags": [
      "xss",
      "web",
      "security",
      "injection"
    ],
    "severity_levels": [
      "HIGH_RISK",
      "MEDIUM_RISK"
    ],
    "applicable_languages": [
      "javascript",
      "html",
      "python",
      "java",
      "php"
    ]
  },
  {
    "id": "62dfb91a-0bab-4ee6-91d9-4a64f81afae1",
    "title": "Hardcoded Secrets Remediation",
    "description": "Guide for removing hardcoded credentials and secrets",
    "category": "security",
    "content_type": "template",
    "content": "Hardcoded secrets template content",
    "github_copilot_prompt": "# HARDCODED SECRETS REMEDIATION - GITHUB COPILOT PROMPT\n\n## SECURITY ISSUE:\nHardcoded secrets, passwords, API keys, or credentials found in source code. These must be moved to secure storage.\n\n## YOUR TASK:\nReplace hardcoded secrets with secure environment variables or secret management systems.\n\n## REQUIREMENTS:\n1. **Remove all hardcoded secrets** from source code\n2. **Use environment variables** for configuration\n3. **Implement secret management** (Azure Key Vault, AWS Secrets Manager, etc.)\n4. **Add input validation** for secret values\n5. **Implement secure secret rotation**\n6. **Add logging for secret access** (without exposing secrets)\n\n## SECURE PATTERNS TO IMPLEMENT:\n```python\n# SECURE: Environment variables\nimport os\nfrom cryptography.fernet import Fernet\n\ndatabase_password = os.getenv('DATABASE_PASSWORD')\nif not database_password:\n    raise ValueError(\"DATABASE_PASSWORD environment variable not set\")\n\n# SECURE: Secret management\nfrom azure.keyvault.secrets import SecretClient\n\nclient = SecretClient(vault_url=vault_url, credential=credential)\nsecret = client.get_secret(\"database-password\")\n```\n\n## VULNERABLE PATTERNS TO REPLACE:\n```python\n# VULNERABLE: Hardcoded secrets\npassword = \"super_secret_password_123\"\napi_key = \"sk-1234567890abcdef\"\n\n# VULNERABLE: Secrets in config files\nDATABASE_PASSWORD = \"hardcoded_password\"\n```\n\n## EXPECTED OUTPUT:\nProvide secure secret management implementation with proper environment variable usage.",
    "remediation_template": "# HARDCODED SECRETS REMEDIATION TEMPLATE\n# Severity: CRITICAL_BOMB / HIGH_RISK\n# Category: Security Configuration\n\n## IMMEDIATE ACTIONS\n- [ ] Identify all hardcoded secrets in codebase\n- [ ] Assess exposure and potential for credential theft\n- [ ] Rotate all exposed credentials immediately\n- [ ] Notify security team and stakeholders\n\n## CODE FIXES\n- [ ] Remove all hardcoded secrets from source code\n- [ ] Implement environment variable configuration\n- [ ] Set up secure secret management system\n- [ ] Add input validation for secret values\n\n## IMPLEMENTATION EXAMPLES\n\n### Python\n```python\nimport os\nfrom cryptography.fernet import Fernet\n\n# SECURE: Environment variables\ndatabase_password = os.getenv('DATABASE_PASSWORD')\napi_key = os.getenv('API_KEY')\n\n# SECURE: Validation\nif not database_password:\n    raise ValueError(\"DATABASE_PASSWORD environment variable not set\")\n\n# SECURE: Secret management with Azure Key Vault\nfrom azure.keyvault.secrets import SecretClient\nclient = SecretClient(vault_url=vault_url, credential=credential)\nsecret = client.get_secret(\"database-password\")\n```\n\n### JavaScript (Node.js)\n```javascript\n// SECURE: Environment variables\nconst databasePassword = process.env.DATABASE_PASSWORD;\nconst apiKey = process.env.API_KEY;\n\n// SECURE: Validation\nif (!databasePassword) {\n    throw new Error('DATABASE_PASSWORD environment variable not set');\n}\n\n// SECURE: AWS Secrets Manager\nconst AWS = require('aws-sdk');\nconst secretsManager = new AWS.SecretsManager();\nconst secret = await secretsManager.getSecretValue({SecretId: 'database-password'}).promise();\n```\n\n### Java\n```java\n// SECURE: Environment variables\nString databasePassword = System.getenv(\"DATABASE_PASSWORD\");\nString apiKey = System.getenv(\"API_KEY\");\n\n// SECURE: Validation\nif (databasePassword == null || databasePassword.isEmpty()) {\n    throw new IllegalArgumentException(\"DATABASE_PASSWORD environment variable not set\");\n}\n```\n\n## SECRET MANAGEMENT SOLUTIONS\n- [ ] **AWS Secrets Manager** - Cloud-based secret storage\n- [ ] **Azure Key Vault** - Microsoft cloud secret management\n- [ ] **HashiCorp Vault** - Self-hosted secret management\n- [ ] **Kubernetes Secrets** - Container orchestration secrets\n- [ ] **Environment Variables** - Simple configuration approach\n\n## CONFIGURATION FILES\n```yaml\n# .env file (never commit to version control)\nDATABASE_PASSWORD=your_secure_password_here\nAPI_KEY=your_api_key_here\nJWT_SECRET=your_jwt_secret_here\n```\n\n## TESTING REQUIREMENTS\n- [ ] Verify no secrets in source code\n- [ ] Test environment variable loading\n- [ ] Validate secret rotation process\n- [ ] Test secret management integration\n\n## DEPLOYMENT CHECKLIST\n- [ ] Environment variables configured in production\n- [ ] Secret management system integrated\n- [ ] Access controls for secret storage\n- [ ] Audit logging for secret access\n- [ ] Backup and recovery procedures\n\n## VERIFICATION STEPS\n- [ ] Code scan for hardcoded secrets\n- [ ] Verify secrets are loaded from secure storage\n- [ ] Test secret rotation process\n- [ ] Validate access controls\n- [ ] Review audit logs\n\n## MONITORING & ALERTING\n- [ ] Monitor secret access patterns\n- [ ] Alert on unauthorized secret access\n- [ ] Track secret rotation schedules\n- [ ] Monitor for secret exposure in logs\n\n## SECURITY BEST PRACTICES\n- [ ] Never commit secrets to version control\n- [ ] Use different secrets for different environments\n- [ ] Implement secret rotation policies\n- [ ] Use least privilege access for secrets\n- [ ] Encrypt secrets at rest and in transit\n- [ ] Regular security audits of secret usage",
    "created_at": "2025-10-04T21:06:58.044758",
    "updated_at": "2025-10-04T21:06:58.044758",
    "created_by": "system",
    "tags": [
      "secrets",
      "credentials",
      "security",
      "hardcoded"
    ],
    "severity_levels": [
      "CRITICAL_BOMB",
      "HIGH_RISK"
    ],
    "applicable_languages": [
      "python",
      "javascript",
      "java",
      "csharp",
      "php"
    ]
  },
  {
    "id": "3d83aeee-b013-4d4c-8844-236f306cfecf",
    "title": "Infrastructure Security Hardening",
    "description": "Template for securing infrastructure components",
    "category": "infrastructure",
    "content_type": "template",
    "content": "Infrastructure security template content",
    "github_copilot_prompt": "# INFRASTRUCTURE SECURITY HARDENING - GITHUB COPILOT PROMPT\n\n## SECURITY ISSUE:\nInfrastructure components lack proper security hardening and configuration.\n\n## YOUR TASK:\nImplement secure infrastructure configuration with proper security controls.\n\n## REQUIREMENTS:\n1. **Enable firewall rules** and network segmentation\n2. **Implement proper authentication** and access controls\n3. **Enable logging and monitoring**\n4. **Configure secure defaults**\n5. **Implement backup and recovery**\n6. **Use secure communication protocols**\n\n## SECURE PATTERNS TO IMPLEMENT:\n```yaml\n# SECURE: Kubernetes security context\napiVersion: v1\nkind: Pod\nspec:\n  securityContext:\n    runAsNonRoot: true\n    runAsUser: 1000\n    fsGroup: 2000\n  containers:\n  - name: app\n    securityContext:\n      allowPrivilegeEscalation: false\n      readOnlyRootFilesystem: true\n      capabilities:\n        drop:\n        - ALL\n```\n\n```bash\n# SECURE: Docker security\nFROM python:3.9-slim\nRUN adduser --disabled-password --gecos '' appuser\nUSER appuser\nCOPY --chown=appuser:appuser . /app\n```\n\n## EXPECTED OUTPUT:\nProvide secure infrastructure configuration with proper security hardening.",
    "remediation_template": "# INFRASTRUCTURE SECURITY HARDENING TEMPLATE\n# Severity: HIGH_RISK / MEDIUM_RISK\n# Category: Infrastructure Security\n\n## IMMEDIATE ACTIONS\n- [ ] Assess current infrastructure security posture\n- [ ] Identify exposed services and ports\n- [ ] Review access controls and permissions\n- [ ] Implement network segmentation\n\n## SECURITY HARDENING\n\n### Network Security\n- [ ] Configure firewall rules and access control lists\n- [ ] Implement network segmentation\n- [ ] Enable DDoS protection\n- [ ] Configure VPN access controls\n\n### Server Hardening\n- [ ] Disable unnecessary services and ports\n- [ ] Configure secure SSH access\n- [ ] Implement file system permissions\n- [ ] Enable system logging and monitoring\n\n### Container Security (Docker/Kubernetes)\n```yaml\n# SECURE: Kubernetes security context\napiVersion: v1\nkind: Pod\nspec:\n  securityContext:\n    runAsNonRoot: true\n    runAsUser: 1000\n    fsGroup: 2000\n  containers:\n  - name: app\n    securityContext:\n      allowPrivilegeEscalation: false\n      readOnlyRootFilesystem: true\n      capabilities:\n        drop:\n        - ALL\n```\n\n```dockerfile\n# SECURE: Dockerfile\nFROM python:3.9-slim\nRUN adduser --disabled-password --gecos '' appuser\nUSER appuser\nCOPY --chown=appuser:appuser . /app\nWORKDIR /app\nEXPOSE 8000\nCMD [\"python\", \"app.py\"]\n```\n\n### Cloud Security (AWS/Azure/GCP)\n```yaml\n# SECURE: AWS IAM policy\n{\n  \"Version\": \"2012-10-17\",\n  \"Statement\": [\n    {\n      \"Effect\": \"Allow\",\n      \"Action\": [\n        \"s3:GetObject\"\n      ],\n      \"Resource\": \"arn:aws:s3:::my-bucket/*\",\n      \"Condition\": {\n        \"IpAddress\": {\n          \"aws:SourceIp\": \"203.0.113.0/24\"\n        }\n      }\n    }\n  ]\n}\n```\n\n## ACCESS CONTROLS\n- [ ] Implement multi-factor authentication\n- [ ] Configure role-based access control (RBAC)\n- [ ] Regular access reviews and cleanup\n- [ ] Principle of least privilege\n\n## MONITORING & LOGGING\n```yaml\n# SECURE: Logging configuration\napiVersion: v1\nkind: ConfigMap\nmetadata:\n  name: fluent-bit-config\ndata:\n  fluent-bit.conf: |\n    [SERVICE]\n        Flush         1\n        Log_Level     info\n        Daemon        off\n        Parsers_File  parsers.conf\n        HTTP_Server   On\n        HTTP_Listen   0.0.0.0\n        HTTP_Port     2020\n```\n\n## BACKUP & RECOVERY\n- [ ] Implement automated backups\n- [ ] Test backup restoration procedures\n- [ ] Store backups in secure, encrypted locations\n- [ ] Regular disaster recovery drills\n\n## TESTING REQUIREMENTS\n- [ ] Infrastructure penetration testing\n- [ ] Vulnerability scanning\n- [ ] Access control testing\n- [ ] Backup restoration testing\n\n## DEPLOYMENT CHECKLIST\n- [ ] Security groups and firewall rules configured\n- [ ] Monitoring and alerting enabled\n- [ ] Backup systems operational\n- [ ] Access controls implemented\n- [ ] Security documentation updated\n\n## VERIFICATION STEPS\n- [ ] Port scanning for exposed services\n- [ ] Access control testing\n- [ ] Monitoring system validation\n- [ ] Backup restoration testing\n- [ ] Security configuration review\n\n## MONITORING & ALERTING\n- [ ] System resource monitoring\n- [ ] Security event logging\n- [ ] Anomaly detection\n- [ ] Automated incident response\n\n## COMPLIANCE CONSIDERATIONS\n- [ ] SOC 2 compliance requirements\n- [ ] GDPR data protection measures\n- [ ] Industry-specific regulations\n- [ ] Regular compliance audits",
    "created_at": "2025-10-04T21:06:58.044758",
    "updated_at": "2025-10-04T21:06:58.044758",
    "created_by": "system",
    "tags": [
      "infrastructure",
      "security",
      "hardening",
      "network"
    ],
    "severity_levels": [
      "HIGH_RISK",
      "MEDIUM_RISK"
    ],
    "applicable_languages": [
      "yaml",
      "json",
      "bash",
      "python"
    ]
  },
  {
    "id": "ddee5b62-9796-4f48-bc68-08d15ef24b2b",
    "title": "Content Security Policy (CSP) Implementation",
    "description": "Template for implementing secure Content Security Policy headers to prevent XSS and code injection attacks",
    "category": "security",
    "content_type": "template",
    "content": "CSP security template content",
    "github_copilot_prompt": "# CONTENT SECURITY POLICY (CSP) IMPLEMENTATION - GITHUB COPILOT PROMPT\n\nYou are implementing Content Security Policy (CSP) headers to prevent XSS and code injection attacks. Follow these guidelines:\n\n## CSP IMPLEMENTATION REQUIREMENTS:\n\n1. **Set strict CSP headers** with proper directives\n2. **Use nonces for inline scripts/styles** instead of 'unsafe-inline'\n3. **Whitelist only trusted external resources**\n4. **Block all mixed content** and upgrade insecure requests\n5. **Implement CSP violation reporting**\n\n## SECURE CSP PATTERN:\n```http\nContent-Security-Policy: \n    default-src 'self';\n    script-src 'self' 'nonce-{random}';\n    style-src 'self' 'nonce-{random}';\n    img-src 'self' data: https:;\n    font-src 'self';\n    connect-src 'self';\n    object-src 'none';\n    child-src 'self';\n    frame-ancestors 'self';\n    form-action 'self';\n    base-uri 'self';\n    upgrade-insecure-requests;\n    block-all-mixed-content;\n```\n\n## IMPLEMENTATION CHECKLIST:\n- [ ] Generate cryptographically secure nonces for inline content\n- [ ] Replace all inline scripts with nonce-based versions\n- [ ] Replace all inline styles with nonce-based versions\n- [ ] Audit and whitelist external resources\n- [ ] Set up CSP violation reporting endpoint\n- [ ] Test thoroughly to ensure no functionality breaks\n- [ ] Monitor CSP violation reports after deployment\n\n## COMMON FIXES:\n- Use nonces instead of 'unsafe-inline'\n- Move inline scripts/styles to external files\n- Whitelist trusted CDNs and external resources\n- Implement proper error handling for CSP violations\n- Use CSP reporting to identify and fix violations\n\nGenerate secure, production-ready CSP implementation following these guidelines.",
    "remediation_template": "# CONTENT SECURITY POLICY (CSP) IMPLEMENTATION TEMPLATE\n# Severity: HIGH_RISK / MEDIUM_RISK\n# Category: Web Security\n\n## IMMEDIATE ACTIONS\n- [ ] Audit current CSP configuration (if any)\n- [ ] Identify all inline scripts and styles\n- [ ] Assess external resource dependencies\n- [ ] Review third-party integrations\n\n## CSP IMPLEMENTATION\n\n### Basic CSP Configuration\n```http\nContent-Security-Policy: \n    default-src 'self';\n    script-src 'self' 'unsafe-inline';\n    style-src 'self' 'unsafe-inline';\n    img-src 'self' data: https:;\n    font-src 'self';\n    connect-src 'self';\n    media-src 'self';\n    object-src 'none';\n    child-src 'self';\n    frame-ancestors 'self';\n    form-action 'self';\n    base-uri 'self';\n    manifest-src 'self';\n    worker-src 'self';\n    frame-src 'self';\n```\n\n### Strict CSP Configuration (Recommended)\n```http\nContent-Security-Policy: \n    default-src 'self';\n    script-src 'self' 'nonce-{random}';\n    style-src 'self' 'nonce-{random}';\n    img-src 'self' data: https:;\n    font-src 'self';\n    connect-src 'self';\n    media-src 'self';\n    object-src 'none';\n    child-src 'self';\n    frame-ancestors 'self';\n    form-action 'self';\n    base-uri 'self';\n    manifest-src 'self';\n    worker-src 'self';\n    frame-src 'self';\n    upgrade-insecure-requests;\n    block-all-mixed-content;\n```\n\n## IMPLEMENTATION BY FRAMEWORK\n\n### Express.js (Node.js)\n```javascript\nconst helmet = require('helmet');\n\napp.use(helmet({\n    contentSecurityPolicy: {\n        directives: {\n            defaultSrc: [\"'self'\"],\n            scriptSrc: [\"'self'\", \"'nonce-{random}'\"],\n            styleSrc: [\"'self'\", \"'nonce-{random}'\"],\n            imgSrc: [\"'self'\", \"data:\", \"https:\"],\n            fontSrc: [\"'self'\"],\n            connectSrc: [\"'self'\"],\n            mediaSrc: [\"'self'\"],\n            objectSrc: [\"'none'\"],\n            childSrc: [\"'self'\"],\n            frameAncestors: [\"'self'\"],\n            formAction: [\"'self'\"],\n            baseUri: [\"'self'\"],\n            manifestSrc: [\"'self'\"],\n            workerSrc: [\"'self'\"],\n            frameSrc: [\"'self'\"],\n            upgradeInsecureRequests: [],\n            blockAllMixedContent: []\n        }\n    }\n}));\n```\n\n### Django (Python)\n```python\n# settings.py\nCSP_DEFAULT_SRC = (\"'self'\",)\nCSP_SCRIPT_SRC = (\"'self'\", \"'nonce-{random}'\")\nCSP_STYLE_SRC = (\"'self'\", \"'nonce-{random}'\")\nCSP_IMG_SRC = (\"'self'\", \"data:\", \"https:\")\nCSP_FONT_SRC = (\"'self'\",)\nCSP_CONNECT_SRC = (\"'self'\",)\nCSP_MEDIA_SRC = (\"'self'\",)\nCSP_OBJECT_SRC = (\"'none'\",)\nCSP_CHILD_SRC = (\"'self'\",)\nCSP_FRAME_ANCESTORS = (\"'self'\",)\nCSP_FORM_ACTION = (\"'self'\",)\nCSP_BASE_URI = (\"'self'\",)\nCSP_MANIFEST_SRC = (\"'self'\",)\nCSP_WORKER_SRC = (\"'self'\",)\nCSP_FRAME_SRC = (\"'self'\",)\nCSP_UPGRADE_INSECURE_REQUESTS = True\nCSP_BLOCK_ALL_MIXED_CONTENT = True\n\n# middleware.py\nMIDDLEWARE = [\n    'django_csp.middleware.CSPMiddleware',\n    # ... other middleware\n]\n```\n\n### ASP.NET Core (C#)\n```csharp\n// Startup.cs\npublic void ConfigureServices(IServiceCollection services)\n{\n    services.AddCsp(options =>\n    {\n        options.DefaultSources = new[] { \"'self'\" };\n        options.ScriptSources = new[] { \"'self'\", \"'nonce-{random}'\" };\n        options.StyleSources = new[] { \"'self'\", \"'nonce-{random}'\" };\n        options.ImageSources = new[] { \"'self'\", \"data:\", \"https:\" };\n        options.FontSources = new[] { \"'self'\" };\n        options.ConnectSources = new[] { \"'self'\" };\n        options.MediaSources = new[] { \"'self'\" };\n        options.ObjectSources = new[] { \"'none'\" };\n        options.ChildSources = new[] { \"'self'\" };\n        options.FrameAncestors = new[] { \"'self'\" };\n        options.FormActions = new[] { \"'self'\" };\n        options.BaseUris = new[] { \"'self'\" };\n        options.ManifestSources = new[] { \"'self'\" };\n        options.WorkerSources = new[] { \"'self'\" };\n        options.FrameSources = new[] { \"'self'\" };\n        options.UpgradeInsecureRequests = true;\n        options.BlockAllMixedContent = true;\n    });\n}\n```\n\n### PHP\n```php\n<?php\n// Set CSP header\nheader(\"Content-Security-Policy: \n    default-src 'self';\n    script-src 'self' 'nonce-{random}';\n    style-src 'self' 'nonce-{random}';\n    img-src 'self' data: https:;\n    font-src 'self';\n    connect-src 'self';\n    media-src 'self';\n    object-src 'none';\n    child-src 'self';\n    frame-ancestors 'self';\n    form-action 'self';\n    base-uri 'self';\n    manifest-src 'self';\n    worker-src 'self';\n    frame-src 'self';\n    upgrade-insecure-requests;\n    block-all-mixed-content;\n\");\n\n// Generate nonce for inline scripts/styles\n$nonce = base64_encode(random_bytes(16));\n?>\n```\n\n## NONCE IMPLEMENTATION\n\n### HTML with Nonce\n```html\n<!-- Generate nonce server-side -->\n<script nonce=\"<?php echo $nonce; ?>\">\n    // Inline script content\n</script>\n\n<style nonce=\"<?php echo $nonce; ?>\">\n    /* Inline styles */\n</style>\n```\n\n### React with Nonce\n```jsx\n// Server-side nonce generation\nconst nonce = crypto.randomBytes(16).toString('base64');\n\n// Pass nonce to React app\nconst App = () => (\n    <div>\n        <script nonce={nonce}>\n            {`// Inline script content`}\n        </script>\n    </div>\n);\n```\n\n## CSP TESTING\n\n### Browser Developer Tools\n```javascript\n// Check CSP violations in console\n// Look for messages like:\n// \"Refused to execute inline script because it violates CSP directive\"\n// \"Refused to load script from 'example.com' because it violates CSP directive\"\n```\n\n### CSP Evaluation Tools\n```bash\n# Use CSP evaluator\ncurl -H \"Content-Security-Policy: default-src 'self';\" https://csp-evaluator.withgoogle.com/\n\n# Test with CSP tester\nnpx csp-tester --url https://your-domain.com\n```\n\n## TESTING REQUIREMENTS\n- [ ] Test all inline scripts and styles with nonces\n- [ ] Verify external resource loading\n- [ ] Test CSP violation reporting\n- [ ] Validate nonce generation and usage\n- [ ] Test fallback mechanisms\n\n## DEPLOYMENT CHECKLIST\n- [ ] CSP headers configured on all pages\n- [ ] Nonce generation implemented\n- [ ] Inline scripts/styles updated with nonces\n- [ ] External resources whitelisted\n- [ ] CSP violation reporting configured\n- [ ] Fallback CSP policy defined\n\n## VERIFICATION STEPS\n- [ ] Browser console shows no CSP violations\n- [ ] All functionality works with CSP enabled\n- [ ] External resources load correctly\n- [ ] Inline scripts/styles execute properly\n- [ ] CSP violation reports are received\n\n## MONITORING & ALERTING\n- [ ] Set up CSP violation reporting endpoint\n- [ ] Monitor CSP violation logs\n- [ ] Alert on new CSP violations\n- [ ] Track CSP policy effectiveness\n- [ ] Regular CSP policy review\n\n## COMMON CSP VIOLATIONS & FIXES\n\n### Inline Scripts\n```html\n<!-- VIOLATION -->\n<script>alert('hello');</script>\n\n<!-- FIX: Use nonce -->\n<script nonce=\"{nonce}\">alert('hello');</script>\n\n<!-- OR: Move to external file -->\n<script src=\"/js/script.js\"></script>\n```\n\n### Inline Styles\n```html\n<!-- VIOLATION -->\n<style>body { color: red; }</style>\n\n<!-- FIX: Use nonce -->\n<style nonce=\"{nonce}\">body { color: red; }</style>\n\n<!-- OR: Move to external file -->\n<link rel=\"stylesheet\" href=\"/css/styles.css\">\n```\n\n### External Scripts\n```html\n<!-- VIOLATION -->\n<script src=\"https://untrusted-cdn.com/script.js\"></script>\n\n<!-- FIX: Add to CSP whitelist -->\n<!-- CSP: script-src 'self' https://trusted-cdn.com; -->\n<script src=\"https://trusted-cdn.com/script.js\"></script>\n```\n\n## CSP POLICY EVOLUTION\n1. **Start with Report-Only mode** to test impact\n2. **Implement basic CSP** with minimal restrictions\n3. **Gradually tighten policies** based on violations\n4. **Use nonces for inline content** to eliminate 'unsafe-inline'\n5. **Remove 'unsafe-eval'** and replace with safer alternatives\n6. **Implement strict CSP** for maximum security",
    "created_at": "2025-10-04T21:06:58.044758",
    "updated_at": "2025-10-04T21:06:58.044758",
    "created_by": "system",
    "tags": [
      "csp",
      "xss",
      "web-security",
      "headers",
      "content-security-policy"
    ],
    "severity_levels": [
      "HIGH_RISK",
      "MEDIUM_RISK"
    ],
    "applicable_languages": [
      "javascript",
      "html",
      "python",
      "php",
      "java",
      "csharp"
    ]
  }
]