{
  "scan_id": "id_hrdiky94h",
  "timestamp": "2025-08-14T10:43:44.518448",
  "total_files": 1,
  "prompts": [
    {
      "file_path": "uploaded_projects\\id_hrdiky94h\\original\\financial_fraud_tests.py",
      "file_name": "financial_fraud_tests.py",
      "prompt_file": "uploaded_projects\\id_hrdiky94h\\vscode_prompts\\financial_fraud_tests_prompt.txt",
      "original_file": "uploaded_projects\\id_hrdiky94h\\vscode_prompts\\financial_fraud_tests_original.py",
      "source_file_path": "uploaded_projects\\id_hrdiky94h\\original\\financial_fraud_tests.py",
      "security_issues": [],
      "status": "pending",
      "markdown_file": ".github\\prompts\\id_hrdiky94h.prompt.md"
    }
  ]
}