{
  "scan_id": "6ca26aaa-d36f-43e4-8ec8-cd0ead93476c",
  "file_path": "c:\\Users\\91770\\Downloads\\test_files",
  "file_name": "workspace_scan",
  "timestamp": "2025-08-11T13:34:02.692Z",
  "threats": [],
  "scan_metrics": {
    "duration_ms": 70,
    "files_scanned": 5,
    "issues_found": 49,
    "project_id": "vscode-workspace-1754919233959",
    "quality_gate_status": "BLOCKED",
    "scan_id": "6ca26aaa-d36f-43e4-8ec8-cd0ead93476c",
    "timestamp": "2025-08-11T19:03:53.967122"
  },
  "source": "vscode_extension",
  "total_threats": 0,
  "severity_breakdown": {
    "CRITICAL": 0,
    "HIGH": 0,
    "MEDIUM": 0,
    "LOW": 0
  },
  "threat_types": {
    "LOGIC_BOMB": 0,
    "DESTRUCTIVE_PAYLOAD": 0,
    "VULNERABILITY": 0,
    "SECURITY_ISSUE": 0
  }
}