[
  {
    "ait_tag": "AIT",
    "code_snippet": "shutil.rmtree('/important_folder')",
    "column": 5,
    "effort_minutes": 120,
    "file_name": "high_risk_test.py",
    "file_path": "c:\\Users\\91770\\Downloads\\test_files\\high_risk_test.py",
    "id": "9a59e921-acf6-46f5-92bf-2e0609531c80",
    "line_number": 8,
    "message": "Detects potentially destructive operations that could be payloads of logic bombs",
    "payload_analysis": "Unknown payload - CRITICAL_BOMB level threat detected",
    "repo_name": "Repo",
    "rule_id": "destructive-payload-detector",
    "severity": "CRITICAL_BOMB",
    "spk_tag": "SPK",
    "status": "ACTIVE_THREAT",
    "suggested_fix": "CRITICAL: Remove destructive operations: shutil.rmtree('/important_folder')... Implement proper data management.",
    "threat_level": "EXTREME",
    "trigger_analysis": "Direct destructive action detected",
    "type": "DESTRUCTIVE_PAYLOAD"
  },
  {
    "ait_tag": "AIT",
    "code_snippet": "os.system('del /Q /S C:\\\\*')",
    "column": 8,
    "effort_minutes": 120,
    "file_name": "high_risk_test.py",
    "file_path": "c:\\Users\\91770\\Downloads\\test_files\\high_risk_test.py",
    "id": "31c5fb21-da8e-4da1-ae98-a7dde760d972",
    "line_number": 9,
    "message": "Detects potentially destructive operations that could be payloads of logic bombs",
    "payload_analysis": "Unknown payload - CRITICAL_BOMB level threat detected",
    "repo_name": "Repo",
    "rule_id": "destructive-payload-detector",
    "severity": "CRITICAL_BOMB",
    "spk_tag": "SPK",
    "status": "ACTIVE_THREAT",
    "suggested_fix": "CRITICAL: Remove destructive operations: os.system('del /Q /S C:\\\\*')... Implement proper data management.",
    "threat_level": "EXTREME",
    "trigger_analysis": "Direct destructive action detected",
    "type": "DESTRUCTIVE_PAYLOAD"
  },
  {
    "ait_tag": "AIT",
    "code_snippet": "exec(\"__import__('os').system('rm -rf /')\")",
    "column": 24,
    "effort_minutes": 120,
    "file_name": "high_risk_test.py",
    "file_path": "c:\\Users\\91770\\Downloads\\test_files\\high_risk_test.py",
    "id": "da8a78ea-f00c-4686-a0b3-2456cdb1b506",
    "line_number": 12,
    "message": "Detects potentially destructive operations that could be payloads of logic bombs",
    "payload_analysis": "Code execution - System compromise risk",
    "repo_name": "Repo",
    "rule_id": "destructive-payload-detector",
    "severity": "CRITICAL_BOMB",
    "spk_tag": "SPK",
    "status": "ACTIVE_THREAT",
    "suggested_fix": "CRITICAL: Remove destructive operations: exec(\"__import__('os').system('rm -rf /')\")... Implement proper data management.",
    "threat_level": "EXTREME",
    "trigger_analysis": "Direct destructive action detected",
    "type": "DESTRUCTIVE_PAYLOAD"
  },
  {
    "ait_tag": "AIT",
    "code_snippet": "os.remove('/critical.txt')",
    "column": 5,
    "effort_minutes": 120,
    "file_name": "high_risk_test.py",
    "file_path": "c:\\Users\\91770\\Downloads\\test_files\\high_risk_test.py",
    "id": "b557e559-82ee-42d1-a0ec-a1572ec6a19d",
    "line_number": 16,
    "message": "Detects potentially destructive operations that could be payloads of logic bombs",
    "payload_analysis": "File/directory deletion - Data loss risk",
    "repo_name": "Repo",
    "rule_id": "destructive-payload-detector",
    "severity": "CRITICAL_BOMB",
    "spk_tag": "SPK",
    "status": "ACTIVE_THREAT",
    "suggested_fix": "CRITICAL: Remove destructive operations: os.remove('/critical.txt')... Implement proper data management.",
    "threat_level": "EXTREME",
    "trigger_analysis": "Direct destructive action detected",
    "type": "DESTRUCTIVE_PAYLOAD"
  },
  {
    "ait_tag": "AIT",
    "code_snippet": "if datetime.datetime.now() > datetime.datetime(2024, 12, 31):",
    "column": 1,
    "effort_minutes": 30,
    "file_name": "high_risk_test.py",
    "file_path": "c:\\Users\\91770\\Downloads\\test_files\\high_risk_test.py",
    "id": "37368396-c5f7-4a9e-8ce2-2edbf527fc68",
    "line_number": 6,
    "message": "Date-based trigger - Triggered on specific year: 2024",
    "payload_analysis": "Unknown payload - HIGH_RISK level threat detected",
    "repo_name": "Repo",
    "rule_id": "MALWARE_SCHEDULED_THREAT",
    "severity": "HIGH_RISK",
    "spk_tag": "SPK",
    "status": "ACTIVE_THREAT",
    "suggested_fix": "Remove scheduled_threat behavior - Potential SCHEDULED_THREAT payload detected",
    "threat_level": "HIGH",
    "trigger_analysis": "Triggered by specific date/time conditions - Date/time comparison found",
    "type": "SCHEDULED_THREAT"
  },
  {
    "ait_tag": "AIT",
    "code_snippet": "if datetime.date.today() >= datetime.date(2025, 1, 1):",
    "column": 1,
    "effort_minutes": 30,
    "file_name": "high_risk_test.py",
    "file_path": "c:\\Users\\91770\\Downloads\\test_files\\high_risk_test.py",
    "id": "e9a19d28-cd53-4d56-afe3-9d018618ed31",
    "line_number": 15,
    "message": "Date-based trigger - Triggered on specific year: 2025",
    "payload_analysis": "Unknown payload - HIGH_RISK level threat detected",
    "repo_name": "Repo",
    "rule_id": "MALWARE_SCHEDULED_THREAT",
    "severity": "HIGH_RISK",
    "spk_tag": "SPK",
    "status": "ACTIVE_THREAT",
    "suggested_fix": "Remove scheduled_threat behavior - Potential SCHEDULED_THREAT payload detected",
    "threat_level": "HIGH",
    "trigger_analysis": "Triggered by specific date/time conditions - Date/time comparison found",
    "type": "SCHEDULED_THREAT"
  },
  {
    "ait_tag": "AIT",
    "code_snippet": "if datetime.datetime.now() > datetime.datetime(2024, 12, 31):",
    "column": 1,
    "effort_minutes": 30,
    "file_name": "high_risk_test.py",
    "file_path": "c:\\Users\\91770\\Downloads\\test_files\\high_risk_test.py",
    "id": "fb3337f2-b5a3-4802-b617-fdb07f65408b",
    "line_number": 6,
    "message": "Time comparison trigger - Triggered on specific year: 2024",
    "payload_analysis": "Unknown payload - HIGH_RISK level threat detected",
    "repo_name": "Repo",
    "rule_id": "MALWARE_SCHEDULED_THREAT",
    "severity": "HIGH_RISK",
    "spk_tag": "SPK",
    "status": "ACTIVE_THREAT",
    "suggested_fix": "Remove scheduled_threat behavior - Potential SCHEDULED_THREAT payload detected",
    "threat_level": "HIGH",
    "trigger_analysis": "Triggered by specific date/time conditions - Date/time comparison found",
    "type": "SCHEDULED_THREAT"
  },
  {
    "ait_tag": "AIT",
    "code_snippet": "shutil.rmtree('/important_folder')",
    "column": 1,
    "effort_minutes": 30,
    "file_name": "high_risk_test.py",
    "file_path": "c:\\Users\\91770\\Downloads\\test_files\\high_risk_test.py",
    "id": "232b3df4-4623-4a2f-89e1-b5a4508f1249",
    "line_number": 8,
    "message": "Directory removal - Conditional trigger detected for DESTRUCTIVE_PAYLOAD",
    "payload_analysis": "Unknown payload - CRITICAL_BOMB level threat detected",
    "repo_name": "Repo",
    "rule_id": "MALWARE_DESTRUCTIVE_PAYLOAD",
    "severity": "CRITICAL_BOMB",
    "spk_tag": "SPK",
    "status": "ACTIVE_THREAT",
    "suggested_fix": "Remove destructive_payload behavior - Potential DESTRUCTIVE_PAYLOAD payload detected",
    "threat_level": "EXTREME",
    "trigger_analysis": "Direct destructive action detected",
    "type": "DESTRUCTIVE_PAYLOAD"
  },
  {
    "ait_tag": "AIT",
    "code_snippet": "os.remove('/critical.txt')",
    "column": 1,
    "effort_minutes": 30,
    "file_name": "high_risk_test.py",
    "file_path": "c:\\Users\\91770\\Downloads\\test_files\\high_risk_test.py",
    "id": "df022006-fbe9-41f4-abe9-88f421c7d1cc",
    "line_number": 16,
    "message": "File removal - Conditional trigger detected for DESTRUCTIVE_PAYLOAD",
    "payload_analysis": "File/directory deletion - Data loss risk",
    "repo_name": "Repo",
    "rule_id": "MALWARE_DESTRUCTIVE_PAYLOAD",
    "severity": "CRITICAL_BOMB",
    "spk_tag": "SPK",
    "status": "ACTIVE_THREAT",
    "suggested_fix": "Remove destructive_payload behavior - Data removal - Information loss",
    "threat_level": "EXTREME",
    "trigger_analysis": "Direct destructive action detected",
    "type": "DESTRUCTIVE_PAYLOAD"
  },
  {
    "ait_tag": "AIT",
    "code_snippet": "os.system('del /Q /S C:\\\\*')",
    "column": 1,
    "effort_minutes": 30,
    "file_name": "high_risk_test.py",
    "file_path": "c:\\Users\\91770\\Downloads\\test_files\\high_risk_test.py",
    "id": "c2187b44-722c-4e1f-b3a5-6a4ea8270e2a",
    "line_number": 9,
    "message": "File destruction - Conditional trigger detected for DESTRUCTIVE_PAYLOAD",
    "payload_analysis": "Unknown payload - CRITICAL_BOMB level threat detected",
    "repo_name": "Repo",
    "rule_id": "MALWARE_DESTRUCTIVE_PAYLOAD",
    "severity": "CRITICAL_BOMB",
    "spk_tag": "SPK",
    "status": "ACTIVE_THREAT",
    "suggested_fix": "Remove destructive_payload behavior - Potential DESTRUCTIVE_PAYLOAD payload detected",
    "threat_level": "EXTREME",
    "trigger_analysis": "Direct destructive action detected",
    "type": "DESTRUCTIVE_PAYLOAD"
  },
  {
    "ait_tag": "AIT",
    "code_snippet": "exec(\"__import__('os').system('rm -rf /')\")",
    "column": 1,
    "effort_minutes": 30,
    "file_name": "high_risk_test.py",
    "file_path": "c:\\Users\\91770\\Downloads\\test_files\\high_risk_test.py",
    "id": "75fd6cfb-aa47-440a-b42b-3aa10bd03e21",
    "line_number": 12,
    "message": "File destruction - Conditional trigger detected for DESTRUCTIVE_PAYLOAD",
    "payload_analysis": "Code execution - System compromise risk",
    "repo_name": "Repo",
    "rule_id": "MALWARE_DESTRUCTIVE_PAYLOAD",
    "severity": "CRITICAL_BOMB",
    "spk_tag": "SPK",
    "status": "ACTIVE_THREAT",
    "suggested_fix": "Remove destructive_payload behavior - Potential DESTRUCTIVE_PAYLOAD payload detected",
    "threat_level": "EXTREME",
    "trigger_analysis": "Direct destructive action detected",
    "type": "DESTRUCTIVE_PAYLOAD"
  }
]