{
  "scan_id": "cdd50708-9c1a-4784-9dba-6e5828a937c4",
  "timestamp": "2025-08-07T16:38:41.634453",
  "total_files": 1,
  "prompts": [
    {
      "file_path": "c:\\Users\\91770\\Downloads\\test_files\\financial_fraud_tests.py",
      "file_name": "financial_fraud_tests.py",
      "prompt_file": "uploaded_projects\\cdd50708-9c1a-4784-9dba-6e5828a937c4\\vscode_prompts\\financial_fraud_tests_prompt.txt",
      "original_file": "uploaded_projects\\cdd50708-9c1a-4784-9dba-6e5828a937c4\\vscode_prompts\\financial_fraud_tests_original.py",
      "source_file_path": "c:\\Users\\91770\\Downloads\\test_files\\financial_fraud_tests.py",
      "security_issues": [],
      "status": "pending",
      "markdown_file": ".github\\prompts\\cdd50708-9c1a-4784-9dba-6e5828a937c4.prompt.md"
    }
  ]
}