{
  "scan_id": "dd238f04-6bdc-4e44-bce8-9174fae3a6b6",
  "timestamp": "2025-08-07T13:17:05.068265",
  "total_files": 1,
  "prompts": [
    {
      "file_path": "d:\\CodeKata\\dashboard_api_enhanced\\test_file.py",
      "file_name": "test_file.py",
      "prompt_file": "uploaded_projects\\dd238f04-6bdc-4e44-bce8-9174fae3a6b6\\vscode_prompts\\test_file_prompt.txt",
      "original_file": "uploaded_projects\\dd238f04-6bdc-4e44-bce8-9174fae3a6b6\\vscode_prompts\\test_file_original.py",
      "source_file_path": "d:\\CodeKata\\dashboard_api_enhanced\\test_file.py",
      "security_issues": [
        {
          "type": "security_vulnerability",
          "description": "Dangerous system call",
          "line": 11,
          "code": "os.system(",
          "severity": "HIGH"
        },
        {
          "type": "security_vulnerability",
          "description": "Dangerous system call",
          "line": 17,
          "code": "os.system(",
          "severity": "HIGH"
        },
        {
          "type": "security_vulnerability",
          "description": "Code injection vulnerability",
          "line": 37,
          "code": "eval(",
          "severity": "HIGH"
        },
        {
          "type": "security_vulnerability",
          "description": "Hardcoded credentials",
          "line": 20,
          "code": "password =",
          "severity": "HIGH"
        }
      ],
      "status": "pending",
      "markdown_file": ".github\\prompts\\dd238f04-6bdc-4e44-bce8-9174fae3a6b6.prompt.md"
    }
  ]
}