{
  "scan_id": "2c45bd86-1880-4f80-8da5-8f8b6a287fa0",
  "timestamp": "2025-08-07T15:27:54.146184",
  "total_files": 1,
  "prompts": [
    {
      "file_path": "c:\\Users\\91770\\Downloads\\test_files\\high_risk_test.py",
      "file_name": "high_risk_test.py",
      "prompt_file": "uploaded_projects\\2c45bd86-1880-4f80-8da5-8f8b6a287fa0\\vscode_prompts\\high_risk_test_prompt.txt",
      "original_file": "uploaded_projects\\2c45bd86-1880-4f80-8da5-8f8b6a287fa0\\vscode_prompts\\high_risk_test_original.py",
      "source_file_path": "c:\\Users\\91770\\Downloads\\test_files\\high_risk_test.py",
      "security_issues": [
        {
          "type": "security_vulnerability",
          "description": "Dangerous system call",
          "line": 9,
          "code": "os.system(",
          "severity": "HIGH"
        },
        {
          "type": "security_vulnerability",
          "description": "Code execution vulnerability",
          "line": 12,
          "code": "exec(",
          "severity": "HIGH"
        },
        {
          "type": "security_vulnerability",
          "description": "Dynamic import vulnerability",
          "line": 12,
          "code": "__import__(",
          "severity": "HIGH"
        },
        {
          "type": "security_vulnerability",
          "description": "Destructive file operation",
          "line": 12,
          "code": "rm -rf",
          "severity": "HIGH"
        }
      ],
      "status": "pending",
      "markdown_file": ".github\\prompts\\2c45bd86-1880-4f80-8da5-8f8b6a287fa0.prompt.md"
    }
  ]
}