{
  "workbench.colorTheme": "Default Light+",
  "[python]": {
    "editor.formatOnType": true
  },
  "security.workspace.trust.untrustedFiles": "open",
  "workbench.iconTheme": "vscode-icons",
  "tabnine.experimentalAutoImports": true,
  "git.autofetch": true,
  "git.confirmSync": false,
  "[html]": {
    "editor.defaultFormatter": "esbenp.prettier-vscode"
  },
  "[javascriptreact]": {
    "editor.defaultFormatter": "esbenp.prettier-vscode"
  },
  "javascript.updateImportsOnFileMove.enabled": "always",
  "vsicons.dontShowNewVersionMessage": true,
  "git.suggestSmartCommit": false,
  "diffEditor.maxComputationTime": 0,
  "[json]": {
    "editor.defaultFormatter": "esbenp.prettier-vscode"
  },
  "githubPullRequests.remotes": [
    "origin",
    "upstream",
    ""
  ],
  "svelte.enable-ts-plugin": true,
  "CodeGPT.apiKey": "OpenAI",
  "bitoAI.appearance.fontSize (Match with IDE Font)": false,
  "bitoAI.codeCompletion.enableAutoCompletion": true,
  "bitoAI.codeCompletion.enableCommentToCode": true,
  "editor.inlineSuggest.showToolbar": "onHover",
  "[javascript]": {
    "editor.defaultFormatter": "esbenp.prettier-vscode"
  },
  "cmake.pinnedCommands": [
    "workbench.action.tasks.configureTaskRunner",
    "workbench.action.tasks.runTask"
  ],
  "python.createEnvironment.trigger": "off",
  "genieai.enableConversationHistory": true,
  "github.copilot.enable": true,
  "github.copilot.auth": "github",
  "github.copilot.token": "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",
  "extensions.ignoreRecommendations": true
}