{
  "scan_id": "id_hud8wv1wp",
  "timestamp": "2025-08-14T04:39:37.511581",
  "total_files": 5,
  "prompts": [
    {
      "file_path": "uploaded_projects\\id_hud8wv1wp\\original\\test_files\\comprehensive_malware_tests.py",
      "file_name": "comprehensive_malware_tests.py",
      "prompt_file": "uploaded_projects\\id_hud8wv1wp\\vscode_prompts\\comprehensive_malware_tests_prompt.txt",
      "original_file": "uploaded_projects\\id_hud8wv1wp\\vscode_prompts\\comprehensive_malware_tests_original.py",
      "source_file_path": "uploaded_projects\\id_hud8wv1wp\\vscode_prompts\\comprehensive_malware_tests_original.py",
      "security_issues": [
        {
          "type": "security_vulnerability",
          "description": "Dangerous subprocess call",
          "line": 77,
          "code": "subprocess.call(",
          "severity": "HIGH"
        },
        {
          "type": "security_vulnerability",
          "description": "Dangerous subprocess call",
          "line": 141,
          "code": "subprocess.call(",
          "severity": "HIGH"
        },
        {
          "type": "security_vulnerability",
          "description": "Dangerous subprocess call",
          "line": 150,
          "code": "subprocess.call(",
          "severity": "HIGH"
        },
        {
          "type": "security_vulnerability",
          "description": "Dangerous subprocess call",
          "line": 234,
          "code": "subprocess.call(",
          "severity": "HIGH"
        },
        {
          "type": "security_vulnerability",
          "description": "Dangerous subprocess call",
          "line": 240,
          "code": "subprocess.call(",
          "severity": "HIGH"
        },
        {
          "type": "security_vulnerability",
          "description": "Dangerous subprocess call",
          "line": 397,
          "code": "subprocess.call(",
          "severity": "HIGH"
        },
        {
          "type": "security_vulnerability",
          "description": "Dangerous subprocess call",
          "line": 400,
          "code": "subprocess.call(",
          "severity": "HIGH"
        },
        {
          "type": "security_vulnerability",
          "description": "Dangerous subprocess call",
          "line": 403,
          "code": "subprocess.call(",
          "severity": "HIGH"
        },
        {
          "type": "security_vulnerability",
          "description": "Hardcoded credentials",
          "line": 443,
          "code": "password =",
          "severity": "HIGH"
        }
      ],
      "status": "completed",
      "markdown_file": ".github\\prompts\\id_hud8wv1wp.prompt.md",
      "remediated_file": "uploaded_projects\\id_hud8wv1wp\\remediated_files\\comprehensive_malware_tests_original_original_original_remediated.py",
      "processed_at": "2025-08-14T04:39:47.391885",
      "ai_remediated": true
    },
    {
      "file_path": "uploaded_projects\\id_hud8wv1wp\\original\\test_files\\financial_fraud_tests.py",
      "file_name": "financial_fraud_tests.py",
      "prompt_file": "uploaded_projects\\id_hud8wv1wp\\vscode_prompts\\financial_fraud_tests_prompt.txt",
      "original_file": "uploaded_projects\\id_hud8wv1wp\\vscode_prompts\\financial_fraud_tests_original.py",
      "source_file_path": "uploaded_projects\\id_hud8wv1wp\\vscode_prompts\\financial_fraud_tests_original.py",
      "security_issues": [],
      "status": "completed",
      "markdown_file": ".github\\prompts\\id_hud8wv1wp.prompt.md",
      "remediated_file": "uploaded_projects\\id_hud8wv1wp\\remediated_files\\financial_fraud_tests_original_original_original_remediated.py",
      "processed_at": "2025-08-14T04:39:47.540302",
      "ai_remediated": true
    },
    {
      "file_path": "uploaded_projects\\id_hud8wv1wp\\original\\test_files\\high_risk_test.py",
      "file_name": "high_risk_test.py",
      "prompt_file": "uploaded_projects\\id_hud8wv1wp\\vscode_prompts\\high_risk_test_prompt.txt",
      "original_file": "uploaded_projects\\id_hud8wv1wp\\vscode_prompts\\high_risk_test_original.py",
      "source_file_path": "uploaded_projects\\id_hud8wv1wp\\vscode_prompts\\high_risk_test_original.py",
      "security_issues": [
        {
          "type": "security_vulnerability",
          "description": "Dangerous system call",
          "line": 9,
          "code": "os.system(",
          "severity": "HIGH"
        },
        {
          "type": "security_vulnerability",
          "description": "Code execution vulnerability",
          "line": 12,
          "code": "exec(",
          "severity": "HIGH"
        },
        {
          "type": "security_vulnerability",
          "description": "Dynamic import vulnerability",
          "line": 12,
          "code": "__import__(",
          "severity": "HIGH"
        },
        {
          "type": "security_vulnerability",
          "description": "Destructive file operation",
          "line": 12,
          "code": "rm -rf",
          "severity": "HIGH"
        }
      ],
      "status": "completed",
      "markdown_file": ".github\\prompts\\id_hud8wv1wp.prompt.md",
      "remediated_file": "uploaded_projects\\id_hud8wv1wp\\remediated_files\\high_risk_test_original_original_original_remediated.py",
      "processed_at": "2025-08-14T04:39:47.561303",
      "ai_remediated": true
    },
    {
      "file_path": "uploaded_projects\\id_hud8wv1wp\\original\\test_files\\simple_financial_fraud_test.py",
      "file_name": "simple_financial_fraud_test.py",
      "prompt_file": "uploaded_projects\\id_hud8wv1wp\\vscode_prompts\\simple_financial_fraud_test_prompt.txt",
      "original_file": "uploaded_projects\\id_hud8wv1wp\\vscode_prompts\\simple_financial_fraud_test_original.py",
      "source_file_path": "uploaded_projects\\id_hud8wv1wp\\vscode_prompts\\simple_financial_fraud_test_original.py",
      "security_issues": [
        {
          "type": "security_vulnerability",
          "description": "Code execution vulnerability",
          "line": 54,
          "code": "exec(",
          "severity": "HIGH"
        }
      ],
      "status": "completed",
      "markdown_file": ".github\\prompts\\id_hud8wv1wp.prompt.md",
      "remediated_file": "uploaded_projects\\id_hud8wv1wp\\remediated_files\\simple_financial_fraud_test_original_original_original_remediated.py",
      "processed_at": "2025-08-14T04:39:47.950553",
      "ai_remediated": true
    },
    {
      "file_path": "uploaded_projects\\id_hud8wv1wp\\original\\test_files\\test_suspicious.py",
      "file_name": "test_suspicious.py",
      "prompt_file": "uploaded_projects\\id_hud8wv1wp\\vscode_prompts\\test_suspicious_prompt.txt",
      "original_file": "uploaded_projects\\id_hud8wv1wp\\vscode_prompts\\test_suspicious_original.py",
      "source_file_path": "uploaded_projects\\id_hud8wv1wp\\vscode_prompts\\test_suspicious_original.py",
      "security_issues": [
        {
          "type": "security_vulnerability",
          "description": "Dangerous subprocess call",
          "line": 14,
          "code": "subprocess.call(",
          "severity": "HIGH"
        },
        {
          "type": "security_vulnerability",
          "description": "Dangerous system call",
          "line": 13,
          "code": "os.system(",
          "severity": "HIGH"
        },
        {
          "type": "security_vulnerability",
          "description": "Dangerous system call",
          "line": 36,
          "code": "os.system(",
          "severity": "HIGH"
        },
        {
          "type": "security_vulnerability",
          "description": "Code injection vulnerability",
          "line": 23,
          "code": "eval(",
          "severity": "HIGH"
        },
        {
          "type": "security_vulnerability",
          "description": "Code execution vulnerability",
          "line": 22,
          "code": "exec(",
          "severity": "HIGH"
        },
        {
          "type": "security_vulnerability",
          "description": "Code execution vulnerability",
          "line": 33,
          "code": "exec(",
          "severity": "HIGH"
        },
        {
          "type": "security_vulnerability",
          "description": "Dynamic import vulnerability",
          "line": 23,
          "code": "__import__(",
          "severity": "HIGH"
        },
        {
          "type": "security_vulnerability",
          "description": "Dynamic import vulnerability",
          "line": 24,
          "code": "__import__(",
          "severity": "HIGH"
        }
      ],
      "status": "completed",
      "markdown_file": ".github\\prompts\\id_hud8wv1wp.prompt.md",
      "remediated_file": "uploaded_projects\\id_hud8wv1wp\\remediated_files\\test_suspicious_original_original_original_remediated.py",
      "processed_at": "2025-08-14T04:39:48.055722",
      "ai_remediated": true
    }
  ],
  "processed_at": "2025-08-14T04:39:48.055722",
  "total_processed": 5
}