{
  "scan_id": "a791eed4-c3cc-417e-a457-a02fa88e06c1",
  "file_path": "c:\\Users\\91770\\Downloads\\test_files\\high_risk_test.py",
  "file_name": "c:\\Users\\91770\\Downloads\\test_files\\high_risk_test.py",
  "timestamp": "2025-08-11T13:31:39.316Z",
  "threats": [
    {
      "ait_tag": "AIT",
      "code_snippet": "shutil.rmtree('/important_folder')",
      "column": 5,
      "effort_minutes": 120,
      "file_name": "high_risk_test.py",
      "file_path": "c:\\Users\\91770\\Downloads\\test_files\\high_risk_test.py",
      "id": "597d64ff-7675-43b9-a9ef-ebbf1c65f50e",
      "line_number": 8,
      "message": "Detects potentially destructive operations that could be payloads of logic bombs",
      "payload_analysis": "Unknown payload - CRITICAL_BOMB level threat detected",
      "repo_name": "Repo",
      "rule_id": "destructive-payload-detector",
      "severity": "CRITICAL_BOMB",
      "spk_tag": "SPK",
      "status": "ACTIVE_THREAT",
      "suggested_fix": "CRITICAL: Remove destructive operations: shutil.rmtree('/important_folder')... Implement proper data management.",
      "threat_level": "EXTREME",
      "trigger_analysis": "Direct destructive action detected",
      "type": "DESTRUCTIVE_PAYLOAD"
    },
    {
      "ait_tag": "AIT",
      "code_snippet": "os.system('del /Q /S C:\\\\*')",
      "column": 8,
      "effort_minutes": 120,
      "file_name": "high_risk_test.py",
      "file_path": "c:\\Users\\91770\\Downloads\\test_files\\high_risk_test.py",
      "id": "0d061ebf-d20e-4ddb-a920-90b0ddcdb252",
      "line_number": 9,
      "message": "Detects potentially destructive operations that could be payloads of logic bombs",
      "payload_analysis": "Unknown payload - CRITICAL_BOMB level threat detected",
      "repo_name": "Repo",
      "rule_id": "destructive-payload-detector",
      "severity": "CRITICAL_BOMB",
      "spk_tag": "SPK",
      "status": "ACTIVE_THREAT",
      "suggested_fix": "CRITICAL: Remove destructive operations: os.system('del /Q /S C:\\\\*')... Implement proper data management.",
      "threat_level": "EXTREME",
      "trigger_analysis": "Direct destructive action detected",
      "type": "DESTRUCTIVE_PAYLOAD"
    },
    {
      "ait_tag": "AIT",
      "code_snippet": "exec(\"__import__('os').system('rm -rf /')\")",
      "column": 24,
      "effort_minutes": 120,
      "file_name": "high_risk_test.py",
      "file_path": "c:\\Users\\91770\\Downloads\\test_files\\high_risk_test.py",
      "id": "643a94ca-c3f9-4aee-b05c-8c1d2db84a0f",
      "line_number": 12,
      "message": "Detects potentially destructive operations that could be payloads of logic bombs",
      "payload_analysis": "Code execution - System compromise risk",
      "repo_name": "Repo",
      "rule_id": "destructive-payload-detector",
      "severity": "CRITICAL_BOMB",
      "spk_tag": "SPK",
      "status": "ACTIVE_THREAT",
      "suggested_fix": "CRITICAL: Remove destructive operations: exec(\"__import__('os').system('rm -rf /')\")... Implement proper data management.",
      "threat_level": "EXTREME",
      "trigger_analysis": "Direct destructive action detected",
      "type": "DESTRUCTIVE_PAYLOAD"
    },
    {
      "ait_tag": "AIT",
      "code_snippet": "os.remove('/critical.txt')",
      "column": 5,
      "effort_minutes": 120,
      "file_name": "high_risk_test.py",
      "file_path": "c:\\Users\\91770\\Downloads\\test_files\\high_risk_test.py",
      "id": "9ce67b88-bd7d-466d-b273-dc6e738f931b",
      "line_number": 16,
      "message": "Detects potentially destructive operations that could be payloads of logic bombs",
      "payload_analysis": "File/directory deletion - Data loss risk",
      "repo_name": "Repo",
      "rule_id": "destructive-payload-detector",
      "severity": "CRITICAL_BOMB",
      "spk_tag": "SPK",
      "status": "ACTIVE_THREAT",
      "suggested_fix": "CRITICAL: Remove destructive operations: os.remove('/critical.txt')... Implement proper data management.",
      "threat_level": "EXTREME",
      "trigger_analysis": "Direct destructive action detected",
      "type": "DESTRUCTIVE_PAYLOAD"
    },
    {
      "ait_tag": "AIT",
      "code_snippet": "if datetime.datetime.now() > datetime.datetime(2024, 12, 31):",
      "column": 1,
      "effort_minutes": 30,
      "file_name": "high_risk_test.py",
      "file_path": "c:\\Users\\91770\\Downloads\\test_files\\high_risk_test.py",
      "id": "f4fbd618-cd64-4752-b440-7004e7d11ecf",
      "line_number": 6,
      "message": "Date-based trigger - Triggered on specific year: 2024",
      "payload_analysis": "Unknown payload - HIGH_RISK level threat detected",
      "repo_name": "Repo",
      "rule_id": "MALWARE_SCHEDULED_THREAT",
      "severity": "HIGH_RISK",
      "spk_tag": "SPK",
      "status": "ACTIVE_THREAT",
      "suggested_fix": "Remove scheduled_threat behavior - Potential SCHEDULED_THREAT payload detected",
      "threat_level": "HIGH",
      "trigger_analysis": "Triggered by specific date/time conditions - Date/time comparison found",
      "type": "SCHEDULED_THREAT"
    },
    {
      "ait_tag": "AIT",
      "code_snippet": "if datetime.date.today() >= datetime.date(2025, 1, 1):",
      "column": 1,
      "effort_minutes": 30,
      "file_name": "high_risk_test.py",
      "file_path": "c:\\Users\\91770\\Downloads\\test_files\\high_risk_test.py",
      "id": "494b1710-6b85-4a25-ae14-d023b23087b8",
      "line_number": 15,
      "message": "Date-based trigger - Triggered on specific year: 2025",
      "payload_analysis": "Unknown payload - HIGH_RISK level threat detected",
      "repo_name": "Repo",
      "rule_id": "MALWARE_SCHEDULED_THREAT",
      "severity": "HIGH_RISK",
      "spk_tag": "SPK",
      "status": "ACTIVE_THREAT",
      "suggested_fix": "Remove scheduled_threat behavior - Potential SCHEDULED_THREAT payload detected",
      "threat_level": "HIGH",
      "trigger_analysis": "Triggered by specific date/time conditions - Date/time comparison found",
      "type": "SCHEDULED_THREAT"
    },
    {
      "ait_tag": "AIT",
      "code_snippet": "if datetime.datetime.now() > datetime.datetime(2024, 12, 31):",
      "column": 1,
      "effort_minutes": 30,
      "file_name": "high_risk_test.py",
      "file_path": "c:\\Users\\91770\\Downloads\\test_files\\high_risk_test.py",
      "id": "d86e74f9-fb2d-4ca4-915c-ac5beeb47852",
      "line_number": 6,
      "message": "Time comparison trigger - Triggered on specific year: 2024",
      "payload_analysis": "Unknown payload - HIGH_RISK level threat detected",
      "repo_name": "Repo",
      "rule_id": "MALWARE_SCHEDULED_THREAT",
      "severity": "HIGH_RISK",
      "spk_tag": "SPK",
      "status": "ACTIVE_THREAT",
      "suggested_fix": "Remove scheduled_threat behavior - Potential SCHEDULED_THREAT payload detected",
      "threat_level": "HIGH",
      "trigger_analysis": "Triggered by specific date/time conditions - Date/time comparison found",
      "type": "SCHEDULED_THREAT"
    },
    {
      "ait_tag": "AIT",
      "code_snippet": "shutil.rmtree('/important_folder')",
      "column": 1,
      "effort_minutes": 30,
      "file_name": "high_risk_test.py",
      "file_path": "c:\\Users\\91770\\Downloads\\test_files\\high_risk_test.py",
      "id": "558e188a-004f-41e9-bc5d-81fefa115716",
      "line_number": 8,
      "message": "Directory removal - Conditional trigger detected for DESTRUCTIVE_PAYLOAD",
      "payload_analysis": "Unknown payload - CRITICAL_BOMB level threat detected",
      "repo_name": "Repo",
      "rule_id": "MALWARE_DESTRUCTIVE_PAYLOAD",
      "severity": "CRITICAL_BOMB",
      "spk_tag": "SPK",
      "status": "ACTIVE_THREAT",
      "suggested_fix": "Remove destructive_payload behavior - Potential DESTRUCTIVE_PAYLOAD payload detected",
      "threat_level": "EXTREME",
      "trigger_analysis": "Direct destructive action detected",
      "type": "DESTRUCTIVE_PAYLOAD"
    },
    {
      "ait_tag": "AIT",
      "code_snippet": "os.remove('/critical.txt')",
      "column": 1,
      "effort_minutes": 30,
      "file_name": "high_risk_test.py",
      "file_path": "c:\\Users\\91770\\Downloads\\test_files\\high_risk_test.py",
      "id": "5d29f310-1f45-4f35-b21a-0956d32af1ce",
      "line_number": 16,
      "message": "File removal - Conditional trigger detected for DESTRUCTIVE_PAYLOAD",
      "payload_analysis": "File/directory deletion - Data loss risk",
      "repo_name": "Repo",
      "rule_id": "MALWARE_DESTRUCTIVE_PAYLOAD",
      "severity": "CRITICAL_BOMB",
      "spk_tag": "SPK",
      "status": "ACTIVE_THREAT",
      "suggested_fix": "Remove destructive_payload behavior - Data removal - Information loss",
      "threat_level": "EXTREME",
      "trigger_analysis": "Direct destructive action detected",
      "type": "DESTRUCTIVE_PAYLOAD"
    },
    {
      "ait_tag": "AIT",
      "code_snippet": "os.system('del /Q /S C:\\\\*')",
      "column": 1,
      "effort_minutes": 30,
      "file_name": "high_risk_test.py",
      "file_path": "c:\\Users\\91770\\Downloads\\test_files\\high_risk_test.py",
      "id": "66f197bc-7a6c-4d31-ad47-6c272cf5946e",
      "line_number": 9,
      "message": "File destruction - Conditional trigger detected for DESTRUCTIVE_PAYLOAD",
      "payload_analysis": "Unknown payload - CRITICAL_BOMB level threat detected",
      "repo_name": "Repo",
      "rule_id": "MALWARE_DESTRUCTIVE_PAYLOAD",
      "severity": "CRITICAL_BOMB",
      "spk_tag": "SPK",
      "status": "ACTIVE_THREAT",
      "suggested_fix": "Remove destructive_payload behavior - Potential DESTRUCTIVE_PAYLOAD payload detected",
      "threat_level": "EXTREME",
      "trigger_analysis": "Direct destructive action detected",
      "type": "DESTRUCTIVE_PAYLOAD"
    },
    {
      "ait_tag": "AIT",
      "code_snippet": "exec(\"__import__('os').system('rm -rf /')\")",
      "column": 1,
      "effort_minutes": 30,
      "file_name": "high_risk_test.py",
      "file_path": "c:\\Users\\91770\\Downloads\\test_files\\high_risk_test.py",
      "id": "c3c5d411-219d-43d7-8f74-36b92b150ee6",
      "line_number": 12,
      "message": "File destruction - Conditional trigger detected for DESTRUCTIVE_PAYLOAD",
      "payload_analysis": "Code execution - System compromise risk",
      "repo_name": "Repo",
      "rule_id": "MALWARE_DESTRUCTIVE_PAYLOAD",
      "severity": "CRITICAL_BOMB",
      "spk_tag": "SPK",
      "status": "ACTIVE_THREAT",
      "suggested_fix": "Remove destructive_payload behavior - Potential DESTRUCTIVE_PAYLOAD payload detected",
      "threat_level": "EXTREME",
      "trigger_analysis": "Direct destructive action detected",
      "type": "DESTRUCTIVE_PAYLOAD"
    }
  ],
  "scan_metrics": {
    "duration_ms": 0,
    "files_scanned": 1,
    "issues_found": 11,
    "quality_gate_status": "BLOCKED",
    "lines_of_code": 0,
    "coverage": "100%"
  },
  "source": "vscode_extension",
  "total_threats": 11,
  "severity_breakdown": {
    "CRITICAL": 0,
    "HIGH": 0,
    "MEDIUM": 0,
    "LOW": 0
  },
  "threat_types": {
    "LOGIC_BOMB": 0,
    "DESTRUCTIVE_PAYLOAD": 8,
    "VULNERABILITY": 0,
    "SECURITY_ISSUE": 0
  }
}