{
  "scan_id": "bad2b6b2-a7f4-429c-874f-ae7216792362",
  "timestamp": "2025-08-07T13:22:19.222347",
  "total_files": 1,
  "prompts": [
    {
      "file_path": "d:\\CodeKata\\dashboard_api_enhanced\\test_file.py",
      "file_name": "test_file.py",
      "prompt_file": "uploaded_projects\\bad2b6b2-a7f4-429c-874f-ae7216792362\\vscode_prompts\\test_file_prompt.txt",
      "original_file": "uploaded_projects\\bad2b6b2-a7f4-429c-874f-ae7216792362\\vscode_prompts\\test_file_original.py",
      "source_file_path": "d:\\CodeKata\\dashboard_api_enhanced\\test_file.py",
      "security_issues": [
        {
          "type": "security_vulnerability",
          "description": "Dangerous system call",
          "line": 21,
          "code": "os.system(",
          "severity": "HIGH"
        },
        {
          "type": "security_vulnerability",
          "description": "Dangerous system call",
          "line": 33,
          "code": "os.system(",
          "severity": "HIGH"
        },
        {
          "type": "security_vulnerability",
          "description": "Code injection vulnerability",
          "line": 73,
          "code": "eval(",
          "severity": "HIGH"
        },
        {
          "type": "security_vulnerability",
          "description": "Hardcoded credentials",
          "line": 39,
          "code": "password =",
          "severity": "HIGH"
        }
      ],
      "status": "pending",
      "markdown_file": ".github\\prompts\\bad2b6b2-a7f4-429c-874f-ae7216792362.prompt.md"
    }
  ]
}