{
  "scan_id": "id_3d96uxs9c",
  "timestamp": "2025-08-03T13:05:02.129989",
  "total_files": 1,
  "prompts": [
    {
      "file_path": "uploaded_projects\\id_3d96uxs9c\\original\\test_advanced_metrics.py",
      "file_name": "test_advanced_metrics.py",
      "prompt_file": "uploaded_projects\\id_3d96uxs9c\\vscode_prompts\\test_advanced_metrics_prompt.txt",
      "original_file": "uploaded_projects\\id_3d96uxs9c\\vscode_prompts\\test_advanced_metrics_original.py",
      "source_file_path": "uploaded_projects\\id_3d96uxs9c\\original\\test_advanced_metrics.py",
      "security_issues": [],
      "status": "pending",
      "markdown_file": ".github\\prompts\\id_3d96uxs9c.prompt.md"
    }
  ]
}