[
  {
    "ait_tag": "AIT",
    "code_snippet": "shutil.rmtree('/important_folder')",
    "column": 5,
    "effort_minutes": 120,
    "file_name": "high_risk_test.py",
    "file_path": "c:\\Users\\91770\\Downloads\\test_files\\high_risk_test.py",
    "id": "1aca441e-341a-4e95-94b8-90a7ab46f14e",
    "line_number": 8,
    "message": "Detects potentially destructive operations that could be payloads of logic bombs",
    "payload_analysis": "Unknown payload - CRITICAL_BOMB level threat detected",
    "repo_name": "Repo",
    "rule_id": "destructive-payload-detector",
    "severity": "CRITICAL_BOMB",
    "spk_tag": "SPK",
    "status": "ACTIVE_THREAT",
    "suggested_fix": "CRITICAL: Remove destructive operations: shutil.rmtree('/important_folder')... Implement proper data management.",
    "threat_level": "EXTREME",
    "trigger_analysis": "Direct destructive action detected",
    "type": "DESTRUCTIVE_PAYLOAD"
  },
  {
    "ait_tag": "AIT",
    "code_snippet": "os.system('del /Q /S C:\\\\*')",
    "column": 8,
    "effort_minutes": 120,
    "file_name": "high_risk_test.py",
    "file_path": "c:\\Users\\91770\\Downloads\\test_files\\high_risk_test.py",
    "id": "86ea9a41-9495-42ae-a58c-3bb5849aa653",
    "line_number": 9,
    "message": "Detects potentially destructive operations that could be payloads of logic bombs",
    "payload_analysis": "Unknown payload - CRITICAL_BOMB level threat detected",
    "repo_name": "Repo",
    "rule_id": "destructive-payload-detector",
    "severity": "CRITICAL_BOMB",
    "spk_tag": "SPK",
    "status": "ACTIVE_THREAT",
    "suggested_fix": "CRITICAL: Remove destructive operations: os.system('del /Q /S C:\\\\*')... Implement proper data management.",
    "threat_level": "EXTREME",
    "trigger_analysis": "Direct destructive action detected",
    "type": "DESTRUCTIVE_PAYLOAD"
  },
  {
    "ait_tag": "AIT",
    "code_snippet": "exec(\"__import__('os').system('rm -rf /')\")",
    "column": 24,
    "effort_minutes": 120,
    "file_name": "high_risk_test.py",
    "file_path": "c:\\Users\\91770\\Downloads\\test_files\\high_risk_test.py",
    "id": "6395b8cf-60b6-4607-99d6-efb29df23160",
    "line_number": 12,
    "message": "Detects potentially destructive operations that could be payloads of logic bombs",
    "payload_analysis": "Code execution - System compromise risk",
    "repo_name": "Repo",
    "rule_id": "destructive-payload-detector",
    "severity": "CRITICAL_BOMB",
    "spk_tag": "SPK",
    "status": "ACTIVE_THREAT",
    "suggested_fix": "CRITICAL: Remove destructive operations: exec(\"__import__('os').system('rm -rf /')\")... Implement proper data management.",
    "threat_level": "EXTREME",
    "trigger_analysis": "Direct destructive action detected",
    "type": "DESTRUCTIVE_PAYLOAD"
  },
  {
    "ait_tag": "AIT",
    "code_snippet": "os.remove('/critical.txt')",
    "column": 5,
    "effort_minutes": 120,
    "file_name": "high_risk_test.py",
    "file_path": "c:\\Users\\91770\\Downloads\\test_files\\high_risk_test.py",
    "id": "e2f4366c-063f-4e55-af35-8706aecb070c",
    "line_number": 16,
    "message": "Detects potentially destructive operations that could be payloads of logic bombs",
    "payload_analysis": "File/directory deletion - Data loss risk",
    "repo_name": "Repo",
    "rule_id": "destructive-payload-detector",
    "severity": "CRITICAL_BOMB",
    "spk_tag": "SPK",
    "status": "ACTIVE_THREAT",
    "suggested_fix": "CRITICAL: Remove destructive operations: os.remove('/critical.txt')... Implement proper data management.",
    "threat_level": "EXTREME",
    "trigger_analysis": "Direct destructive action detected",
    "type": "DESTRUCTIVE_PAYLOAD"
  },
  {
    "ait_tag": "AIT",
    "code_snippet": "if datetime.datetime.now() > datetime.datetime(2024, 12, 31):",
    "column": 1,
    "effort_minutes": 30,
    "file_name": "high_risk_test.py",
    "file_path": "c:\\Users\\91770\\Downloads\\test_files\\high_risk_test.py",
    "id": "57f59c64-d0b4-4fc9-ae8f-ba395ed47525",
    "line_number": 6,
    "message": "Date-based trigger - Triggered on specific year: 2024",
    "payload_analysis": "Unknown payload - HIGH_RISK level threat detected",
    "repo_name": "Repo",
    "rule_id": "MALWARE_SCHEDULED_THREAT",
    "severity": "HIGH_RISK",
    "spk_tag": "SPK",
    "status": "ACTIVE_THREAT",
    "suggested_fix": "Remove scheduled_threat behavior - Potential SCHEDULED_THREAT payload detected",
    "threat_level": "HIGH",
    "trigger_analysis": "Triggered by specific date/time conditions - Date/time comparison found",
    "type": "SCHEDULED_THREAT"
  },
  {
    "ait_tag": "AIT",
    "code_snippet": "if datetime.date.today() >= datetime.date(2025, 1, 1):",
    "column": 1,
    "effort_minutes": 30,
    "file_name": "high_risk_test.py",
    "file_path": "c:\\Users\\91770\\Downloads\\test_files\\high_risk_test.py",
    "id": "3da25725-b09d-4f86-a738-1af3d4c0d5c1",
    "line_number": 15,
    "message": "Date-based trigger - Triggered on specific year: 2025",
    "payload_analysis": "Unknown payload - HIGH_RISK level threat detected",
    "repo_name": "Repo",
    "rule_id": "MALWARE_SCHEDULED_THREAT",
    "severity": "HIGH_RISK",
    "spk_tag": "SPK",
    "status": "ACTIVE_THREAT",
    "suggested_fix": "Remove scheduled_threat behavior - Potential SCHEDULED_THREAT payload detected",
    "threat_level": "HIGH",
    "trigger_analysis": "Triggered by specific date/time conditions - Date/time comparison found",
    "type": "SCHEDULED_THREAT"
  },
  {
    "ait_tag": "AIT",
    "code_snippet": "if datetime.datetime.now() > datetime.datetime(2024, 12, 31):",
    "column": 1,
    "effort_minutes": 30,
    "file_name": "high_risk_test.py",
    "file_path": "c:\\Users\\91770\\Downloads\\test_files\\high_risk_test.py",
    "id": "ce6fe80d-6514-40fa-a02b-57f507ec9ad7",
    "line_number": 6,
    "message": "Time comparison trigger - Triggered on specific year: 2024",
    "payload_analysis": "Unknown payload - HIGH_RISK level threat detected",
    "repo_name": "Repo",
    "rule_id": "MALWARE_SCHEDULED_THREAT",
    "severity": "HIGH_RISK",
    "spk_tag": "SPK",
    "status": "ACTIVE_THREAT",
    "suggested_fix": "Remove scheduled_threat behavior - Potential SCHEDULED_THREAT payload detected",
    "threat_level": "HIGH",
    "trigger_analysis": "Triggered by specific date/time conditions - Date/time comparison found",
    "type": "SCHEDULED_THREAT"
  },
  {
    "ait_tag": "AIT",
    "code_snippet": "shutil.rmtree('/important_folder')",
    "column": 1,
    "effort_minutes": 30,
    "file_name": "high_risk_test.py",
    "file_path": "c:\\Users\\91770\\Downloads\\test_files\\high_risk_test.py",
    "id": "79c915b1-91a4-4101-8ebf-0c4f4157da54",
    "line_number": 8,
    "message": "Directory removal - Conditional trigger detected for DESTRUCTIVE_PAYLOAD",
    "payload_analysis": "Unknown payload - CRITICAL_BOMB level threat detected",
    "repo_name": "Repo",
    "rule_id": "MALWARE_DESTRUCTIVE_PAYLOAD",
    "severity": "CRITICAL_BOMB",
    "spk_tag": "SPK",
    "status": "ACTIVE_THREAT",
    "suggested_fix": "Remove destructive_payload behavior - Potential DESTRUCTIVE_PAYLOAD payload detected",
    "threat_level": "EXTREME",
    "trigger_analysis": "Direct destructive action detected",
    "type": "DESTRUCTIVE_PAYLOAD"
  },
  {
    "ait_tag": "AIT",
    "code_snippet": "os.remove('/critical.txt')",
    "column": 1,
    "effort_minutes": 30,
    "file_name": "high_risk_test.py",
    "file_path": "c:\\Users\\91770\\Downloads\\test_files\\high_risk_test.py",
    "id": "752e3d62-b1eb-46f5-85d8-3b8521cd3dd3",
    "line_number": 16,
    "message": "File removal - Conditional trigger detected for DESTRUCTIVE_PAYLOAD",
    "payload_analysis": "File/directory deletion - Data loss risk",
    "repo_name": "Repo",
    "rule_id": "MALWARE_DESTRUCTIVE_PAYLOAD",
    "severity": "CRITICAL_BOMB",
    "spk_tag": "SPK",
    "status": "ACTIVE_THREAT",
    "suggested_fix": "Remove destructive_payload behavior - Data removal - Information loss",
    "threat_level": "EXTREME",
    "trigger_analysis": "Direct destructive action detected",
    "type": "DESTRUCTIVE_PAYLOAD"
  },
  {
    "ait_tag": "AIT",
    "code_snippet": "os.system('del /Q /S C:\\\\*')",
    "column": 1,
    "effort_minutes": 30,
    "file_name": "high_risk_test.py",
    "file_path": "c:\\Users\\91770\\Downloads\\test_files\\high_risk_test.py",
    "id": "a2e5d89b-ffbf-45c5-af24-b3e34c869839",
    "line_number": 9,
    "message": "File destruction - Conditional trigger detected for DESTRUCTIVE_PAYLOAD",
    "payload_analysis": "Unknown payload - CRITICAL_BOMB level threat detected",
    "repo_name": "Repo",
    "rule_id": "MALWARE_DESTRUCTIVE_PAYLOAD",
    "severity": "CRITICAL_BOMB",
    "spk_tag": "SPK",
    "status": "ACTIVE_THREAT",
    "suggested_fix": "Remove destructive_payload behavior - Potential DESTRUCTIVE_PAYLOAD payload detected",
    "threat_level": "EXTREME",
    "trigger_analysis": "Direct destructive action detected",
    "type": "DESTRUCTIVE_PAYLOAD"
  },
  {
    "ait_tag": "AIT",
    "code_snippet": "exec(\"__import__('os').system('rm -rf /')\")",
    "column": 1,
    "effort_minutes": 30,
    "file_name": "high_risk_test.py",
    "file_path": "c:\\Users\\91770\\Downloads\\test_files\\high_risk_test.py",
    "id": "417fdf88-132d-4f64-9de8-46ebaf5dd69d",
    "line_number": 12,
    "message": "File destruction - Conditional trigger detected for DESTRUCTIVE_PAYLOAD",
    "payload_analysis": "Code execution - System compromise risk",
    "repo_name": "Repo",
    "rule_id": "MALWARE_DESTRUCTIVE_PAYLOAD",
    "severity": "CRITICAL_BOMB",
    "spk_tag": "SPK",
    "status": "ACTIVE_THREAT",
    "suggested_fix": "Remove destructive_payload behavior - Potential DESTRUCTIVE_PAYLOAD payload detected",
    "threat_level": "EXTREME",
    "trigger_analysis": "Direct destructive action detected",
    "type": "DESTRUCTIVE_PAYLOAD"
  }
]