{
  "scan_id": "5f4e45fe-d310-4597-b6b8-2e9cd3bbe0aa",
  "timestamp": "2025-08-07T14:30:01.472987",
  "total_files": 1,
  "prompts": [
    {
      "file_path": "d:\\CodeKata\\chat-ui\\test_file.py",
      "file_name": "test_file.py",
      "prompt_file": "uploaded_projects\\5f4e45fe-d310-4597-b6b8-2e9cd3bbe0aa\\vscode_prompts\\test_file_prompt.txt",
      "original_file": "uploaded_projects\\5f4e45fe-d310-4597-b6b8-2e9cd3bbe0aa\\vscode_prompts\\test_file_original.py",
      "source_file_path": "d:\\CodeKata\\chat-ui\\test_file.py",
      "security_issues": [
        {
          "type": "security_vulnerability",
          "description": "Dangerous system call",
          "line": 21,
          "code": "os.system(",
          "severity": "HIGH"
        },
        {
          "type": "security_vulnerability",
          "description": "Dangerous system call",
          "line": 33,
          "code": "os.system(",
          "severity": "HIGH"
        },
        {
          "type": "security_vulnerability",
          "description": "Code injection vulnerability",
          "line": 73,
          "code": "eval(",
          "severity": "HIGH"
        },
        {
          "type": "security_vulnerability",
          "description": "Hardcoded credentials",
          "line": 39,
          "code": "password =",
          "severity": "HIGH"
        }
      ],
      "status": "pending",
      "markdown_file": ".github\\prompts\\5f4e45fe-d310-4597-b6b8-2e9cd3bbe0aa.prompt.md"
    }
  ]
}