{
  "scan_id": "id_huixt9col",
  "timestamp": "2025-08-14T09:03:54.907712",
  "total_files": 1,
  "prompts": [
    {
      "file_path": "uploaded_projects\\id_huixt9col\\original\\comprehensive_malware_tests.py",
      "file_name": "comprehensive_malware_tests.py",
      "prompt_file": "uploaded_projects\\id_huixt9col\\vscode_prompts\\comprehensive_malware_tests_prompt.txt",
      "original_file": "uploaded_projects\\id_huixt9col\\vscode_prompts\\comprehensive_malware_tests_original.py",
      "source_file_path": "uploaded_projects\\id_huixt9col\\original\\comprehensive_malware_tests.py",
      "security_issues": [
        {
          "type": "security_vulnerability",
          "description": "Dangerous subprocess call",
          "line": 77,
          "code": "subprocess.call(",
          "severity": "HIGH"
        },
        {
          "type": "security_vulnerability",
          "description": "Dangerous subprocess call",
          "line": 141,
          "code": "subprocess.call(",
          "severity": "HIGH"
        },
        {
          "type": "security_vulnerability",
          "description": "Dangerous subprocess call",
          "line": 150,
          "code": "subprocess.call(",
          "severity": "HIGH"
        },
        {
          "type": "security_vulnerability",
          "description": "Dangerous subprocess call",
          "line": 234,
          "code": "subprocess.call(",
          "severity": "HIGH"
        },
        {
          "type": "security_vulnerability",
          "description": "Dangerous subprocess call",
          "line": 240,
          "code": "subprocess.call(",
          "severity": "HIGH"
        },
        {
          "type": "security_vulnerability",
          "description": "Dangerous subprocess call",
          "line": 397,
          "code": "subprocess.call(",
          "severity": "HIGH"
        },
        {
          "type": "security_vulnerability",
          "description": "Dangerous subprocess call",
          "line": 400,
          "code": "subprocess.call(",
          "severity": "HIGH"
        },
        {
          "type": "security_vulnerability",
          "description": "Dangerous subprocess call",
          "line": 403,
          "code": "subprocess.call(",
          "severity": "HIGH"
        },
        {
          "type": "security_vulnerability",
          "description": "Hardcoded credentials",
          "line": 443,
          "code": "password =",
          "severity": "HIGH"
        }
      ],
      "status": "pending",
      "markdown_file": ".github\\prompts\\id_huixt9col.prompt.md"
    }
  ]
}