{
  "scan_id": "id_34niqngo1",
  "timestamp": "2025-08-03T10:49:08.350918",
  "total_files": 6,
  "prompts": [
    {
      "file_path": "uploaded_projects\\id_34niqngo1\\original\\thread_scan_test_files\\test_destructive_payload.py",
      "file_name": "test_destructive_payload.py",
      "prompt_file": "uploaded_projects\\id_34niqngo1\\vscode_prompts\\test_destructive_payload_prompt.txt",
      "original_file": "uploaded_projects\\id_34niqngo1\\vscode_prompts\\test_destructive_payload_original.py",
      "source_file_path": "uploaded_projects\\id_34niqngo1\\original\\thread_scan_test_files\\test_destructive_payload.py",
      "security_issues": [
        {
          "type": "security_vulnerability",
          "description": "Dangerous subprocess call",
          "line": 29,
          "code": "subprocess.call(",
          "severity": "HIGH"
        },
        {
          "type": "security_vulnerability",
          "description": "Dangerous subprocess call",
          "line": 44,
          "code": "subprocess.call(",
          "severity": "HIGH"
        },
        {
          "type": "security_vulnerability",
          "description": "Dangerous system call",
          "line": 23,
          "code": "os.system(",
          "severity": "HIGH"
        },
        {
          "type": "security_vulnerability",
          "description": "Dangerous system call",
          "line": 30,
          "code": "os.system(",
          "severity": "HIGH"
        },
        {
          "type": "security_vulnerability",
          "description": "Dangerous system call",
          "line": 36,
          "code": "os.system(",
          "severity": "HIGH"
        },
        {
          "type": "security_vulnerability",
          "description": "Dangerous system call",
          "line": 43,
          "code": "os.system(",
          "severity": "HIGH"
        },
        {
          "type": "security_vulnerability",
          "description": "Dangerous system call",
          "line": 50,
          "code": "os.system(",
          "severity": "HIGH"
        }
      ],
      "status": "pending",
      "markdown_file": ".github\\prompts\\id_34niqngo1.prompt.md"
    },
    {
      "file_path": "uploaded_projects\\id_34niqngo1\\original\\thread_scan_test_files\\test_execution_trigger.py",
      "file_name": "test_execution_trigger.py",
      "prompt_file": "uploaded_projects\\id_34niqngo1\\vscode_prompts\\test_execution_trigger_prompt.txt",
      "original_file": "uploaded_projects\\id_34niqngo1\\vscode_prompts\\test_execution_trigger_original.py",
      "source_file_path": "uploaded_projects\\id_34niqngo1\\original\\thread_scan_test_files\\test_execution_trigger.py",
      "security_issues": [
        {
          "type": "security_vulnerability",
          "description": "Dangerous system call",
          "line": 30,
          "code": "os.system(",
          "severity": "HIGH"
        },
        {
          "type": "security_vulnerability",
          "description": "Dangerous system call",
          "line": 40,
          "code": "os.system(",
          "severity": "HIGH"
        }
      ],
      "status": "pending",
      "markdown_file": ".github\\prompts\\id_34niqngo1.prompt.md"
    },
    {
      "file_path": "uploaded_projects\\id_34niqngo1\\original\\thread_scan_test_files\\test_financial_fraud.py",
      "file_name": "test_financial_fraud.py",
      "prompt_file": "uploaded_projects\\id_34niqngo1\\vscode_prompts\\test_financial_fraud_prompt.txt",
      "original_file": "uploaded_projects\\id_34niqngo1\\vscode_prompts\\test_financial_fraud_original.py",
      "source_file_path": "uploaded_projects\\id_34niqngo1\\original\\thread_scan_test_files\\test_financial_fraud.py",
      "security_issues": [],
      "status": "pending",
      "markdown_file": ".github\\prompts\\id_34niqngo1.prompt.md"
    },
    {
      "file_path": "uploaded_projects\\id_34niqngo1\\original\\thread_scan_test_files\\test_safe_file.py",
      "file_name": "test_safe_file.py",
      "prompt_file": "uploaded_projects\\id_34niqngo1\\vscode_prompts\\test_safe_file_prompt.txt",
      "original_file": "uploaded_projects\\id_34niqngo1\\vscode_prompts\\test_safe_file_original.py",
      "source_file_path": "uploaded_projects\\id_34niqngo1\\original\\thread_scan_test_files\\test_safe_file.py",
      "security_issues": [],
      "status": "pending",
      "markdown_file": ".github\\prompts\\id_34niqngo1.prompt.md"
    },
    {
      "file_path": "uploaded_projects\\id_34niqngo1\\original\\thread_scan_test_files\\test_scheduled_threat.py",
      "file_name": "test_scheduled_threat.py",
      "prompt_file": "uploaded_projects\\id_34niqngo1\\vscode_prompts\\test_scheduled_threat_prompt.txt",
      "original_file": "uploaded_projects\\id_34niqngo1\\vscode_prompts\\test_scheduled_threat_original.py",
      "source_file_path": "uploaded_projects\\id_34niqngo1\\original\\thread_scan_test_files\\test_scheduled_threat.py",
      "security_issues": [
        {
          "type": "security_vulnerability",
          "description": "Dangerous system call",
          "line": 33,
          "code": "os.system(",
          "severity": "HIGH"
        }
      ],
      "status": "pending",
      "markdown_file": ".github\\prompts\\id_34niqngo1.prompt.md"
    },
    {
      "file_path": "uploaded_projects\\id_34niqngo1\\original\\thread_scan_test_files\\test_targeted_attack.py",
      "file_name": "test_targeted_attack.py",
      "prompt_file": "uploaded_projects\\id_34niqngo1\\vscode_prompts\\test_targeted_attack_prompt.txt",
      "original_file": "uploaded_projects\\id_34niqngo1\\vscode_prompts\\test_targeted_attack_original.py",
      "source_file_path": "uploaded_projects\\id_34niqngo1\\original\\thread_scan_test_files\\test_targeted_attack.py",
      "security_issues": [
        {
          "type": "security_vulnerability",
          "description": "Dangerous subprocess call",
          "line": 16,
          "code": "subprocess.call(",
          "severity": "HIGH"
        },
        {
          "type": "security_vulnerability",
          "description": "Dangerous system call",
          "line": 24,
          "code": "os.system(",
          "severity": "HIGH"
        }
      ],
      "status": "pending",
      "markdown_file": ".github\\prompts\\id_34niqngo1.prompt.md"
    }
  ]
}