{
  "scan_id": "id_9olxix8aw",
  "timestamp": "2025-08-03T10:54:54.839866",
  "total_files": 4,
  "prompts": [
    {
      "file_path": "uploaded_projects\\id_9olxix8aw\\original\\advanced_security_debt\\authentication_bypass.py",
      "file_name": "authentication_bypass.py",
      "prompt_file": "uploaded_projects\\id_9olxix8aw\\vscode_prompts\\authentication_bypass_prompt.txt",
      "original_file": "uploaded_projects\\id_9olxix8aw\\vscode_prompts\\authentication_bypass_original.py",
      "source_file_path": "uploaded_projects\\id_9olxix8aw\\original\\advanced_security_debt\\authentication_bypass.py",
      "security_issues": [],
      "status": "pending",
      "markdown_file": ".github\\prompts\\id_9olxix8aw.prompt.md"
    },
    {
      "file_path": "uploaded_projects\\id_9olxix8aw\\original\\advanced_security_debt\\data_exposure.py",
      "file_name": "data_exposure.py",
      "prompt_file": "uploaded_projects\\id_9olxix8aw\\vscode_prompts\\data_exposure_prompt.txt",
      "original_file": "uploaded_projects\\id_9olxix8aw\\vscode_prompts\\data_exposure_original.py",
      "source_file_path": "uploaded_projects\\id_9olxix8aw\\original\\advanced_security_debt\\data_exposure.py",
      "security_issues": [
        {
          "type": "missing_validation",
          "description": "Missing input validation",
          "line": 1,
          "code": "function definition",
          "severity": "MEDIUM"
        }
      ],
      "status": "pending",
      "markdown_file": ".github\\prompts\\id_9olxix8aw.prompt.md"
    },
    {
      "file_path": "uploaded_projects\\id_9olxix8aw\\original\\advanced_security_debt\\sql_injection.py",
      "file_name": "sql_injection.py",
      "prompt_file": "uploaded_projects\\id_9olxix8aw\\vscode_prompts\\sql_injection_prompt.txt",
      "original_file": "uploaded_projects\\id_9olxix8aw\\vscode_prompts\\sql_injection_original.py",
      "source_file_path": "uploaded_projects\\id_9olxix8aw\\original\\advanced_security_debt\\sql_injection.py",
      "security_issues": [
        {
          "type": "missing_validation",
          "description": "Missing input validation",
          "line": 1,
          "code": "function definition",
          "severity": "MEDIUM"
        }
      ],
      "status": "pending",
      "markdown_file": ".github\\prompts\\id_9olxix8aw.prompt.md"
    },
    {
      "file_path": "uploaded_projects\\id_9olxix8aw\\original\\advanced_security_debt\\xss_vulnerabilities.py",
      "file_name": "xss_vulnerabilities.py",
      "prompt_file": "uploaded_projects\\id_9olxix8aw\\vscode_prompts\\xss_vulnerabilities_prompt.txt",
      "original_file": "uploaded_projects\\id_9olxix8aw\\vscode_prompts\\xss_vulnerabilities_original.py",
      "source_file_path": "uploaded_projects\\id_9olxix8aw\\original\\advanced_security_debt\\xss_vulnerabilities.py",
      "security_issues": [
        {
          "type": "missing_validation",
          "description": "Missing input validation",
          "line": 1,
          "code": "function definition",
          "severity": "MEDIUM"
        }
      ],
      "status": "pending",
      "markdown_file": ".github\\prompts\\id_9olxix8aw.prompt.md"
    }
  ]
}