[
  {
    "timestamp": "2025-08-13T11:43:30.617048",
    "cpu_percent": 16.0,
    "memory_percent": 66.0,
    "disk_usage_percent": 64.9,
    "network_io": {
      "bytes_sent": 20548929,
      "bytes_recv": 82328756,
      "packets_sent": 59260,
      "packets_recv": 69100
    },
    "process_count": 310,
    "uptime_seconds": 673104.0000002384,
    "load_average": [
      0.0,
      0.0,
      0.0
    ]
  },
  {
    "timestamp": "2025-08-13T11:43:33.917571",
    "cpu_percent": 30.4,
    "memory_percent": 67.1,
    "disk_usage_percent": 64.9,
    "network_io": {
      "bytes_sent": 20552418,
      "bytes_recv": 82335904,
      "packets_sent": 59281,
      "packets_recv": 69126
    },
    "process_count": 311,
    "uptime_seconds": 673106.8272259235,
    "load_average": [
      0.0,
      0.0,
      0.0
    ]
  },
  {
    "timestamp": "2025-08-13T11:43:34.496567",
    "cpu_percent": 24.4,
    "memory_percent": 67.7,
    "disk_usage_percent": 64.9,
    "network_io": {
      "bytes_sent": 20552418,
      "bytes_recv": 82335981,
      "packets_sent": 59281,
      "packets_recv": 69127
    },
    "process_count": 313,
    "uptime_seconds": 673107.0000002384,
    "load_average": [
      0.0,
      0.0,
      0.0
    ]
  },
  {
    "timestamp": "2025-08-13T11:43:36.611482",
    "cpu_percent": 37.3,
    "memory_percent": 67.8,
    "disk_usage_percent": 64.9,
    "network_io": {
      "bytes_sent": 20553215,
      "bytes_recv": 82336333,
      "packets_sent": 59286,
      "packets_recv": 69131
    },
    "process_count": 311,
    "uptime_seconds": 673108.9610056877,
    "load_average": [
      0.0,
      0.0,
      0.0
    ]
  },
  {
    "timestamp": "2025-08-13T11:44:33.983835",
    "cpu_percent": 11.3,
    "memory_percent": 68.2,
    "disk_usage_percent": 64.9,
    "network_io": {
      "bytes_sent": 20610862,
      "bytes_recv": 82406164,
      "packets_sent": 59496,
      "packets_recv": 69408
    },
    "process_count": 318,
    "uptime_seconds": 673166.8929743767,
    "load_average": [
      0.1,
      0.04,
      0.02
    ]
  },
  {
    "timestamp": "2025-08-13T11:44:34.971227",
    "cpu_percent": 11.7,
    "memory_percent": 68.5,
    "disk_usage_percent": 64.9,
    "network_io": {
      "bytes_sent": 20610862,
      "bytes_recv": 82406241,
      "packets_sent": 59496,
      "packets_recv": 69409
    },
    "process_count": 318,
    "uptime_seconds": 673167.8799161911,
    "load_average": [
      0.1,
      0.04,
      0.02
    ]
  },
  {
    "timestamp": "2025-08-13T11:44:36.689391",
    "cpu_percent": 21.7,
    "memory_percent": 68.5,
    "disk_usage_percent": 64.9,
    "network_io": {
      "bytes_sent": 20611674,
      "bytes_recv": 82406498,
      "packets_sent": 59501,
      "packets_recv": 69412
    },
    "process_count": 318,
    "uptime_seconds": 673169.0407614708,
    "load_average": [
      0.0,
      0.0,
      0.0
    ]
  },
  {
    "timestamp": "2025-08-13T11:44:37.668228",
    "cpu_percent": 28.2,
    "memory_percent": 68.5,
    "disk_usage_percent": 64.9,
    "network_io": {
      "bytes_sent": 20612015,
      "bytes_recv": 82406720,
      "packets_sent": 59502,
      "packets_recv": 69414
    },
    "process_count": 318,
    "uptime_seconds": 673170.0177927017,
    "load_average": [
      0.0,
      0.0,
      0.0
    ]
  },
  {
    "timestamp": "2025-08-13T11:45:35.073850",
    "cpu_percent": 13.4,
    "memory_percent": 69.5,
    "disk_usage_percent": 64.9,
    "network_io": {
      "bytes_sent": 20657656,
      "bytes_recv": 82494301,
      "packets_sent": 59728,
      "packets_recv": 69716
    },
    "process_count": 320,
    "uptime_seconds": 673227.9855132103,
    "load_average": [
      0.34,
      0.11,
      0.04
    ]
  },
  {
    "timestamp": "2025-08-13T11:45:36.037105",
    "cpu_percent": 21.5,
    "memory_percent": 69.5,
    "disk_usage_percent": 64.9,
    "network_io": {
      "bytes_sent": 20657747,
      "bytes_recv": 82494529,
      "packets_sent": 59729,
      "packets_recv": 69718
    },
    "process_count": 320,
    "uptime_seconds": 673228.9486293793,
    "load_average": [
      0.34,
      0.11,
      0.04
    ]
  },
  {
    "timestamp": "2025-08-13T11:45:37.758993",
    "cpu_percent": 13.7,
    "memory_percent": 70.1,
    "disk_usage_percent": 64.9,
    "network_io": {
      "bytes_sent": 20658545,
      "bytes_recv": 82494872,
      "packets_sent": 59734,
      "packets_recv": 69722
    },
    "process_count": 320,
    "uptime_seconds": 673230.1082258224,
    "load_average": [
      0.0,
      0.0,
      0.0
    ]
  },
  {
    "timestamp": "2025-08-13T11:45:38.723665",
    "cpu_percent": 35.8,
    "memory_percent": 70.6,
    "disk_usage_percent": 64.9,
    "network_io": {
      "bytes_sent": 20658636,
      "bytes_recv": 82494872,
      "packets_sent": 59735,
      "packets_recv": 69722
    },
    "process_count": 320,
    "uptime_seconds": 673231.0733709335,
    "load_average": [
      0.0,
      0.0,
      0.0
    ]
  },
  {
    "timestamp": "2025-08-13T11:46:36.134271",
    "cpu_percent": 61.1,
    "memory_percent": 71.1,
    "disk_usage_percent": 64.9,
    "network_io": {
      "bytes_sent": 20724552,
      "bytes_recv": 82600691,
      "packets_sent": 60039,
      "packets_recv": 70075
    },
    "process_count": 338,
    "uptime_seconds": 673289.1327614784,
    "load_average": [
      0.13,
      0.09,
      0.04
    ]
  },
  {
    "timestamp": "2025-08-13T11:46:37.110084",
    "cpu_percent": 63.2,
    "memory_percent": 71.2,
    "disk_usage_percent": 64.9,
    "network_io": {
      "bytes_sent": 20727729,
      "bytes_recv": 82602455,
      "packets_sent": 60050,
      "packets_recv": 70084
    },
    "process_count": 324,
    "uptime_seconds": 673290.1127581596,
    "load_average": [
      0.13,
      0.09,
      0.04
    ]
  },
  {
    "timestamp": "2025-08-13T11:46:38.833080",
    "cpu_percent": 27.1,
    "memory_percent": 71.5,
    "disk_usage_percent": 64.9,
    "network_io": {
      "bytes_sent": 20985855,
      "bytes_recv": 82611164,
      "packets_sent": 60079,
      "packets_recv": 70152
    },
    "process_count": 324,
    "uptime_seconds": 673291.1843760014,
    "load_average": [
      0.0,
      0.0,
      0.0
    ]
  },
  {
    "timestamp": "2025-08-13T11:46:39.779855",
    "cpu_percent": 31.9,
    "memory_percent": 72.5,
    "disk_usage_percent": 64.9,
    "network_io": {
      "bytes_sent": 20986041,
      "bytes_recv": 82612173,
      "packets_sent": 60082,
      "packets_recv": 70163
    },
    "process_count": 321,
    "uptime_seconds": 673292.130382061,
    "load_average": [
      0.0,
      0.0,
      0.0
    ]
  },
  {
    "timestamp": "2025-08-13T11:47:15.388641",
    "cpu_percent": 34.8,
    "memory_percent": 69.9,
    "disk_usage_percent": 64.9,
    "network_io": {
      "bytes_sent": 21835253,
      "bytes_recv": 82692261,
      "packets_sent": 60425,
      "packets_recv": 70597
    },
    "process_count": 321,
    "uptime_seconds": 673328.0,
    "load_average": [
      0.0,
      0.0,
      0.0
    ]
  },
  {
    "timestamp": "2025-08-13T11:47:17.595951",
    "cpu_percent": 23.8,
    "memory_percent": 70.2,
    "disk_usage_percent": 64.9,
    "network_io": {
      "bytes_sent": 21945072,
      "bytes_recv": 82699222,
      "packets_sent": 60447,
      "packets_recv": 70691
    },
    "process_count": 321,
    "uptime_seconds": 673330.205322504,
    "load_average": [
      0.0,
      0.0,
      0.0
    ]
  },
  {
    "timestamp": "2025-08-13T11:47:37.334070",
    "cpu_percent": 9.1,
    "memory_percent": 69.6,
    "disk_usage_percent": 64.9,
    "network_io": {
      "bytes_sent": 21962173,
      "bytes_recv": 82732705,
      "packets_sent": 60526,
      "packets_recv": 70807
    },
    "process_count": 321,
    "uptime_seconds": 673350.2441937923,
    "load_average": [
      0.56,
      0.21,
      0.09
    ]
  },
  {
    "timestamp": "2025-08-13T11:47:38.286334",
    "cpu_percent": 11.1,
    "memory_percent": 69.5,
    "disk_usage_percent": 64.9,
    "network_io": {
      "bytes_sent": 21962173,
      "bytes_recv": 82732705,
      "packets_sent": 60526,
      "packets_recv": 70807
    },
    "process_count": 321,
    "uptime_seconds": 673351.1943397522,
    "load_average": [
      0.52,
      0.21,
      0.08
    ]
  },
  {
    "timestamp": "2025-08-13T11:48:17.736008",
    "cpu_percent": 13.6,
    "memory_percent": 72.0,
    "disk_usage_percent": 64.9,
    "network_io": {
      "bytes_sent": 22438281,
      "bytes_recv": 82851837,
      "packets_sent": 61010,
      "packets_recv": 71377
    },
    "process_count": 321,
    "uptime_seconds": 673390.3446309566,
    "load_average": [
      0.0,
      0.0,
      0.0
    ]
  },
  {
    "timestamp": "2025-08-13T11:48:18.656355",
    "cpu_percent": 17.9,
    "memory_percent": 72.0,
    "disk_usage_percent": 64.9,
    "network_io": {
      "bytes_sent": 22438281,
      "bytes_recv": 82852033,
      "packets_sent": 61010,
      "packets_recv": 71379
    },
    "process_count": 321,
    "uptime_seconds": 673391.2641191483,
    "load_average": [
      0.0,
      0.0,
      0.0
    ]
  },
  {
    "timestamp": "2025-08-13T11:48:38.399870",
    "cpu_percent": 14.2,
    "memory_percent": 71.4,
    "disk_usage_percent": 64.9,
    "network_io": {
      "bytes_sent": 22481618,
      "bytes_recv": 82947883,
      "packets_sent": 61202,
      "packets_recv": 71575
    },
    "process_count": 321,
    "uptime_seconds": 673411.3085818291,
    "load_average": [
      0.19,
      0.17,
      0.08
    ]
  },
  {
    "timestamp": "2025-08-13T11:48:39.355013",
    "cpu_percent": 14.0,
    "memory_percent": 71.5,
    "disk_usage_percent": 64.9,
    "network_io": {
      "bytes_sent": 22484222,
      "bytes_recv": 82949292,
      "packets_sent": 61210,
      "packets_recv": 71583
    },
    "process_count": 323,
    "uptime_seconds": 673412.2630727291,
    "load_average": [
      0.19,
      0.17,
      0.08
    ]
  },
  {
    "timestamp": "2025-08-13T11:49:18.802045",
    "cpu_percent": 19.5,
    "memory_percent": 71.1,
    "disk_usage_percent": 64.9,
    "network_io": {
      "bytes_sent": 22563009,
      "bytes_recv": 83025498,
      "packets_sent": 61523,
      "packets_recv": 71924
    },
    "process_count": 325,
    "uptime_seconds": 673451.4093754292,
    "load_average": [
      0.19,
      0.08,
      0.03
    ]
  },
  {
    "timestamp": "2025-08-13T11:49:19.729269",
    "cpu_percent": 30.9,
    "memory_percent": 71.3,
    "disk_usage_percent": 64.9,
    "network_io": {
      "bytes_sent": 22563303,
      "bytes_recv": 83026444,
      "packets_sent": 61528,
      "packets_recv": 71930
    },
    "process_count": 327,
    "uptime_seconds": 673452.3400502205,
    "load_average": [
      0.19,
      0.08,
      0.03
    ]
  },
  {
    "timestamp": "2025-08-13T11:49:39.471043",
    "cpu_percent": 16.0,
    "memory_percent": 71.4,
    "disk_usage_percent": 64.9,
    "network_io": {
      "bytes_sent": 22598603,
      "bytes_recv": 83079383,
      "packets_sent": 61720,
      "packets_recv": 72150
    },
    "process_count": 324,
    "uptime_seconds": 673472.3806071281,
    "load_average": [
      0.07,
      0.14,
      0.07
    ]
  },
  {
    "timestamp": "2025-08-13T11:49:40.426910",
    "cpu_percent": 23.3,
    "memory_percent": 71.3,
    "disk_usage_percent": 64.9,
    "network_io": {
      "bytes_sent": 22601833,
      "bytes_recv": 83080942,
      "packets_sent": 61726,
      "packets_recv": 72159
    },
    "process_count": 324,
    "uptime_seconds": 673473.3374171257,
    "load_average": [
      0.07,
      0.14,
      0.07
    ]
  },
  {
    "timestamp": "2025-08-13T11:50:19.877770",
    "cpu_percent": 69.3,
    "memory_percent": 76.6,
    "disk_usage_percent": 64.9,
    "network_io": {
      "bytes_sent": 22635826,
      "bytes_recv": 83140442,
      "packets_sent": 61927,
      "packets_recv": 72414
    },
    "process_count": 322,
    "uptime_seconds": 673512.4907884598,
    "load_average": [
      0.07,
      0.07,
      0.03
    ]
  },
  {
    "timestamp": "2025-08-13T11:50:20.808771",
    "cpu_percent": 58.3,
    "memory_percent": 76.7,
    "disk_usage_percent": 64.9,
    "network_io": {
      "bytes_sent": 22636094,
      "bytes_recv": 83140802,
      "packets_sent": 61931,
      "packets_recv": 72417
    },
    "process_count": 322,
    "uptime_seconds": 673513.4257218838,
    "load_average": [
      0.07,
      0.07,
      0.03
    ]
  },
  {
    "timestamp": "2025-08-13T11:50:40.560388",
    "cpu_percent": 53.3,
    "memory_percent": 83.4,
    "disk_usage_percent": 64.9,
    "network_io": {
      "bytes_sent": 25783717,
      "bytes_recv": 83196822,
      "packets_sent": 62339,
      "packets_recv": 73109
    },
    "process_count": 322,
    "uptime_seconds": 673533.4870669842,
    "load_average": [
      5.03,
      1.32,
      0.49
    ]
  },
  {
    "timestamp": "2025-08-13T11:50:41.500391",
    "cpu_percent": 31.1,
    "memory_percent": 83.5,
    "disk_usage_percent": 64.9,
    "network_io": {
      "bytes_sent": 27181935,
      "bytes_recv": 83218043,
      "packets_sent": 62395,
      "packets_recv": 73486
    },
    "process_count": 324,
    "uptime_seconds": 673534.4160690308,
    "load_average": [
      5.03,
      1.32,
      0.49
    ]
  },
  {
    "timestamp": "2025-08-13T11:51:20.984578",
    "cpu_percent": 14.3,
    "memory_percent": 73.7,
    "disk_usage_percent": 64.9,
    "network_io": {
      "bytes_sent": 27202133,
      "bytes_recv": 83249890,
      "packets_sent": 62509,
      "packets_recv": 73618
    },
    "process_count": 322,
    "uptime_seconds": 673573.5923805237,
    "load_average": [
      1.26,
      0.43,
      0.16
    ]
  },
  {
    "timestamp": "2025-08-13T11:51:21.910021",
    "cpu_percent": 18.7,
    "memory_percent": 73.6,
    "disk_usage_percent": 64.9,
    "network_io": {
      "bytes_sent": 27202823,
      "bytes_recv": 83250123,
      "packets_sent": 62513,
      "packets_recv": 73621
    },
    "process_count": 322,
    "uptime_seconds": 673574.5175864697,
    "load_average": [
      1.16,
      0.42,
      0.16
    ]
  },
  {
    "timestamp": "2025-08-13T11:51:41.683665",
    "cpu_percent": 78.1,
    "memory_percent": 78.3,
    "disk_usage_percent": 64.9,
    "network_io": {
      "bytes_sent": 27212972,
      "bytes_recv": 83269211,
      "packets_sent": 62575,
      "packets_recv": 73690
    },
    "process_count": 322,
    "uptime_seconds": 673594.6155838966,
    "load_average": [
      5.1,
      2.31,
      0.91
    ]
  },
  {
    "timestamp": "2025-08-13T11:51:42.606905",
    "cpu_percent": 65.9,
    "memory_percent": 78.2,
    "disk_usage_percent": 64.9,
    "network_io": {
      "bytes_sent": 27216340,
      "bytes_recv": 83274839,
      "packets_sent": 62588,
      "packets_recv": 73703
    },
    "process_count": 322,
    "uptime_seconds": 673595.5175817013,
    "load_average": [
      5.1,
      2.31,
      0.91
    ]
  },
  {
    "timestamp": "2025-08-13T11:52:22.273167",
    "cpu_percent": 12.5,
    "memory_percent": 72.3,
    "disk_usage_percent": 64.9,
    "network_io": {
      "bytes_sent": 27269303,
      "bytes_recv": 83321695,
      "packets_sent": 62756,
      "packets_recv": 73912
    },
    "process_count": 327,
    "uptime_seconds": 673634.8799798489,
    "load_average": [
      1.43,
      0.69,
      0.28
    ]
  },
  {
    "timestamp": "2025-08-13T11:52:23.044497",
    "cpu_percent": 17.2,
    "memory_percent": 72.4,
    "disk_usage_percent": 64.9,
    "network_io": {
      "bytes_sent": 27269478,
      "bytes_recv": 83322178,
      "packets_sent": 62758,
      "packets_recv": 73915
    },
    "process_count": 327,
    "uptime_seconds": 673635.6551156044,
    "load_average": [
      1.43,
      0.69,
      0.28
    ]
  },
  {
    "timestamp": "2025-08-13T11:52:42.962423",
    "cpu_percent": 17.5,
    "memory_percent": 71.5,
    "disk_usage_percent": 64.9,
    "network_io": {
      "bytes_sent": 27297727,
      "bytes_recv": 83375531,
      "packets_sent": 62899,
      "packets_recv": 74067
    },
    "process_count": 328,
    "uptime_seconds": 673655.8713445663,
    "load_average": [
      1.87,
      1.89,
      0.85
    ]
  },
  {
    "timestamp": "2025-08-13T11:52:43.702207",
    "cpu_percent": 14.1,
    "memory_percent": 71.6,
    "disk_usage_percent": 64.9,
    "network_io": {
      "bytes_sent": 27299042,
      "bytes_recv": 83379381,
      "packets_sent": 62912,
      "packets_recv": 74084
    },
    "process_count": 328,
    "uptime_seconds": 673656.6121737957,
    "load_average": [
      1.72,
      1.86,
      0.85
    ]
  },
  {
    "timestamp": "2025-08-13T11:53:23.366274",
    "cpu_percent": 27.5,
    "memory_percent": 83.4,
    "disk_usage_percent": 64.9,
    "network_io": {
      "bytes_sent": 27418992,
      "bytes_recv": 83444631,
      "packets_sent": 63165,
      "packets_recv": 74362
    },
    "process_count": 327,
    "uptime_seconds": 673695.974988699,
    "load_average": [
      1.09,
      0.76,
      0.33
    ]
  },
  {
    "timestamp": "2025-08-13T11:53:24.139259",
    "cpu_percent": 42.2,
    "memory_percent": 83.5,
    "disk_usage_percent": 64.9,
    "network_io": {
      "bytes_sent": 27424616,
      "bytes_recv": 83506107,
      "packets_sent": 63193,
      "packets_recv": 74391
    },
    "process_count": 327,
    "uptime_seconds": 673696.8689627647,
    "load_average": [
      1.09,
      0.76,
      0.33
    ]
  },
  {
    "timestamp": "2025-08-13T11:53:44.063186",
    "cpu_percent": 11.7,
    "memory_percent": 69.0,
    "disk_usage_percent": 64.9,
    "network_io": {
      "bytes_sent": 27435353,
      "bytes_recv": 83527297,
      "packets_sent": 63263,
      "packets_recv": 74483
    },
    "process_count": 327,
    "uptime_seconds": 673716.9736385345,
    "load_average": [
      0.63,
      1.52,
      0.79
    ]
  },
  {
    "timestamp": "2025-08-13T11:53:44.797626",
    "cpu_percent": 19.1,
    "memory_percent": 69.0,
    "disk_usage_percent": 64.9,
    "network_io": {
      "bytes_sent": 27435648,
      "bytes_recv": 83528010,
      "packets_sent": 63266,
      "packets_recv": 74488
    },
    "process_count": 327,
    "uptime_seconds": 673717.708091259,
    "load_average": [
      0.63,
      1.52,
      0.79
    ]
  },
  {
    "timestamp": "2025-08-13T11:54:24.433407",
    "cpu_percent": 12.7,
    "memory_percent": 76.2,
    "disk_usage_percent": 64.9,
    "network_io": {
      "bytes_sent": 27491229,
      "bytes_recv": 83581167,
      "packets_sent": 63452,
      "packets_recv": 74696
    },
    "process_count": 327,
    "uptime_seconds": 673757.0431854725,
    "load_average": [
      1.84,
      1.07,
      0.47
    ]
  },
  {
    "timestamp": "2025-08-13T11:54:25.393912",
    "cpu_percent": 12.9,
    "memory_percent": 75.5,
    "disk_usage_percent": 64.9,
    "network_io": {
      "bytes_sent": 27492612,
      "bytes_recv": 83586200,
      "packets_sent": 63464,
      "packets_recv": 74711
    },
    "process_count": 325,
    "uptime_seconds": 673758.0008795261,
    "load_average": [
      1.84,
      1.07,
      0.47
    ]
  },
  {
    "timestamp": "2025-08-13T11:54:45.159158",
    "cpu_percent": 50.7,
    "memory_percent": 72.4,
    "disk_usage_percent": 64.9,
    "network_io": {
      "bytes_sent": 27526254,
      "bytes_recv": 83611553,
      "packets_sent": 63555,
      "packets_recv": 74813
    },
    "process_count": 325,
    "uptime_seconds": 673778.0752573013,
    "load_average": [
      0.23,
      1.25,
      0.74
    ]
  },
  {
    "timestamp": "2025-08-13T11:54:45.890576",
    "cpu_percent": 25.5,
    "memory_percent": 72.4,
    "disk_usage_percent": 64.9,
    "network_io": {
      "bytes_sent": 27545869,
      "bytes_recv": 83612980,
      "packets_sent": 63565,
      "packets_recv": 74825
    },
    "process_count": 325,
    "uptime_seconds": 673778.7984724045,
    "load_average": [
      0.23,
      1.25,
      0.74
    ]
  },
  {
    "timestamp": "2025-08-13T11:55:25.530843",
    "cpu_percent": 24.2,
    "memory_percent": 73.5,
    "disk_usage_percent": 64.9,
    "network_io": {
      "bytes_sent": 27582343,
      "bytes_recv": 83675671,
      "packets_sent": 63790,
      "packets_recv": 75132
    },
    "process_count": 323,
    "uptime_seconds": 673818.1392605305,
    "load_average": [
      0.72,
      0.89,
      0.44
    ]
  },
  {
    "timestamp": "2025-08-13T11:55:26.494916",
    "cpu_percent": 24.2,
    "memory_percent": 73.7,
    "disk_usage_percent": 64.9,
    "network_io": {
      "bytes_sent": 27582824,
      "bytes_recv": 83675903,
      "packets_sent": 63794,
      "packets_recv": 75134
    },
    "process_count": 323,
    "uptime_seconds": 673819.1002569199,
    "load_average": [
      0.66,
      0.87,
      0.44
    ]
  },
  {
    "timestamp": "2025-08-13T11:55:46.263144",
    "cpu_percent": 37.9,
    "memory_percent": 78.2,
    "disk_usage_percent": 64.9,
    "network_io": {
      "bytes_sent": 27611832,
      "bytes_recv": 83777369,
      "packets_sent": 63947,
      "packets_recv": 75326
    },
    "process_count": 326,
    "uptime_seconds": 673839.17142272,
    "load_average": [
      0.09,
      1.02,
      0.69
    ]
  },
  {
    "timestamp": "2025-08-13T11:55:46.985723",
    "cpu_percent": 30.5,
    "memory_percent": 78.3,
    "disk_usage_percent": 64.9,
    "network_io": {
      "bytes_sent": 27611832,
      "bytes_recv": 83777369,
      "packets_sent": 63947,
      "packets_recv": 75326
    },
    "process_count": 326,
    "uptime_seconds": 673839.8944056034,
    "load_average": [
      0.09,
      1.02,
      0.69
    ]
  },
  {
    "timestamp": "2025-08-13T11:56:26.634562",
    "cpu_percent": 22.6,
    "memory_percent": 73.5,
    "disk_usage_percent": 64.9,
    "network_io": {
      "bytes_sent": 27689259,
      "bytes_recv": 83856429,
      "packets_sent": 64112,
      "packets_recv": 75518
    },
    "process_count": 326,
    "uptime_seconds": 673879.2471449375,
    "load_average": [
      0.24,
      0.72,
      0.41
    ]
  },
  {
    "timestamp": "2025-08-13T11:56:27.594796",
    "cpu_percent": 24.0,
    "memory_percent": 73.7,
    "disk_usage_percent": 64.9,
    "network_io": {
      "bytes_sent": 27691078,
      "bytes_recv": 83861301,
      "packets_sent": 64121,
      "packets_recv": 75529
    },
    "process_count": 326,
    "uptime_seconds": 673880.203151226,
    "load_average": [
      0.24,
      0.72,
      0.41
    ]
  },
  {
    "timestamp": "2025-08-13T11:56:47.362049",
    "cpu_percent": 20.7,
    "memory_percent": 77.1,
    "disk_usage_percent": 64.9,
    "network_io": {
      "bytes_sent": 27694740,
      "bytes_recv": 83870617,
      "packets_sent": 64147,
      "packets_recv": 75568
    },
    "process_count": 324,
    "uptime_seconds": 673900.2707149982,
    "load_average": [
      1.76,
      1.44,
      0.87
    ]
  },
  {
    "timestamp": "2025-08-13T11:56:48.078051",
    "cpu_percent": 27.1,
    "memory_percent": 77.3,
    "disk_usage_percent": 64.9,
    "network_io": {
      "bytes_sent": 27694886,
      "bytes_recv": 83870976,
      "packets_sent": 64148,
      "packets_recv": 75569
    },
    "process_count": 326,
    "uptime_seconds": 673900.9867796898,
    "load_average": [
      1.76,
      1.44,
      0.87
    ]
  },
  {
    "timestamp": "2025-08-13T11:57:27.736785",
    "cpu_percent": 20.3,
    "memory_percent": 74.9,
    "disk_usage_percent": 64.9,
    "network_io": {
      "bytes_sent": 27706964,
      "bytes_recv": 83899457,
      "packets_sent": 64220,
      "packets_recv": 75659
    },
    "process_count": 322,
    "uptime_seconds": 673940.3446595669,
    "load_average": [
      0.09,
      0.59,
      0.39
    ]
  },
  {
    "timestamp": "2025-08-13T11:57:28.695781",
    "cpu_percent": 29.7,
    "memory_percent": 74.9,
    "disk_usage_percent": 64.9,
    "network_io": {
      "bytes_sent": 27706964,
      "bytes_recv": 83899795,
      "packets_sent": 64220,
      "packets_recv": 75660
    },
    "process_count": 322,
    "uptime_seconds": 673941.3027324677,
    "load_average": [
      0.09,
      0.59,
      0.39
    ]
  },
  {
    "timestamp": "2025-08-13T11:57:48.473366",
    "cpu_percent": 20.1,
    "memory_percent": 71.2,
    "disk_usage_percent": 64.9,
    "network_io": {
      "bytes_sent": 27710885,
      "bytes_recv": 83909217,
      "packets_sent": 64248,
      "packets_recv": 75697
    },
    "process_count": 322,
    "uptime_seconds": 673961.3804399967,
    "load_average": [
      0.72,
      1.2,
      0.82
    ]
  },
  {
    "timestamp": "2025-08-13T11:57:49.179344",
    "cpu_percent": 26.4,
    "memory_percent": 71.3,
    "disk_usage_percent": 64.9,
    "network_io": {
      "bytes_sent": 27710885,
      "bytes_recv": 83909217,
      "packets_sent": 64248,
      "packets_recv": 75697
    },
    "process_count": 322,
    "uptime_seconds": 673962.088467598,
    "load_average": [
      0.66,
      1.18,
      0.82
    ]
  },
  {
    "timestamp": "2025-08-13T11:58:28.848948",
    "cpu_percent": 21.5,
    "memory_percent": 77.9,
    "disk_usage_percent": 64.9,
    "network_io": {
      "bytes_sent": 27732183,
      "bytes_recv": 84014012,
      "packets_sent": 64370,
      "packets_recv": 75856
    },
    "process_count": 322,
    "uptime_seconds": 674001.4571354389,
    "load_average": [
      0.03,
      0.48,
      0.36
    ]
  },
  {
    "timestamp": "2025-08-13T11:58:29.788751",
    "cpu_percent": 22.1,
    "memory_percent": 78.1,
    "disk_usage_percent": 64.9,
    "network_io": {
      "bytes_sent": 27732279,
      "bytes_recv": 84014313,
      "packets_sent": 64372,
      "packets_recv": 75858
    },
    "process_count": 322,
    "uptime_seconds": 674002.3971138,
    "load_average": [
      0.03,
      0.48,
      0.36
    ]
  },
  {
    "timestamp": "2025-08-13T11:58:49.577818",
    "cpu_percent": 23.2,
    "memory_percent": 73.3,
    "disk_usage_percent": 64.9,
    "network_io": {
      "bytes_sent": 27763987,
      "bytes_recv": 84096864,
      "packets_sent": 64552,
      "packets_recv": 76039
    },
    "process_count": 324,
    "uptime_seconds": 674022.4875068665,
    "load_average": [
      0.33,
      0.99,
      0.77
    ]
  },
  {
    "timestamp": "2025-08-13T11:58:50.276832",
    "cpu_percent": 25.8,
    "memory_percent": 73.4,
    "disk_usage_percent": 64.9,
    "network_io": {
      "bytes_sent": 27763987,
      "bytes_recv": 84096864,
      "packets_sent": 64552,
      "packets_recv": 76039
    },
    "process_count": 325,
    "uptime_seconds": 674023.1875123978,
    "load_average": [
      0.33,
      0.99,
      0.77
    ]
  },
  {
    "timestamp": "2025-08-13T11:59:29.964313",
    "cpu_percent": 18.4,
    "memory_percent": 69.9,
    "disk_usage_percent": 64.9,
    "network_io": {
      "bytes_sent": 27779016,
      "bytes_recv": 84132584,
      "packets_sent": 64638,
      "packets_recv": 76159
    },
    "process_count": 325,
    "uptime_seconds": 674062.5746765137,
    "load_average": [
      0.01,
      0.39,
      0.34
    ]
  },
  {
    "timestamp": "2025-08-13T11:59:30.887318",
    "cpu_percent": 27.5,
    "memory_percent": 70.0,
    "disk_usage_percent": 64.9,
    "network_io": {
      "bytes_sent": 27779016,
      "bytes_recv": 84132626,
      "packets_sent": 64638,
      "packets_recv": 76160
    },
    "process_count": 325,
    "uptime_seconds": 674063.4966802597,
    "load_average": [
      0.01,
      0.39,
      0.34
    ]
  },
  {
    "timestamp": "2025-08-13T11:59:50.681771",
    "cpu_percent": 20.2,
    "memory_percent": 73.4,
    "disk_usage_percent": 64.9,
    "network_io": {
      "bytes_sent": 27782761,
      "bytes_recv": 84141901,
      "packets_sent": 64665,
      "packets_recv": 76198
    },
    "process_count": 328,
    "uptime_seconds": 674083.5914566517,
    "load_average": [
      0.12,
      0.81,
      0.72
    ]
  },
  {
    "timestamp": "2025-08-13T11:59:51.369790",
    "cpu_percent": 26.0,
    "memory_percent": 73.5,
    "disk_usage_percent": 64.9,
    "network_io": {
      "bytes_sent": 27782761,
      "bytes_recv": 84141901,
      "packets_sent": 64665,
      "packets_recv": 76198
    },
    "process_count": 328,
    "uptime_seconds": 674084.2795591354,
    "load_average": [
      0.12,
      0.81,
      0.72
    ]
  },
  {
    "timestamp": "2025-08-13T12:00:31.092193",
    "cpu_percent": 22.8,
    "memory_percent": 71.3,
    "disk_usage_percent": 64.9,
    "network_io": {
      "bytes_sent": 27805115,
      "bytes_recv": 84179818,
      "packets_sent": 64751,
      "packets_recv": 76313
    },
    "process_count": 324,
    "uptime_seconds": 674123.7025353909,
    "load_average": [
      0.0,
      0.32,
      0.32
    ]
  },
  {
    "timestamp": "2025-08-13T12:00:32.001175",
    "cpu_percent": 22.2,
    "memory_percent": 71.4,
    "disk_usage_percent": 64.9,
    "network_io": {
      "bytes_sent": 27807738,
      "bytes_recv": 84185723,
      "packets_sent": 64766,
      "packets_recv": 76329
    },
    "process_count": 324,
    "uptime_seconds": 674124.6073834896,
    "load_average": [
      0.0,
      0.32,
      0.31
    ]
  },
  {
    "timestamp": "2025-08-13T12:00:51.793118",
    "cpu_percent": 26.4,
    "memory_percent": 74.7,
    "disk_usage_percent": 64.9,
    "network_io": {
      "bytes_sent": 27809532,
      "bytes_recv": 84189818,
      "packets_sent": 64786,
      "packets_recv": 76363
    },
    "process_count": 323,
    "uptime_seconds": 674144.7033321857,
    "load_average": [
      0.05,
      0.67,
      0.68
    ]
  },
  {
    "timestamp": "2025-08-13T12:00:52.474114",
    "cpu_percent": 20.3,
    "memory_percent": 74.8,
    "disk_usage_percent": 64.9,
    "network_io": {
      "bytes_sent": 27809532,
      "bytes_recv": 84189966,
      "packets_sent": 64786,
      "packets_recv": 76365
    },
    "process_count": 323,
    "uptime_seconds": 674145.3823311329,
    "load_average": [
      0.05,
      0.67,
      0.68
    ]
  },
  {
    "timestamp": "2025-08-13T12:01:32.194867",
    "cpu_percent": 26.4,
    "memory_percent": 72.7,
    "disk_usage_percent": 64.9,
    "network_io": {
      "bytes_sent": 27824077,
      "bytes_recv": 84224307,
      "packets_sent": 64875,
      "packets_recv": 76473
    },
    "process_count": 324,
    "uptime_seconds": 674184.8026015759,
    "load_average": [
      0.04,
      0.27,
      0.3
    ]
  },
  {
    "timestamp": "2025-08-13T12:01:33.113215",
    "cpu_percent": 20.9,
    "memory_percent": 73.0,
    "disk_usage_percent": 64.9,
    "network_io": {
      "bytes_sent": 27824077,
      "bytes_recv": 84224393,
      "packets_sent": 64875,
      "packets_recv": 76474
    },
    "process_count": 324,
    "uptime_seconds": 674185.7216024399,
    "load_average": [
      0.04,
      0.27,
      0.3
    ]
  },
  {
    "timestamp": "2025-08-13T12:01:52.899189",
    "cpu_percent": 24.0,
    "memory_percent": 76.6,
    "disk_usage_percent": 64.9,
    "network_io": {
      "bytes_sent": 27830898,
      "bytes_recv": 84241905,
      "packets_sent": 64932,
      "packets_recv": 76532
    },
    "process_count": 324,
    "uptime_seconds": 674205.8075962067,
    "load_average": [
      0.08,
      0.57,
      0.64
    ]
  },
  {
    "timestamp": "2025-08-13T12:01:53.574921",
    "cpu_percent": 20.1,
    "memory_percent": 76.7,
    "disk_usage_percent": 64.9,
    "network_io": {
      "bytes_sent": 27831044,
      "bytes_recv": 84242256,
      "packets_sent": 64933,
      "packets_recv": 76533
    },
    "process_count": 324,
    "uptime_seconds": 674206.4825966358,
    "load_average": [
      0.08,
      0.57,
      0.64
    ]
  },
  {
    "timestamp": "2025-08-13T12:02:33.297701",
    "cpu_percent": 22.1,
    "memory_percent": 74.7,
    "disk_usage_percent": 64.9,
    "network_io": {
      "bytes_sent": 27845380,
      "bytes_recv": 84275134,
      "packets_sent": 65021,
      "packets_recv": 76642
    },
    "process_count": 323,
    "uptime_seconds": 674245.904610157,
    "load_average": [
      0.05,
      0.24,
      0.29
    ]
  },
  {
    "timestamp": "2025-08-13T12:02:34.211245",
    "cpu_percent": 22.0,
    "memory_percent": 74.8,
    "disk_usage_percent": 64.9,
    "network_io": {
      "bytes_sent": 27845380,
      "bytes_recv": 84275485,
      "packets_sent": 65021,
      "packets_recv": 76643
    },
    "process_count": 323,
    "uptime_seconds": 674246.8196036816,
    "load_average": [
      0.05,
      0.24,
      0.29
    ]
  },
  {
    "timestamp": "2025-08-13T12:02:54.011900",
    "cpu_percent": 23.7,
    "memory_percent": 69.0,
    "disk_usage_percent": 64.9,
    "network_io": {
      "bytes_sent": 27846513,
      "bytes_recv": 84277537,
      "packets_sent": 65033,
      "packets_recv": 76656
    },
    "process_count": 323,
    "uptime_seconds": 674266.9215788841,
    "load_average": [
      0.03,
      0.47,
      0.6
    ]
  },
  {
    "timestamp": "2025-08-13T12:02:54.678878",
    "cpu_percent": 23.2,
    "memory_percent": 69.2,
    "disk_usage_percent": 64.9,
    "network_io": {
      "bytes_sent": 27846513,
      "bytes_recv": 84277679,
      "packets_sent": 65033,
      "packets_recv": 76657
    },
    "process_count": 323,
    "uptime_seconds": 674267.5884456635,
    "load_average": [
      0.03,
      0.46,
      0.6
    ]
  },
  {
    "timestamp": "2025-08-13T12:03:34.413996",
    "cpu_percent": 25.6,
    "memory_percent": 76.2,
    "disk_usage_percent": 64.9,
    "network_io": {
      "bytes_sent": 27866645,
      "bytes_recv": 84373069,
      "packets_sent": 65142,
      "packets_recv": 76786
    },
    "process_count": 323,
    "uptime_seconds": 674307.0223593712,
    "load_average": [
      0.02,
      0.2,
      0.27
    ]
  },
  {
    "timestamp": "2025-08-13T12:03:35.314998",
    "cpu_percent": 27.3,
    "memory_percent": 76.4,
    "disk_usage_percent": 64.9,
    "network_io": {
      "bytes_sent": 27866645,
      "bytes_recv": 84373211,
      "packets_sent": 65142,
      "packets_recv": 76787
    },
    "process_count": 323,
    "uptime_seconds": 674307.920185566,
    "load_average": [
      0.02,
      0.2,
      0.27
    ]
  },
  {
    "timestamp": "2025-08-13T12:03:55.124986",
    "cpu_percent": 28.3,
    "memory_percent": 59.3,
    "disk_usage_percent": 64.9,
    "network_io": {
      "bytes_sent": 27870010,
      "bytes_recv": 84380082,
      "packets_sent": 65168,
      "packets_recv": 76829
    },
    "process_count": 316,
    "uptime_seconds": 674328.0346190929,
    "load_average": [
      0.01,
      0.38,
      0.56
    ]
  },
  {
    "timestamp": "2025-08-13T12:03:55.777940",
    "cpu_percent": 18.9,
    "memory_percent": 58.3,
    "disk_usage_percent": 64.9,
    "network_io": {
      "bytes_sent": 27870010,
      "bytes_recv": 84380082,
      "packets_sent": 65168,
      "packets_recv": 76829
    },
    "process_count": 314,
    "uptime_seconds": 674328.6867477894,
    "load_average": [
      0.01,
      0.38,
      0.56
    ]
  },
  {
    "timestamp": "2025-08-13T12:04:35.529341",
    "cpu_percent": 15.0,
    "memory_percent": 56.7,
    "disk_usage_percent": 64.9,
    "network_io": {
      "bytes_sent": 27891625,
      "bytes_recv": 84425966,
      "packets_sent": 65288,
      "packets_recv": 76977
    },
    "process_count": 308,
    "uptime_seconds": 674368.1377248764,
    "load_average": [
      0.01,
      0.16,
      0.25
    ]
  },
  {
    "timestamp": "2025-08-13T12:04:36.412729",
    "cpu_percent": 11.7,
    "memory_percent": 56.8,
    "disk_usage_percent": 64.9,
    "network_io": {
      "bytes_sent": 27891625,
      "bytes_recv": 84425966,
      "packets_sent": 65288,
      "packets_recv": 76977
    },
    "process_count": 308,
    "uptime_seconds": 674369.0200037956,
    "load_average": [
      0.01,
      0.16,
      0.25
    ]
  },
  {
    "timestamp": "2025-08-13T12:04:44.465540",
    "cpu_percent": 71.9,
    "memory_percent": 65.1,
    "disk_usage_percent": 64.9,
    "network_io": {
      "bytes_sent": 27916191,
      "bytes_recv": 84453784,
      "packets_sent": 65360,
      "packets_recv": 77059
    },
    "process_count": 314,
    "uptime_seconds": 674377.4679944515,
    "load_average": [
      0.0,
      0.0,
      0.0
    ]
  },
  {
    "timestamp": "2025-08-13T12:04:47.103250",
    "cpu_percent": 71.1,
    "memory_percent": 63.5,
    "disk_usage_percent": 64.9,
    "network_io": {
      "bytes_sent": 27921218,
      "bytes_recv": 84460922,
      "packets_sent": 65376,
      "packets_recv": 77078
    },
    "process_count": 314,
    "uptime_seconds": 674380.0000002384,
    "load_average": [
      0.0,
      0.0,
      0.0
    ]
  },
  {
    "timestamp": "2025-08-13T12:04:49.727181",
    "cpu_percent": 33.9,
    "memory_percent": 64.0,
    "disk_usage_percent": 64.9,
    "network_io": {
      "bytes_sent": 27921916,
      "bytes_recv": 84467736,
      "packets_sent": 65381,
      "packets_recv": 77089
    },
    "process_count": 314,
    "uptime_seconds": 674382.0,
    "load_average": [
      0.0,
      0.0,
      0.0
    ]
  },
  {
    "timestamp": "2025-08-13T12:04:56.233442",
    "cpu_percent": 38.1,
    "memory_percent": 65.9,
    "disk_usage_percent": 64.9,
    "network_io": {
      "bytes_sent": 27922299,
      "bytes_recv": 84468795,
      "packets_sent": 65386,
      "packets_recv": 77096
    },
    "process_count": 314,
    "uptime_seconds": 674389.204025507,
    "load_average": [
      0.08,
      0.33,
      0.53
    ]
  },
  {
    "timestamp": "2025-08-13T12:04:56.889370",
    "cpu_percent": 55.4,
    "memory_percent": 65.8,
    "disk_usage_percent": 64.9,
    "network_io": {
      "bytes_sent": 27922299,
      "bytes_recv": 84468795,
      "packets_sent": 65386,
      "packets_recv": 77096
    },
    "process_count": 314,
    "uptime_seconds": 674389.7980489731,
    "load_average": [
      0.08,
      0.33,
      0.53
    ]
  },
  {
    "timestamp": "2025-08-13T12:05:51.215585",
    "cpu_percent": 11.1,
    "memory_percent": 72.5,
    "disk_usage_percent": 64.9,
    "network_io": {
      "bytes_sent": 29785904,
      "bytes_recv": 84941185,
      "packets_sent": 66385,
      "packets_recv": 78520
    },
    "process_count": 323,
    "uptime_seconds": 674443.4950244427,
    "load_average": [
      4.8,
      2.01,
      0.76
    ]
  },
  {
    "timestamp": "2025-08-13T12:05:57.619708",
    "cpu_percent": 10.5,
    "memory_percent": 72.0,
    "disk_usage_percent": 64.9,
    "network_io": {
      "bytes_sent": 29787815,
      "bytes_recv": 84941976,
      "packets_sent": 66392,
      "packets_recv": 78529
    },
    "process_count": 323,
    "uptime_seconds": 674450.5292627811,
    "load_average": [
      5.74,
      1.96,
      1.1
    ]
  },
  {
    "timestamp": "2025-08-13T12:05:58.073289",
    "cpu_percent": 20.3,
    "memory_percent": 72.0,
    "disk_usage_percent": 64.9,
    "network_io": {
      "bytes_sent": 29787983,
      "bytes_recv": 84942289,
      "packets_sent": 66394,
      "packets_recv": 78531
    },
    "process_count": 323,
    "uptime_seconds": 674450.9825036526,
    "load_average": [
      5.74,
      1.96,
      1.1
    ]
  },
  {
    "timestamp": "2025-08-13T12:06:52.333523",
    "cpu_percent": 16.8,
    "memory_percent": 79.7,
    "disk_usage_percent": 64.9,
    "network_io": {
      "bytes_sent": 30521501,
      "bytes_recv": 85052954,
      "packets_sent": 66787,
      "packets_recv": 79038
    },
    "process_count": 320,
    "uptime_seconds": 674504.6006391048,
    "load_average": [
      0.68,
      1.36,
      0.67
    ]
  },
  {
    "timestamp": "2025-08-13T12:06:52.349517",
    "cpu_percent": 16.8,
    "memory_percent": 79.7,
    "disk_usage_percent": 64.9,
    "network_io": {
      "bytes_sent": 30521501,
      "bytes_recv": 85052954,
      "packets_sent": 66787,
      "packets_recv": 79038
    },
    "process_count": 320,
    "uptime_seconds": 674504.6156237125,
    "load_average": [
      0.68,
      1.36,
      0.67
    ]
  },
  {
    "timestamp": "2025-08-13T12:06:58.733603",
    "cpu_percent": 17.9,
    "memory_percent": 76.1,
    "disk_usage_percent": 64.9,
    "network_io": {
      "bytes_sent": 30535947,
      "bytes_recv": 85064857,
      "packets_sent": 66848,
      "packets_recv": 79093
    },
    "process_count": 320,
    "uptime_seconds": 674511.6429429054,
    "load_average": [
      2.11,
      1.6,
      1.03
    ]
  },
  {
    "timestamp": "2025-08-13T12:06:59.183985",
    "cpu_percent": 25.7,
    "memory_percent": 76.1,
    "disk_usage_percent": 64.9,
    "network_io": {
      "bytes_sent": 30540592,
      "bytes_recv": 85071197,
      "packets_sent": 66862,
      "packets_recv": 79110
    },
    "process_count": 320,
    "uptime_seconds": 674512.0925290585,
    "load_average": [
      2.11,
      1.6,
      1.03
    ]
  },
  {
    "timestamp": "2025-08-13T12:07:53.466621",
    "cpu_percent": 19.7,
    "memory_percent": 76.4,
    "disk_usage_percent": 64.9,
    "network_io": {
      "bytes_sent": 30648324,
      "bytes_recv": 85164872,
      "packets_sent": 67211,
      "packets_recv": 79518
    },
    "process_count": 325,
    "uptime_seconds": 674565.7510695457,
    "load_average": [
      2.62,
      1.88,
      0.95
    ]
  },
  {
    "timestamp": "2025-08-13T12:07:59.840541",
    "cpu_percent": 30.8,
    "memory_percent": 71.1,
    "disk_usage_percent": 64.9,
    "network_io": {
      "bytes_sent": 30652827,
      "bytes_recv": 85173037,
      "packets_sent": 67237,
      "packets_recv": 79544
    },
    "process_count": 321,
    "uptime_seconds": 674572.750957489,
    "load_average": [
      5.51,
      2.75,
      1.48
    ]
  },
  {
    "timestamp": "2025-08-13T12:08:00.305897",
    "cpu_percent": 48.1,
    "memory_percent": 71.0,
    "disk_usage_percent": 64.9,
    "network_io": {
      "bytes_sent": 30652827,
      "bytes_recv": 85173037,
      "packets_sent": 67237,
      "packets_recv": 79544
    },
    "process_count": 321,
    "uptime_seconds": 674573.2379312515,
    "load_average": [
      5.07,
      2.71,
      1.47
    ]
  },
  {
    "timestamp": "2025-08-13T12:08:54.585151",
    "cpu_percent": 28.1,
    "memory_percent": 72.7,
    "disk_usage_percent": 64.9,
    "network_io": {
      "bytes_sent": 30721253,
      "bytes_recv": 85325667,
      "packets_sent": 67558,
      "packets_recv": 79948
    },
    "process_count": 322,
    "uptime_seconds": 674626.8532238007,
    "load_average": [
      0.39,
      1.27,
      0.84
    ]
  },
  {
    "timestamp": "2025-08-13T12:08:54.604149",
    "cpu_percent": 27.5,
    "memory_percent": 72.7,
    "disk_usage_percent": 64.9,
    "network_io": {
      "bytes_sent": 30721253,
      "bytes_recv": 85325667,
      "packets_sent": 67558,
      "packets_recv": 79948
    },
    "process_count": 322,
    "uptime_seconds": 674626.8762226105,
    "load_average": [
      0.39,
      1.27,
      0.84
    ]
  },
  {
    "timestamp": "2025-08-13T12:09:00.952738",
    "cpu_percent": 7.2,
    "memory_percent": 73.4,
    "disk_usage_percent": 64.9,
    "network_io": {
      "bytes_sent": 30739521,
      "bytes_recv": 85368484,
      "packets_sent": 67655,
      "packets_recv": 80073
    },
    "process_count": 322,
    "uptime_seconds": 674633.8615419865,
    "load_average": [
      1.87,
      2.22,
      1.38
    ]
  },
  {
    "timestamp": "2025-08-13T12:09:01.441980",
    "cpu_percent": 20.0,
    "memory_percent": 73.3,
    "disk_usage_percent": 64.9,
    "network_io": {
      "bytes_sent": 30739521,
      "bytes_recv": 85368484,
      "packets_sent": 67655,
      "packets_recv": 80073
    },
    "process_count": 322,
    "uptime_seconds": 674634.3506247997,
    "load_average": [
      1.87,
      2.22,
      1.38
    ]
  },
  {
    "timestamp": "2025-08-13T12:09:24.138109",
    "cpu_percent": 84.2,
    "memory_percent": 65.1,
    "disk_usage_percent": 64.9,
    "network_io": {
      "bytes_sent": 30752304,
      "bytes_recv": 85389091,
      "packets_sent": 67724,
      "packets_recv": 80140
    },
    "process_count": 324,
    "uptime_seconds": 674657.0000002384,
    "load_average": [
      0.0,
      0.0,
      0.0
    ]
  },
  {
    "timestamp": "2025-08-13T12:09:25.243129",
    "cpu_percent": 85.2,
    "memory_percent": 67.0,
    "disk_usage_percent": 64.9,
    "network_io": {
      "bytes_sent": 30752406,
      "bytes_recv": 85389382,
      "packets_sent": 67725,
      "packets_recv": 80143
    },
    "process_count": 324,
    "uptime_seconds": 674658.0,
    "load_average": [
      0.0,
      0.0,
      0.0
    ]
  }
]]
  }
]