{
  "scan_id": "id_2qcv8nx02",
  "timestamp": "2025-08-03T12:45:51.832154",
  "total_files": 1,
  "prompts": [
    {
      "file_path": "uploaded_projects\\id_2qcv8nx02\\original\\test_advanced_metrics.py",
      "file_name": "test_advanced_metrics.py",
      "prompt_file": "uploaded_projects\\id_2qcv8nx02\\vscode_prompts\\test_advanced_metrics_prompt.txt",
      "original_file": "uploaded_projects\\id_2qcv8nx02\\vscode_prompts\\test_advanced_metrics_original.py",
      "source_file_path": "uploaded_projects\\id_2qcv8nx02\\original\\test_advanced_metrics.py",
      "security_issues": [],
      "status": "pending",
      "markdown_file": ".github\\prompts\\id_2qcv8nx02.prompt.md"
    }
  ]
}