{
  "scan_id": "d01f3370-f0ab-4ccc-ab10-a3334376546d",
  "timestamp": "2025-08-07T13:12:07.270306",
  "total_files": 1,
  "prompts": [
    {
      "file_path": "d:\\CodeKata\\dashboard_api_enhanced\\thread_scan_test_files\\test_execution_trigger.py",
      "file_name": "test_execution_trigger.py",
      "prompt_file": "uploaded_projects\\d01f3370-f0ab-4ccc-ab10-a3334376546d\\vscode_prompts\\test_execution_trigger_prompt.txt",
      "original_file": "uploaded_projects\\d01f3370-f0ab-4ccc-ab10-a3334376546d\\vscode_prompts\\test_execution_trigger_original.py",
      "source_file_path": "d:\\CodeKata\\dashboard_api_enhanced\\thread_scan_test_files\\test_execution_trigger.py",
      "security_issues": [
        {
          "type": "security_vulnerability",
          "description": "Dangerous system call",
          "line": 59,
          "code": "os.system(",
          "severity": "HIGH"
        },
        {
          "type": "security_vulnerability",
          "description": "Dangerous system call",
          "line": 79,
          "code": "os.system(",
          "severity": "HIGH"
        }
      ],
      "status": "pending",
      "markdown_file": ".github\\prompts\\d01f3370-f0ab-4ccc-ab10-a3334376546d.prompt.md"
    }
  ]
}