{
  "scan_id": "id_0fe5zs5dm",
  "timestamp": "2025-08-03T23:08:51.508033",
  "total_files": 4,
  "prompts": [
    {
      "file_path": "uploaded_projects\\id_0fe5zs5dm\\original\\advanced_security_debt\\authentication_bypass.py",
      "file_name": "authentication_bypass.py",
      "prompt_file": "uploaded_projects\\id_0fe5zs5dm\\vscode_prompts\\authentication_bypass_prompt.txt",
      "original_file": "uploaded_projects\\id_0fe5zs5dm\\vscode_prompts\\authentication_bypass_original.py",
      "source_file_path": "uploaded_projects\\id_0fe5zs5dm\\vscode_prompts\\authentication_bypass_original.py",
      "security_issues": [],
      "status": "completed",
      "markdown_file": ".github\\prompts\\id_0fe5zs5dm.prompt.md",
      "remediated_file": "uploaded_projects\\id_0fe5zs5dm\\remediated_files\\authentication_bypass_original_original_original_remediated.py",
      "processed_at": "2025-08-03T23:13:48.688078",
      "ai_remediated": true
    },
    {
      "file_path": "uploaded_projects\\id_0fe5zs5dm\\original\\advanced_security_debt\\data_exposure.py",
      "file_name": "data_exposure.py",
      "prompt_file": "uploaded_projects\\id_0fe5zs5dm\\vscode_prompts\\data_exposure_prompt.txt",
      "original_file": "uploaded_projects\\id_0fe5zs5dm\\vscode_prompts\\data_exposure_original.py",
      "source_file_path": "uploaded_projects\\id_0fe5zs5dm\\vscode_prompts\\data_exposure_original.py",
      "security_issues": [
        {
          "type": "missing_validation",
          "description": "Missing input validation",
          "line": 1,
          "code": "function definition",
          "severity": "MEDIUM"
        }
      ],
      "status": "completed",
      "markdown_file": ".github\\prompts\\id_0fe5zs5dm.prompt.md",
      "remediated_file": "uploaded_projects\\id_0fe5zs5dm\\remediated_files\\data_exposure_original_original_original_remediated.py",
      "processed_at": "2025-08-03T23:13:48.763095",
      "ai_remediated": true
    },
    {
      "file_path": "uploaded_projects\\id_0fe5zs5dm\\original\\advanced_security_debt\\sql_injection.py",
      "file_name": "sql_injection.py",
      "prompt_file": "uploaded_projects\\id_0fe5zs5dm\\vscode_prompts\\sql_injection_prompt.txt",
      "original_file": "uploaded_projects\\id_0fe5zs5dm\\vscode_prompts\\sql_injection_original.py",
      "source_file_path": "uploaded_projects\\id_0fe5zs5dm\\vscode_prompts\\sql_injection_original.py",
      "security_issues": [
        {
          "type": "missing_validation",
          "description": "Missing input validation",
          "line": 1,
          "code": "function definition",
          "severity": "MEDIUM"
        }
      ],
      "status": "completed",
      "markdown_file": ".github\\prompts\\id_0fe5zs5dm.prompt.md",
      "remediated_file": "uploaded_projects\\id_0fe5zs5dm\\remediated_files\\sql_injection_original_original_original_remediated.py",
      "processed_at": "2025-08-03T23:13:48.793081",
      "ai_remediated": true
    },
    {
      "file_path": "uploaded_projects\\id_0fe5zs5dm\\original\\advanced_security_debt\\xss_vulnerabilities.py",
      "file_name": "xss_vulnerabilities.py",
      "prompt_file": "uploaded_projects\\id_0fe5zs5dm\\vscode_prompts\\xss_vulnerabilities_prompt.txt",
      "original_file": "uploaded_projects\\id_0fe5zs5dm\\vscode_prompts\\xss_vulnerabilities_original.py",
      "source_file_path": "uploaded_projects\\id_0fe5zs5dm\\vscode_prompts\\xss_vulnerabilities_original.py",
      "security_issues": [
        {
          "type": "missing_validation",
          "description": "Missing input validation",
          "line": 1,
          "code": "function definition",
          "severity": "MEDIUM"
        }
      ],
      "status": "completed",
      "markdown_file": ".github\\prompts\\id_0fe5zs5dm.prompt.md",
      "remediated_file": "uploaded_projects\\id_0fe5zs5dm\\remediated_files\\xss_vulnerabilities_original_original_original_remediated.py",
      "processed_at": "2025-08-03T23:13:48.822081",
      "ai_remediated": true
    }
  ],
  "processed_at": "2025-08-03T23:13:48.822081",
  "total_processed": 4
}