{
  "scan_id": "c24da578-e4de-4608-a70b-b2c3fdcab1f6",
  "timestamp": "2025-08-07T13:07:53.969900",
  "total_files": 1,
  "prompts": [
    {
      "file_path": "d:\\CodeKata\\chat-ui\\templates\\index.html",
      "file_name": "index.html",
      "prompt_file": "uploaded_projects\\c24da578-e4de-4608-a70b-b2c3fdcab1f6\\vscode_prompts\\index_prompt.txt",
      "original_file": "uploaded_projects\\c24da578-e4de-4608-a70b-b2c3fdcab1f6\\vscode_prompts\\index_original.html",
      "source_file_path": "d:\\CodeKata\\chat-ui\\templates\\index.html",
      "security_issues": [],
      "status": "pending",
      "markdown_file": ".github\\prompts\\c24da578-e4de-4608-a70b-b2c3fdcab1f6.prompt.md"
    }
  ]
}