{
  "100": {
    "ait_name": "AAR",
    "spks": {
      "AAR": {
        "spk_name": "AAR",
        "repos": [
          {
            "repo_name": "aar_shl",
            "repo_url": null
          },
          {
            "repo_name": "aar_sql",
            "repo_url": null
          },
          {
            "repo_name": "aar_web",
            "repo_url": null
          }
        ]
      }
    }
  },
  "1234": {
    "ait_name": "BAB",
    "spks": {
      "BAB": {
        "spk_name": "BAB",
        "repos": [
          {
            "repo_name": "babc_bbc_review_notification",
            "repo_url": null
          },
          {
            "repo_name": "babc_web",
            "repo_url": null
          }
        ]
      }
    }
  },
  "29828": {
    "ait_name": "AAVS",
    "spks": {
      "AAVS": {
        "spk_name": "AAVS",
        "repos": [
          {
            "repo_name": "aavs_autosys",
            "repo_url": null
          },
          {
            "repo_name": "aavs_bat",
            "repo_url": null
          },
          {
            "repo_name": "aavs_web_aaautomation",
            "repo_url": null
          },
          {
            "repo_name": "aavs_web_aaautomation_v2",
            "repo_url": null
          }
        ]
      }
    }
  },
  "3288": {
    "ait_name": "ABC",
    "spks": {
      "ABC": {
        "spk_name": "ABC",
        "repos": [
          {
            "repo_name": "abc_oracle",
            "repo_url": null
          },
          {
            "repo_name": "abc_web",
            "repo_url": null
          }
        ]
      }
    }
  },
  "3456": {
    "ait_name": "CARE",
    "spks": {
      "CARE": {
        "spk_name": "CARE",
        "repos": [
          {
            "repo_name": "caremail",
            "repo_url": null
          },
          {
            "repo_name": "caremail_api",
            "repo_url": null
          }
        ]
      }
    }
  },
  "5524": {
    "ait_name": "ABLPORTAL",
    "spks": {
      "ABLPORTAL": {
        "spk_name": "ABLPORTAL",
        "repos": [
          {
            "repo_name": "ablportal",
            "repo_url": null
          },
          {
            "repo_name": "ablportal_api",
            "repo_url": null
          }
        ]
      }
    }
  },
  "5678": {
    "ait_name": "BBC",
    "spks": {
      "BBC": {
        "spk_name": "BBC",
        "repos": [
          {
            "repo_name": "bbc_auto_publish",
            "repo_url": null
          },
          {
            "repo_name": "bbc_web",
            "repo_url": null
          }
        ]
      }
    }
  },
  "9012": {
    "ait_name": "CA",
    "spks": {
      "CA": {
        "spk_name": "CA",
        "repos": [
          {
            "repo_name": "ca_edi",
            "repo_url": null
          },
          {
            "repo_name": "ca_web",
            "repo_url": null
          }
        ]
      }
    }
  }
}