{
  "scan_id": "id_9pbdce8op",
  "timestamp": "2025-08-14T04:36:48.086801",
  "total_files": 1,
  "prompts": [
    {
      "file_path": "uploaded_projects\\id_9pbdce8op\\original\\high_risk_test.py",
      "file_name": "high_risk_test.py",
      "prompt_file": "uploaded_projects\\id_9pbdce8op\\vscode_prompts\\high_risk_test_prompt.txt",
      "original_file": "uploaded_projects\\id_9pbdce8op\\vscode_prompts\\high_risk_test_original.py",
      "source_file_path": "uploaded_projects\\id_9pbdce8op\\vscode_prompts\\high_risk_test_original.py",
      "security_issues": [
        {
          "type": "security_vulnerability",
          "description": "Dangerous system call",
          "line": 9,
          "code": "os.system(",
          "severity": "HIGH"
        },
        {
          "type": "security_vulnerability",
          "description": "Code execution vulnerability",
          "line": 12,
          "code": "exec(",
          "severity": "HIGH"
        },
        {
          "type": "security_vulnerability",
          "description": "Dynamic import vulnerability",
          "line": 12,
          "code": "__import__(",
          "severity": "HIGH"
        },
        {
          "type": "security_vulnerability",
          "description": "Destructive file operation",
          "line": 12,
          "code": "rm -rf",
          "severity": "HIGH"
        }
      ],
      "status": "completed",
      "markdown_file": ".github\\prompts\\id_9pbdce8op.prompt.md",
      "remediated_file": "uploaded_projects\\id_9pbdce8op\\remediated_files\\high_risk_test_original_original_original_remediated.py",
      "processed_at": "2025-08-14T04:37:00.584441",
      "ai_remediated": true
    }
  ],
  "processed_at": "2025-08-14T04:37:00.585443",
  "total_processed": 1
}