{
  "scan_id": "2da2afde-b384-4f9f-ade9-49563e8b1a18",
  "timestamp": "2025-08-07T14:16:16.344968",
  "total_files": 1,
  "prompts": [
    {
      "file_path": "d:\\CodeKata\\chat-ui\\test_file.py",
      "file_name": "test_file.py",
      "prompt_file": "uploaded_projects\\2da2afde-b384-4f9f-ade9-49563e8b1a18\\vscode_prompts\\test_file_prompt.txt",
      "original_file": "uploaded_projects\\2da2afde-b384-4f9f-ade9-49563e8b1a18\\vscode_prompts\\test_file_original.py",
      "source_file_path": "d:\\CodeKata\\chat-ui\\test_file.py",
      "security_issues": [
        {
          "type": "security_vulnerability",
          "description": "Dangerous system call",
          "line": 21,
          "code": "os.system(",
          "severity": "HIGH"
        },
        {
          "type": "security_vulnerability",
          "description": "Dangerous system call",
          "line": 33,
          "code": "os.system(",
          "severity": "HIGH"
        },
        {
          "type": "security_vulnerability",
          "description": "Code injection vulnerability",
          "line": 73,
          "code": "eval(",
          "severity": "HIGH"
        },
        {
          "type": "security_vulnerability",
          "description": "Hardcoded credentials",
          "line": 39,
          "code": "password =",
          "severity": "HIGH"
        }
      ],
      "status": "pending",
      "markdown_file": ".github\\prompts\\2da2afde-b384-4f9f-ade9-49563e8b1a18.prompt.md"
    }
  ]
}