{
  "scan_id": "fbfe86e0-718e-453c-abdc-1e5eccc4cd85",
  "timestamp": "2025-08-07T16:53:16.891003",
  "total_files": 1,
  "prompts": [
    {
      "file_path": "c:\\Users\\91770\\AppData\\Roaming\\Code\\User\\settings.json",
      "file_name": "settings.json",
      "prompt_file": "uploaded_projects\\fbfe86e0-718e-453c-abdc-1e5eccc4cd85\\vscode_prompts\\settings_prompt.txt",
      "original_file": "uploaded_projects\\fbfe86e0-718e-453c-abdc-1e5eccc4cd85\\vscode_prompts\\settings_original.json",
      "source_file_path": "c:\\Users\\91770\\AppData\\Roaming\\Code\\User\\settings.json",
      "security_issues": [],
      "status": "pending",
      "markdown_file": ".github\\prompts\\fbfe86e0-718e-453c-abdc-1e5eccc4cd85.prompt.md"
    }
  ]
}