{
  "scan_id": "id_uro8f07z0",
  "timestamp": "2025-08-14T10:44:13.179588",
  "total_files": 1,
  "prompts": [
    {
      "file_path": "uploaded_projects\\id_uro8f07z0\\original\\comprehensive_malware_tests.py",
      "file_name": "comprehensive_malware_tests.py",
      "prompt_file": "uploaded_projects\\id_uro8f07z0\\vscode_prompts\\comprehensive_malware_tests_prompt.txt",
      "original_file": "uploaded_projects\\id_uro8f07z0\\vscode_prompts\\comprehensive_malware_tests_original.py",
      "source_file_path": "uploaded_projects\\id_uro8f07z0\\vscode_prompts\\comprehensive_malware_tests_original.py",
      "security_issues": [
        {
          "type": "security_vulnerability",
          "description": "Dangerous subprocess call",
          "line": 77,
          "code": "subprocess.call(",
          "severity": "HIGH"
        },
        {
          "type": "security_vulnerability",
          "description": "Dangerous subprocess call",
          "line": 141,
          "code": "subprocess.call(",
          "severity": "HIGH"
        },
        {
          "type": "security_vulnerability",
          "description": "Dangerous subprocess call",
          "line": 150,
          "code": "subprocess.call(",
          "severity": "HIGH"
        },
        {
          "type": "security_vulnerability",
          "description": "Dangerous subprocess call",
          "line": 234,
          "code": "subprocess.call(",
          "severity": "HIGH"
        },
        {
          "type": "security_vulnerability",
          "description": "Dangerous subprocess call",
          "line": 240,
          "code": "subprocess.call(",
          "severity": "HIGH"
        },
        {
          "type": "security_vulnerability",
          "description": "Dangerous subprocess call",
          "line": 397,
          "code": "subprocess.call(",
          "severity": "HIGH"
        },
        {
          "type": "security_vulnerability",
          "description": "Dangerous subprocess call",
          "line": 400,
          "code": "subprocess.call(",
          "severity": "HIGH"
        },
        {
          "type": "security_vulnerability",
          "description": "Dangerous subprocess call",
          "line": 403,
          "code": "subprocess.call(",
          "severity": "HIGH"
        },
        {
          "type": "security_vulnerability",
          "description": "Hardcoded credentials",
          "line": 443,
          "code": "password =",
          "severity": "HIGH"
        }
      ],
      "status": "completed",
      "markdown_file": ".github\\prompts\\id_uro8f07z0.prompt.md",
      "remediated_file": "uploaded_projects\\id_uro8f07z0\\remediated_files\\comprehensive_malware_tests_original_original_original_remediated.py",
      "processed_at": "2025-08-14T11:01:13.323871",
      "ai_remediated": true
    }
  ],
  "processed_at": "2025-08-14T11:01:13.323871",
  "total_processed": 1
}