{
  "vulnerabilities": [
    {
      "id": "vuln_001_apache_version",
      "ait_tag": "AIT-32123",
      "title": "Apache HTTP Server Version 2.4.49 Vulnerability",
      "description": "Apache HTTP Server version 2.4.49 contains a path traversal vulnerability (CVE-2021-41773) that allows attackers to access files outside the intended directory.",
      "severity": "CRITICAL_BOMB",
      "priority": "CRITICAL",
      "risk_score": 9.8,
      "remediation_action": "Upgrade Apache HTTP Server to version 2.4.50 or later and apply security patches",
      "remediation_priority": "IMMEDIATE",
      "cost_impact": 15000.0,
      "fte_requirement": 2.5,
      "business_impact": "Critical",
      "exploitability": "EASY",
      "effort": 480,
      "wave_assignment": {
        "wave_id": "WAVE-001",
        "status": "IN_PROGRESS",
        "assigned_date": "2024-01-15T10:00:00Z",
        "estimated_effort_hours": 8
      },
      "tags": [
        "web-server",
        "apache",
        "path-traversal",
        "cve-2021-41773"
      ],
      "status": "ACTIVE"
    },
    {
      "id": "vuln_002_openssl_heartbleed",
      "ait_tag": "AIT-45678",
      "title": "OpenSSL Heartbleed Vulnerability (CVE-2014-0160)",
      "description": "OpenSSL versions 1.0.1 through 1.0.1f contain a serious vulnerability in the TLS/DTLS heartbeat extension that allows attackers to read sensitive memory from the server.",
      "severity": "HIGH_RISK",
      "priority": "HIGH",
      "risk_score": 8.5,
      "remediation_action": "Update OpenSSL to version 1.0.1g or later and regenerate all SSL certificates",
      "remediation_priority": "HIGH",
      "cost_impact": 8000.0,
      "fte_requirement": 1.5,
      "business_impact": "High",
      "exploitability": "MEDIUM",
      "effort": 360,
      "wave_assignment": {
        "wave_id": "WAVE-002",
        "status": "PLANNED",
        "assigned_date": "2024-01-20T14:30:00Z",
        "estimated_effort_hours": 6
      },
      "tags": [
        "ssl",
        "openssl",
        "heartbleed",
        "cve-2014-0160"
      ]
    },
    {
      "id": "vuln_003_sql_injection",
      "ait_tag": "AIT-78901",
      "title": "SQL Injection Vulnerability in User Authentication",
      "description": "The user authentication system contains SQL injection vulnerabilities that could allow attackers to bypass authentication and access sensitive database information.",
      "severity": "HIGH_RISK",
      "priority": "HIGH",
      "risk_score": 8.2,
      "remediation_action": "Implement parameterized queries, input validation, and prepared statements to prevent SQL injection attacks",
      "remediation_priority": "HIGH",
      "cost_impact": 12000.0,
      "fte_requirement": 3.0,
      "business_impact": "High",
      "exploitability": "MEDIUM",
      "effort": 720,
      "wave_assignment": null,
      "tags": [
        "sql-injection",
        "authentication",
        "database",
        "input-validation"
      ]
    },
    {
      "id": "vuln_004_xss_vulnerability",
      "ait_tag": "AIT-23456",
      "title": "Cross-Site Scripting (XSS) in User Comments",
      "description": "The user comment system is vulnerable to stored XSS attacks, allowing malicious scripts to be executed in users' browsers.",
      "severity": "MEDIUM_RISK",
      "priority": "MEDIUM",
      "risk_score": 6.5,
      "remediation_action": "Implement proper input sanitization, output encoding, and Content Security Policy (CSP) headers",
      "remediation_priority": "MEDIUM",
      "cost_impact": 5000.0,
      "fte_requirement": 1.0,
      "business_impact": "Medium",
      "exploitability": "HARD",
      "effort": 240,
      "wave_assignment": {
        "wave_id": "WAVE-003",
        "status": "PLANNED",
        "assigned_date": "2024-02-01T09:15:00Z",
        "estimated_effort_hours": 4
      },
      "tags": [
        "xss",
        "cross-site-scripting",
        "input-sanitization",
        "csp"
      ]
    },
    {
      "id": "vuln_005_weak_password_policy",
      "ait_tag": "AIT-34567",
      "title": "Weak Password Policy Enforcement",
      "description": "The application allows weak passwords and doesn't enforce proper password complexity requirements, making accounts vulnerable to brute force attacks.",
      "severity": "LOW_RISK",
      "priority": "LOW",
      "risk_score": 4.2,
      "remediation_action": "Implement strong password policy with minimum length, complexity requirements, and account lockout mechanisms",
      "remediation_priority": "LOW",
      "cost_impact": 3000.0,
      "fte_requirement": 0.5,
      "business_impact": "Low",
      "exploitability": "EASY",
      "effort": 120,
      "wave_assignment": null,
      "tags": [
        "password-policy",
        "authentication",
        "brute-force",
        "security-policy"
      ]
    },
    {
      "id": "vuln_006_nginx_vulnerability",
      "ait_tag": "AIT-56789",
      "title": "Nginx Server Configuration Vulnerability",
      "description": "Nginx server is running with default configuration that exposes sensitive information and lacks proper security headers.",
      "severity": "MEDIUM_RISK",
      "priority": "MEDIUM",
      "risk_score": 6.8,
      "remediation_action": "Configure Nginx with security headers, disable server tokens, and implement proper access controls",
      "remediation_priority": "MEDIUM",
      "cost_impact": 4000.0,
      "fte_requirement": 1.0,
      "business_impact": "Medium",
      "exploitability": "MEDIUM",
      "effort": 180,
      "wave_assignment": {
        "wave_id": "WAVE-004",
        "status": "PLANNED",
        "assigned_date": "2024-02-15T11:00:00Z",
        "estimated_effort_hours": 3
      },
      "tags": [
        "web-server",
        "nginx",
        "configuration",
        "security-headers"
      ]
    }
  ]
}