{
  "scan_id": "f5c20a29-d2d3-4cc0-852d-357f8a20c14e",
  "timestamp": "2025-08-07T14:21:07.505020",
  "total_files": 1,
  "prompts": [
    {
      "file_path": "d:\\CodeKata\\chat-ui\\test_file.py",
      "file_name": "test_file.py",
      "prompt_file": "uploaded_projects\\f5c20a29-d2d3-4cc0-852d-357f8a20c14e\\vscode_prompts\\test_file_prompt.txt",
      "original_file": "uploaded_projects\\f5c20a29-d2d3-4cc0-852d-357f8a20c14e\\vscode_prompts\\test_file_original.py",
      "source_file_path": "d:\\CodeKata\\chat-ui\\test_file.py",
      "security_issues": [
        {
          "type": "security_vulnerability",
          "description": "Dangerous system call",
          "line": 21,
          "code": "os.system(",
          "severity": "HIGH"
        },
        {
          "type": "security_vulnerability",
          "description": "Dangerous system call",
          "line": 33,
          "code": "os.system(",
          "severity": "HIGH"
        },
        {
          "type": "security_vulnerability",
          "description": "Code injection vulnerability",
          "line": 73,
          "code": "eval(",
          "severity": "HIGH"
        },
        {
          "type": "security_vulnerability",
          "description": "Hardcoded credentials",
          "line": 39,
          "code": "password =",
          "severity": "HIGH"
        }
      ],
      "status": "pending",
      "markdown_file": ".github\\prompts\\f5c20a29-d2d3-4cc0-852d-357f8a20c14e.prompt.md"
    }
  ]
}