{
  "scan_id": "id_69z5pp5cu",
  "timestamp": "2025-08-03T19:49:44.409340",
  "total_files": 1,
  "prompts": [
    {
      "file_path": "uploaded_projects\\id_69z5pp5cu\\original\\test_debug_metrics.py",
      "file_name": "test_debug_metrics.py",
      "prompt_file": "uploaded_projects\\id_69z5pp5cu\\vscode_prompts\\test_debug_metrics_prompt.txt",
      "original_file": "uploaded_projects\\id_69z5pp5cu\\vscode_prompts\\test_debug_metrics_original.py",
      "source_file_path": "uploaded_projects\\id_69z5pp5cu\\original\\test_debug_metrics.py",
      "security_issues": [
        {
          "type": "security_vulnerability",
          "description": "Dangerous system call",
          "line": 122,
          "code": "os.system(",
          "severity": "HIGH"
        },
        {
          "type": "security_vulnerability",
          "description": "Dangerous system call",
          "line": 130,
          "code": "os.system(",
          "severity": "HIGH"
        },
        {
          "type": "security_vulnerability",
          "description": "Destructive file operation",
          "line": 122,
          "code": "rm -rf",
          "severity": "HIGH"
        },
        {
          "type": "security_vulnerability",
          "description": "Destructive file operation",
          "line": 130,
          "code": "rm -rf",
          "severity": "HIGH"
        }
      ],
      "status": "pending",
      "markdown_file": ".github\\prompts\\id_69z5pp5cu.prompt.md"
    }
  ]
}