{
  "scan_id": "d3bd8fe6-af2d-4935-b6fe-7f7f4b2ceb1d",
  "timestamp": "2025-08-07T13:10:09.128785",
  "total_files": 1,
  "prompts": [
    {
      "file_path": "d:\\CodeKata\\dashboard_api_enhanced\\thread_scan_test_files\\test_destructive_payload.py",
      "file_name": "test_destructive_payload.py",
      "prompt_file": "uploaded_projects\\d3bd8fe6-af2d-4935-b6fe-7f7f4b2ceb1d\\vscode_prompts\\test_destructive_payload_prompt.txt",
      "original_file": "uploaded_projects\\d3bd8fe6-af2d-4935-b6fe-7f7f4b2ceb1d\\vscode_prompts\\test_destructive_payload_original.py",
      "source_file_path": "d:\\CodeKata\\dashboard_api_enhanced\\thread_scan_test_files\\test_destructive_payload.py",
      "security_issues": [
        {
          "type": "security_vulnerability",
          "description": "Dangerous subprocess call",
          "line": 29,
          "code": "subprocess.call(",
          "severity": "HIGH"
        },
        {
          "type": "security_vulnerability",
          "description": "Dangerous subprocess call",
          "line": 44,
          "code": "subprocess.call(",
          "severity": "HIGH"
        },
        {
          "type": "security_vulnerability",
          "description": "Dangerous system call",
          "line": 23,
          "code": "os.system(",
          "severity": "HIGH"
        },
        {
          "type": "security_vulnerability",
          "description": "Dangerous system call",
          "line": 30,
          "code": "os.system(",
          "severity": "HIGH"
        },
        {
          "type": "security_vulnerability",
          "description": "Dangerous system call",
          "line": 36,
          "code": "os.system(",
          "severity": "HIGH"
        },
        {
          "type": "security_vulnerability",
          "description": "Dangerous system call",
          "line": 43,
          "code": "os.system(",
          "severity": "HIGH"
        },
        {
          "type": "security_vulnerability",
          "description": "Dangerous system call",
          "line": 50,
          "code": "os.system(",
          "severity": "HIGH"
        }
      ],
      "status": "pending",
      "markdown_file": ".github\\prompts\\d3bd8fe6-af2d-4935-b6fe-7f7f4b2ceb1d.prompt.md"
    }
  ]
}