{
  "scan_id": "id_z0638255q",
  "timestamp": "2025-07-30T09:36:32.413545",
  "total_files": 10,
  "prompts": [
    {
      "file_path": "uploaded_projects\\id_z0638255q\\original\\.gitignore",
      "file_name": ".gitignore",
      "prompt_file": "uploaded_projects\\id_z0638255q\\vscode_prompts\\.gitignore_prompt.txt",
      "original_file": "uploaded_projects\\id_z0638255q\\vscode_prompts\\.gitignore_original",
      "source_file_path": "uploaded_projects\\id_z0638255q\\original\\.gitignore",
      "security_issues": [],
      "status": "pending"
    },
    {
      "file_path": "uploaded_projects\\id_z0638255q\\original\\app.js",
      "file_name": "app.js",
      "prompt_file": "uploaded_projects\\id_z0638255q\\vscode_prompts\\app_prompt.txt",
      "original_file": "uploaded_projects\\id_z0638255q\\vscode_prompts\\app_original.js",
      "source_file_path": "uploaded_projects\\id_z0638255q\\original\\app.js",
      "security_issues": [],
      "status": "pending"
    },
    {
      "file_path": "uploaded_projects\\id_z0638255q\\original\\data.js",
      "file_name": "data.js",
      "prompt_file": "uploaded_projects\\id_z0638255q\\vscode_prompts\\data_prompt.txt",
      "original_file": "uploaded_projects\\id_z0638255q\\vscode_prompts\\data_original.js",
      "source_file_path": "uploaded_projects\\id_z0638255q\\original\\data.js",
      "security_issues": [],
      "status": "pending"
    },
    {
      "file_path": "uploaded_projects\\id_z0638255q\\original\\Hall Book APi.postman_collection.json",
      "file_name": "Hall Book APi.postman_collection.json",
      "prompt_file": "uploaded_projects\\id_z0638255q\\vscode_prompts\\Hall Book APi.postman_collection_prompt.txt",
      "original_file": "uploaded_projects\\id_z0638255q\\vscode_prompts\\Hall Book APi.postman_collection_original.json",
      "source_file_path": "uploaded_projects\\id_z0638255q\\original\\Hall Book APi.postman_collection.json",
      "security_issues": [],
      "status": "pending"
    },
    {
      "file_path": "uploaded_projects\\id_z0638255q\\original\\package-lock.json",
      "file_name": "package-lock.json",
      "prompt_file": "uploaded_projects\\id_z0638255q\\vscode_prompts\\package-lock_prompt.txt",
      "original_file": "uploaded_projects\\id_z0638255q\\vscode_prompts\\package-lock_original.json",
      "source_file_path": "uploaded_projects\\id_z0638255q\\original\\package-lock.json",
      "security_issues": [],
      "status": "pending"
    },
    {
      "file_path": "uploaded_projects\\id_z0638255q\\original\\package.json",
      "file_name": "package.json",
      "prompt_file": "uploaded_projects\\id_z0638255q\\vscode_prompts\\package_prompt.txt",
      "original_file": "uploaded_projects\\id_z0638255q\\vscode_prompts\\package_original.json",
      "source_file_path": "uploaded_projects\\id_z0638255q\\original\\package.json",
      "security_issues": [],
      "status": "pending"
    },
    {
      "file_path": "uploaded_projects\\id_z0638255q\\original\\README.md",
      "file_name": "README.md",
      "prompt_file": "uploaded_projects\\id_z0638255q\\vscode_prompts\\README_prompt.txt",
      "original_file": "uploaded_projects\\id_z0638255q\\vscode_prompts\\README_original.md",
      "source_file_path": "uploaded_projects\\id_z0638255q\\original\\README.md",
      "security_issues": [],
      "status": "pending"
    },
    {
      "file_path": "uploaded_projects\\id_z0638255q\\original\\server.js",
      "file_name": "server.js",
      "prompt_file": "uploaded_projects\\id_z0638255q\\vscode_prompts\\server_prompt.txt",
      "original_file": "uploaded_projects\\id_z0638255q\\vscode_prompts\\server_original.js",
      "source_file_path": "uploaded_projects\\id_z0638255q\\original\\server.js",
      "security_issues": [],
      "status": "pending"
    },
    {
      "file_path": "uploaded_projects\\id_z0638255q\\original\\routes\\bookings.js",
      "file_name": "bookings.js",
      "prompt_file": "uploaded_projects\\id_z0638255q\\vscode_prompts\\bookings_prompt.txt",
      "original_file": "uploaded_projects\\id_z0638255q\\vscode_prompts\\bookings_original.js",
      "source_file_path": "uploaded_projects\\id_z0638255q\\original\\routes\\bookings.js",
      "security_issues": [],
      "status": "pending"
    },
    {
      "file_path": "uploaded_projects\\id_z0638255q\\original\\routes\\rooms.js",
      "file_name": "rooms.js",
      "prompt_file": "uploaded_projects\\id_z0638255q\\vscode_prompts\\rooms_prompt.txt",
      "original_file": "uploaded_projects\\id_z0638255q\\vscode_prompts\\rooms_original.js",
      "source_file_path": "uploaded_projects\\id_z0638255q\\original\\routes\\rooms.js",
      "security_issues": [],
      "status": "pending"
    }
  ]
}