{
  "scan_id": "3f8894e3-7c1f-4b79-9cdf-3646366e2d36",
  "timestamp": "2025-08-07T16:26:59.637014",
  "total_files": 1,
  "prompts": [
    {
      "file_path": "c:\\Users\\91770\\Downloads\\test_files\\test_suspicious.py",
      "file_name": "test_suspicious.py",
      "prompt_file": "uploaded_projects\\3f8894e3-7c1f-4b79-9cdf-3646366e2d36\\vscode_prompts\\test_suspicious_prompt.txt",
      "original_file": "uploaded_projects\\3f8894e3-7c1f-4b79-9cdf-3646366e2d36\\vscode_prompts\\test_suspicious_original.py",
      "source_file_path": "c:\\Users\\91770\\Downloads\\test_files\\test_suspicious.py",
      "security_issues": [
        {
          "type": "security_vulnerability",
          "description": "Dangerous subprocess call",
          "line": 14,
          "code": "subprocess.call(",
          "severity": "HIGH"
        },
        {
          "type": "security_vulnerability",
          "description": "Dangerous system call",
          "line": 13,
          "code": "os.system(",
          "severity": "HIGH"
        },
        {
          "type": "security_vulnerability",
          "description": "Dangerous system call",
          "line": 36,
          "code": "os.system(",
          "severity": "HIGH"
        },
        {
          "type": "security_vulnerability",
          "description": "Code injection vulnerability",
          "line": 23,
          "code": "eval(",
          "severity": "HIGH"
        },
        {
          "type": "security_vulnerability",
          "description": "Code execution vulnerability",
          "line": 22,
          "code": "exec(",
          "severity": "HIGH"
        },
        {
          "type": "security_vulnerability",
          "description": "Code execution vulnerability",
          "line": 33,
          "code": "exec(",
          "severity": "HIGH"
        },
        {
          "type": "security_vulnerability",
          "description": "Dynamic import vulnerability",
          "line": 23,
          "code": "__import__(",
          "severity": "HIGH"
        },
        {
          "type": "security_vulnerability",
          "description": "Dynamic import vulnerability",
          "line": 24,
          "code": "__import__(",
          "severity": "HIGH"
        }
      ],
      "status": "pending",
      "markdown_file": ".github\\prompts\\3f8894e3-7c1f-4b79-9cdf-3646366e2d36.prompt.md"
    }
  ]
}