{
  "scan_id": "5567a41d-faa1-4c79-8715-15e688c9df14",
  "timestamp": "2025-08-07T13:11:53.431234",
  "total_files": 1,
  "prompts": [
    {
      "file_path": "d:\\CodeKata\\dashboard_api_enhanced\\thread_scan_test_files\\test_execution_trigger.py",
      "file_name": "test_execution_trigger.py",
      "prompt_file": "uploaded_projects\\5567a41d-faa1-4c79-8715-15e688c9df14\\vscode_prompts\\test_execution_trigger_prompt.txt",
      "original_file": "uploaded_projects\\5567a41d-faa1-4c79-8715-15e688c9df14\\vscode_prompts\\test_execution_trigger_original.py",
      "source_file_path": "d:\\CodeKata\\dashboard_api_enhanced\\thread_scan_test_files\\test_execution_trigger.py",
      "security_issues": [
        {
          "type": "security_vulnerability",
          "description": "Dangerous system call",
          "line": 30,
          "code": "os.system(",
          "severity": "HIGH"
        },
        {
          "type": "security_vulnerability",
          "description": "Dangerous system call",
          "line": 40,
          "code": "os.system(",
          "severity": "HIGH"
        }
      ],
      "status": "pending",
      "markdown_file": ".github\\prompts\\5567a41d-faa1-4c79-8715-15e688c9df14.prompt.md"
    }
  ]
}