{
  "scan_id": "id_qmh1xmpxl",
  "timestamp": "2025-07-30T09:52:36.682377",
  "total_files": 18,
  "prompts": [
    {
      "file_path": "uploaded_projects\\id_qmh1xmpxl\\original\\.gitignore",
      "file_name": ".gitignore",
      "prompt_file": "uploaded_projects\\id_qmh1xmpxl\\vscode_prompts\\.gitignore_prompt.txt",
      "original_file": "uploaded_projects\\id_qmh1xmpxl\\vscode_prompts\\.gitignore_original",
      "source_file_path": "uploaded_projects\\id_qmh1xmpxl\\original\\.gitignore",
      "security_issues": [],
      "status": "pending"
    },
    {
      "file_path": "uploaded_projects\\id_qmh1xmpxl\\original\\package-lock.json",
      "file_name": "package-lock.json",
      "prompt_file": "uploaded_projects\\id_qmh1xmpxl\\vscode_prompts\\package-lock_prompt.txt",
      "original_file": "uploaded_projects\\id_qmh1xmpxl\\vscode_prompts\\package-lock_original.json",
      "source_file_path": "uploaded_projects\\id_qmh1xmpxl\\original\\package-lock.json",
      "security_issues": [],
      "status": "pending"
    },
    {
      "file_path": "uploaded_projects\\id_qmh1xmpxl\\original\\package.json",
      "file_name": "package.json",
      "prompt_file": "uploaded_projects\\id_qmh1xmpxl\\vscode_prompts\\package_prompt.txt",
      "original_file": "uploaded_projects\\id_qmh1xmpxl\\vscode_prompts\\package_original.json",
      "source_file_path": "uploaded_projects\\id_qmh1xmpxl\\original\\package.json",
      "security_issues": [],
      "status": "pending"
    },
    {
      "file_path": "uploaded_projects\\id_qmh1xmpxl\\original\\README.md",
      "file_name": "README.md",
      "prompt_file": "uploaded_projects\\id_qmh1xmpxl\\vscode_prompts\\README_prompt.txt",
      "original_file": "uploaded_projects\\id_qmh1xmpxl\\vscode_prompts\\README_original.md",
      "source_file_path": "uploaded_projects\\id_qmh1xmpxl\\original\\README.md",
      "security_issues": [],
      "status": "pending"
    },
    {
      "file_path": "uploaded_projects\\id_qmh1xmpxl\\original\\public\\favicon.ico",
      "file_name": "favicon.ico",
      "prompt_file": "uploaded_projects\\id_qmh1xmpxl\\vscode_prompts\\favicon_prompt.txt",
      "original_file": "uploaded_projects\\id_qmh1xmpxl\\vscode_prompts\\favicon_original.ico",
      "source_file_path": "uploaded_projects\\id_qmh1xmpxl\\original\\public\\favicon.ico",
      "security_issues": [],
      "status": "pending"
    },
    {
      "file_path": "uploaded_projects\\id_qmh1xmpxl\\original\\public\\index.html",
      "file_name": "index.html",
      "prompt_file": "uploaded_projects\\id_qmh1xmpxl\\vscode_prompts\\index_prompt.txt",
      "original_file": "uploaded_projects\\id_qmh1xmpxl\\vscode_prompts\\index_original.html",
      "source_file_path": "uploaded_projects\\id_qmh1xmpxl\\original\\public\\index.html",
      "security_issues": [],
      "status": "pending"
    },
    {
      "file_path": "uploaded_projects\\id_qmh1xmpxl\\original\\public\\logo192.png",
      "file_name": "logo192.png",
      "prompt_file": "uploaded_projects\\id_qmh1xmpxl\\vscode_prompts\\logo192_prompt.txt",
      "original_file": "uploaded_projects\\id_qmh1xmpxl\\vscode_prompts\\logo192_original.png",
      "source_file_path": "uploaded_projects\\id_qmh1xmpxl\\original\\public\\logo192.png",
      "security_issues": [],
      "status": "pending"
    },
    {
      "file_path": "uploaded_projects\\id_qmh1xmpxl\\original\\public\\logo512.png",
      "file_name": "logo512.png",
      "prompt_file": "uploaded_projects\\id_qmh1xmpxl\\vscode_prompts\\logo512_prompt.txt",
      "original_file": "uploaded_projects\\id_qmh1xmpxl\\vscode_prompts\\logo512_original.png",
      "source_file_path": "uploaded_projects\\id_qmh1xmpxl\\original\\public\\logo512.png",
      "security_issues": [],
      "status": "pending"
    },
    {
      "file_path": "uploaded_projects\\id_qmh1xmpxl\\original\\public\\manifest.json",
      "file_name": "manifest.json",
      "prompt_file": "uploaded_projects\\id_qmh1xmpxl\\vscode_prompts\\manifest_prompt.txt",
      "original_file": "uploaded_projects\\id_qmh1xmpxl\\vscode_prompts\\manifest_original.json",
      "source_file_path": "uploaded_projects\\id_qmh1xmpxl\\original\\public\\manifest.json",
      "security_issues": [],
      "status": "pending"
    },
    {
      "file_path": "uploaded_projects\\id_qmh1xmpxl\\original\\public\\robots.txt",
      "file_name": "robots.txt",
      "prompt_file": "uploaded_projects\\id_qmh1xmpxl\\vscode_prompts\\robots_prompt.txt",
      "original_file": "uploaded_projects\\id_qmh1xmpxl\\vscode_prompts\\robots_original.txt",
      "source_file_path": "uploaded_projects\\id_qmh1xmpxl\\original\\public\\robots.txt",
      "security_issues": [],
      "status": "pending"
    },
    {
      "file_path": "uploaded_projects\\id_qmh1xmpxl\\original\\src\\App.css",
      "file_name": "App.css",
      "prompt_file": "uploaded_projects\\id_qmh1xmpxl\\vscode_prompts\\App_prompt.txt",
      "original_file": "uploaded_projects\\id_qmh1xmpxl\\vscode_prompts\\App_original.css",
      "source_file_path": "uploaded_projects\\id_qmh1xmpxl\\original\\src\\App.css",
      "security_issues": [],
      "status": "pending"
    },
    {
      "file_path": "uploaded_projects\\id_qmh1xmpxl\\original\\src\\App.js",
      "file_name": "App.js",
      "prompt_file": "uploaded_projects\\id_qmh1xmpxl\\vscode_prompts\\App_prompt.txt",
      "original_file": "uploaded_projects\\id_qmh1xmpxl\\vscode_prompts\\App_original.js",
      "source_file_path": "uploaded_projects\\id_qmh1xmpxl\\original\\src\\App.js",
      "security_issues": [],
      "status": "pending"
    },
    {
      "file_path": "uploaded_projects\\id_qmh1xmpxl\\original\\src\\App.test.js",
      "file_name": "App.test.js",
      "prompt_file": "uploaded_projects\\id_qmh1xmpxl\\vscode_prompts\\App.test_prompt.txt",
      "original_file": "uploaded_projects\\id_qmh1xmpxl\\vscode_prompts\\App.test_original.js",
      "source_file_path": "uploaded_projects\\id_qmh1xmpxl\\original\\src\\App.test.js",
      "security_issues": [],
      "status": "pending"
    },
    {
      "file_path": "uploaded_projects\\id_qmh1xmpxl\\original\\src\\index.css",
      "file_name": "index.css",
      "prompt_file": "uploaded_projects\\id_qmh1xmpxl\\vscode_prompts\\index_prompt.txt",
      "original_file": "uploaded_projects\\id_qmh1xmpxl\\vscode_prompts\\index_original.css",
      "source_file_path": "uploaded_projects\\id_qmh1xmpxl\\original\\src\\index.css",
      "security_issues": [],
      "status": "pending"
    },
    {
      "file_path": "uploaded_projects\\id_qmh1xmpxl\\original\\src\\index.js",
      "file_name": "index.js",
      "prompt_file": "uploaded_projects\\id_qmh1xmpxl\\vscode_prompts\\index_prompt.txt",
      "original_file": "uploaded_projects\\id_qmh1xmpxl\\vscode_prompts\\index_original.js",
      "source_file_path": "uploaded_projects\\id_qmh1xmpxl\\original\\src\\index.js",
      "security_issues": [],
      "status": "pending"
    },
    {
      "file_path": "uploaded_projects\\id_qmh1xmpxl\\original\\src\\logo.svg",
      "file_name": "logo.svg",
      "prompt_file": "uploaded_projects\\id_qmh1xmpxl\\vscode_prompts\\logo_prompt.txt",
      "original_file": "uploaded_projects\\id_qmh1xmpxl\\vscode_prompts\\logo_original.svg",
      "source_file_path": "uploaded_projects\\id_qmh1xmpxl\\original\\src\\logo.svg",
      "security_issues": [],
      "status": "pending"
    },
    {
      "file_path": "uploaded_projects\\id_qmh1xmpxl\\original\\src\\reportWebVitals.js",
      "file_name": "reportWebVitals.js",
      "prompt_file": "uploaded_projects\\id_qmh1xmpxl\\vscode_prompts\\reportWebVitals_prompt.txt",
      "original_file": "uploaded_projects\\id_qmh1xmpxl\\vscode_prompts\\reportWebVitals_original.js",
      "source_file_path": "uploaded_projects\\id_qmh1xmpxl\\original\\src\\reportWebVitals.js",
      "security_issues": [],
      "status": "pending"
    },
    {
      "file_path": "uploaded_projects\\id_qmh1xmpxl\\original\\src\\setupTests.js",
      "file_name": "setupTests.js",
      "prompt_file": "uploaded_projects\\id_qmh1xmpxl\\vscode_prompts\\setupTests_prompt.txt",
      "original_file": "uploaded_projects\\id_qmh1xmpxl\\vscode_prompts\\setupTests_original.js",
      "source_file_path": "uploaded_projects\\id_qmh1xmpxl\\original\\src\\setupTests.js",
      "security_issues": [],
      "status": "pending"
    }
  ]
}