[
  {
    "id": "scan-423e4db2-7230-43f9-afc4-b257bfe96103-0",
    "rule_id": "rule-0",
    "file_path": "file-0.py",
    "line_number": 1,
    "column": 1,
    "message": "Security issue detected in scan 423e4db2-7230-43f9-afc4-b257bfe96103",
    "severity": "MEDIUM_RISK",
    "type": "VULNERABILITY",
    "status": "ACTIVE",
    "code_snippet": "// Mock code snippet",
    "suggested_fix": "// Mock fix",
    "threat_level": "MEDIUM",
    "trigger_analysis": "Mock analysis",
    "payload_analysis": "Mock payload analysis",
    "ait_tag": "AIT",
    "spk_tag": "SPK",
    "repo_name": "Repo",
    "scan_id": "423e4db2-7230-43f9-afc4-b257bfe96103",
    "debt_category": "Security",
    "business_impact": "Medium",
    "compliance_impact": "Medium",
    "security_domain": "Application Security",
    "file_name": "file-0.py",
    "component_name": "Mock Component",
    "team_owner": "Mock Team",
    "priority_score": 5,
    "last_modified": "2025-08-11T12:22:01.406Z",
    "exploitability": "Medium",
    "attack_vector": "Mock Vector",
    "data_classification": "Mock Classification"
  },
  {
    "id": "scan-423e4db2-7230-43f9-afc4-b257bfe96103-1",
    "rule_id": "rule-1",
    "file_path": "file-1.py",
    "line_number": 2,
    "column": 1,
    "message": "Security issue detected in scan 423e4db2-7230-43f9-afc4-b257bfe96103",
    "severity": "MEDIUM_RISK",
    "type": "VULNERABILITY",
    "status": "ACTIVE",
    "code_snippet": "// Mock code snippet",
    "suggested_fix": "// Mock fix",
    "threat_level": "MEDIUM",
    "trigger_analysis": "Mock analysis",
    "payload_analysis": "Mock payload analysis",
    "ait_tag": "AIT",
    "spk_tag": "SPK",
    "repo_name": "Repo",
    "scan_id": "423e4db2-7230-43f9-afc4-b257bfe96103",
    "debt_category": "Security",
    "business_impact": "Medium",
    "compliance_impact": "Medium",
    "security_domain": "Application Security",
    "file_name": "file-1.py",
    "component_name": "Mock Component",
    "team_owner": "Mock Team",
    "priority_score": 5,
    "last_modified": "2025-08-11T12:22:01.406Z",
    "exploitability": "Medium",
    "attack_vector": "Mock Vector",
    "data_classification": "Mock Classification"
  },
  {
    "id": "scan-423e4db2-7230-43f9-afc4-b257bfe96103-2",
    "rule_id": "rule-2",
    "file_path": "file-2.py",
    "line_number": 3,
    "column": 1,
    "message": "Security issue detected in scan 423e4db2-7230-43f9-afc4-b257bfe96103",
    "severity": "MEDIUM_RISK",
    "type": "VULNERABILITY",
    "status": "ACTIVE",
    "code_snippet": "// Mock code snippet",
    "suggested_fix": "// Mock fix",
    "threat_level": "MEDIUM",
    "trigger_analysis": "Mock analysis",
    "payload_analysis": "Mock payload analysis",
    "ait_tag": "AIT",
    "spk_tag": "SPK",
    "repo_name": "Repo",
    "scan_id": "423e4db2-7230-43f9-afc4-b257bfe96103",
    "debt_category": "Security",
    "business_impact": "Medium",
    "compliance_impact": "Medium",
    "security_domain": "Application Security",
    "file_name": "file-2.py",
    "component_name": "Mock Component",
    "team_owner": "Mock Team",
    "priority_score": 5,
    "last_modified": "2025-08-11T12:22:01.406Z",
    "exploitability": "Medium",
    "attack_vector": "Mock Vector",
    "data_classification": "Mock Classification"
  },
  {
    "id": "scan-423e4db2-7230-43f9-afc4-b257bfe96103-3",
    "rule_id": "rule-3",
    "file_path": "file-3.py",
    "line_number": 4,
    "column": 1,
    "message": "Security issue detected in scan 423e4db2-7230-43f9-afc4-b257bfe96103",
    "severity": "MEDIUM_RISK",
    "type": "VULNERABILITY",
    "status": "ACTIVE",
    "code_snippet": "// Mock code snippet",
    "suggested_fix": "// Mock fix",
    "threat_level": "MEDIUM",
    "trigger_analysis": "Mock analysis",
    "payload_analysis": "Mock payload analysis",
    "ait_tag": "AIT",
    "spk_tag": "SPK",
    "repo_name": "Repo",
    "scan_id": "423e4db2-7230-43f9-afc4-b257bfe96103",
    "debt_category": "Security",
    "business_impact": "Medium",
    "compliance_impact": "Medium",
    "security_domain": "Application Security",
    "file_name": "file-3.py",
    "component_name": "Mock Component",
    "team_owner": "Mock Team",
    "priority_score": 5,
    "last_modified": "2025-08-11T12:22:01.406Z",
    "exploitability": "Medium",
    "attack_vector": "Mock Vector",
    "data_classification": "Mock Classification"
  },
  {
    "id": "scan-423e4db2-7230-43f9-afc4-b257bfe96103-4",
    "rule_id": "rule-4",
    "file_path": "file-4.py",
    "line_number": 5,
    "column": 1,
    "message": "Security issue detected in scan 423e4db2-7230-43f9-afc4-b257bfe96103",
    "severity": "MEDIUM_RISK",
    "type": "VULNERABILITY",
    "status": "ACTIVE",
    "code_snippet": "// Mock code snippet",
    "suggested_fix": "// Mock fix",
    "threat_level": "MEDIUM",
    "trigger_analysis": "Mock analysis",
    "payload_analysis": "Mock payload analysis",
    "ait_tag": "AIT",
    "spk_tag": "SPK",
    "repo_name": "Repo",
    "scan_id": "423e4db2-7230-43f9-afc4-b257bfe96103",
    "debt_category": "Security",
    "business_impact": "Medium",
    "compliance_impact": "Medium",
    "security_domain": "Application Security",
    "file_name": "file-4.py",
    "component_name": "Mock Component",
    "team_owner": "Mock Team",
    "priority_score": 5,
    "last_modified": "2025-08-11T12:22:01.406Z",
    "exploitability": "Medium",
    "attack_vector": "Mock Vector",
    "data_classification": "Mock Classification"
  },
  {
    "id": "scan-423e4db2-7230-43f9-afc4-b257bfe96103-5",
    "rule_id": "rule-5",
    "file_path": "file-5.py",
    "line_number": 6,
    "column": 1,
    "message": "Security issue detected in scan 423e4db2-7230-43f9-afc4-b257bfe96103",
    "severity": "MEDIUM_RISK",
    "type": "VULNERABILITY",
    "status": "ACTIVE",
    "code_snippet": "// Mock code snippet",
    "suggested_fix": "// Mock fix",
    "threat_level": "MEDIUM",
    "trigger_analysis": "Mock analysis",
    "payload_analysis": "Mock payload analysis",
    "ait_tag": "AIT",
    "spk_tag": "SPK",
    "repo_name": "Repo",
    "scan_id": "423e4db2-7230-43f9-afc4-b257bfe96103",
    "debt_category": "Security",
    "business_impact": "Medium",
    "compliance_impact": "Medium",
    "security_domain": "Application Security",
    "file_name": "file-5.py",
    "component_name": "Mock Component",
    "team_owner": "Mock Team",
    "priority_score": 5,
    "last_modified": "2025-08-11T12:22:01.406Z",
    "exploitability": "Medium",
    "attack_vector": "Mock Vector",
    "data_classification": "Mock Classification"
  },
  {
    "id": "scan-423e4db2-7230-43f9-afc4-b257bfe96103-6",
    "rule_id": "rule-6",
    "file_path": "file-6.py",
    "line_number": 7,
    "column": 1,
    "message": "Security issue detected in scan 423e4db2-7230-43f9-afc4-b257bfe96103",
    "severity": "MEDIUM_RISK",
    "type": "VULNERABILITY",
    "status": "ACTIVE",
    "code_snippet": "// Mock code snippet",
    "suggested_fix": "// Mock fix",
    "threat_level": "MEDIUM",
    "trigger_analysis": "Mock analysis",
    "payload_analysis": "Mock payload analysis",
    "ait_tag": "AIT",
    "spk_tag": "SPK",
    "repo_name": "Repo",
    "scan_id": "423e4db2-7230-43f9-afc4-b257bfe96103",
    "debt_category": "Security",
    "business_impact": "Medium",
    "compliance_impact": "Medium",
    "security_domain": "Application Security",
    "file_name": "file-6.py",
    "component_name": "Mock Component",
    "team_owner": "Mock Team",
    "priority_score": 5,
    "last_modified": "2025-08-11T12:22:01.406Z",
    "exploitability": "Medium",
    "attack_vector": "Mock Vector",
    "data_classification": "Mock Classification"
  },
  {
    "id": "scan-423e4db2-7230-43f9-afc4-b257bfe96103-7",
    "rule_id": "rule-7",
    "file_path": "file-7.py",
    "line_number": 8,
    "column": 1,
    "message": "Security issue detected in scan 423e4db2-7230-43f9-afc4-b257bfe96103",
    "severity": "MEDIUM_RISK",
    "type": "VULNERABILITY",
    "status": "ACTIVE",
    "code_snippet": "// Mock code snippet",
    "suggested_fix": "// Mock fix",
    "threat_level": "MEDIUM",
    "trigger_analysis": "Mock analysis",
    "payload_analysis": "Mock payload analysis",
    "ait_tag": "AIT",
    "spk_tag": "SPK",
    "repo_name": "Repo",
    "scan_id": "423e4db2-7230-43f9-afc4-b257bfe96103",
    "debt_category": "Security",
    "business_impact": "Medium",
    "compliance_impact": "Medium",
    "security_domain": "Application Security",
    "file_name": "file-7.py",
    "component_name": "Mock Component",
    "team_owner": "Mock Team",
    "priority_score": 5,
    "last_modified": "2025-08-11T12:22:01.406Z",
    "exploitability": "Medium",
    "attack_vector": "Mock Vector",
    "data_classification": "Mock Classification"
  },
  {
    "id": "scan-423e4db2-7230-43f9-afc4-b257bfe96103-8",
    "rule_id": "rule-8",
    "file_path": "file-8.py",
    "line_number": 9,
    "column": 1,
    "message": "Security issue detected in scan 423e4db2-7230-43f9-afc4-b257bfe96103",
    "severity": "MEDIUM_RISK",
    "type": "VULNERABILITY",
    "status": "ACTIVE",
    "code_snippet": "// Mock code snippet",
    "suggested_fix": "// Mock fix",
    "threat_level": "MEDIUM",
    "trigger_analysis": "Mock analysis",
    "payload_analysis": "Mock payload analysis",
    "ait_tag": "AIT",
    "spk_tag": "SPK",
    "repo_name": "Repo",
    "scan_id": "423e4db2-7230-43f9-afc4-b257bfe96103",
    "debt_category": "Security",
    "business_impact": "Medium",
    "compliance_impact": "Medium",
    "security_domain": "Application Security",
    "file_name": "file-8.py",
    "component_name": "Mock Component",
    "team_owner": "Mock Team",
    "priority_score": 5,
    "last_modified": "2025-08-11T12:22:01.406Z",
    "exploitability": "Medium",
    "attack_vector": "Mock Vector",
    "data_classification": "Mock Classification"
  },
  {
    "id": "scan-423e4db2-7230-43f9-afc4-b257bfe96103-9",
    "rule_id": "rule-9",
    "file_path": "file-9.py",
    "line_number": 10,
    "column": 1,
    "message": "Security issue detected in scan 423e4db2-7230-43f9-afc4-b257bfe96103",
    "severity": "MEDIUM_RISK",
    "type": "VULNERABILITY",
    "status": "ACTIVE",
    "code_snippet": "// Mock code snippet",
    "suggested_fix": "// Mock fix",
    "threat_level": "MEDIUM",
    "trigger_analysis": "Mock analysis",
    "payload_analysis": "Mock payload analysis",
    "ait_tag": "AIT",
    "spk_tag": "SPK",
    "repo_name": "Repo",
    "scan_id": "423e4db2-7230-43f9-afc4-b257bfe96103",
    "debt_category": "Security",
    "business_impact": "Medium",
    "compliance_impact": "Medium",
    "security_domain": "Application Security",
    "file_name": "file-9.py",
    "component_name": "Mock Component",
    "team_owner": "Mock Team",
    "priority_score": 5,
    "last_modified": "2025-08-11T12:22:01.406Z",
    "exploitability": "Medium",
    "attack_vector": "Mock Vector",
    "data_classification": "Mock Classification"
  },
  {
    "id": "scan-423e4db2-7230-43f9-afc4-b257bfe96103-10",
    "rule_id": "rule-10",
    "file_path": "file-10.py",
    "line_number": 11,
    "column": 1,
    "message": "Security issue detected in scan 423e4db2-7230-43f9-afc4-b257bfe96103",
    "severity": "MEDIUM_RISK",
    "type": "VULNERABILITY",
    "status": "ACTIVE",
    "code_snippet": "// Mock code snippet",
    "suggested_fix": "// Mock fix",
    "threat_level": "MEDIUM",
    "trigger_analysis": "Mock analysis",
    "payload_analysis": "Mock payload analysis",
    "ait_tag": "AIT",
    "spk_tag": "SPK",
    "repo_name": "Repo",
    "scan_id": "423e4db2-7230-43f9-afc4-b257bfe96103",
    "debt_category": "Security",
    "business_impact": "Medium",
    "compliance_impact": "Medium",
    "security_domain": "Application Security",
    "file_name": "file-10.py",
    "component_name": "Mock Component",
    "team_owner": "Mock Team",
    "priority_score": 5,
    "last_modified": "2025-08-11T12:22:01.406Z",
    "exploitability": "Medium",
    "attack_vector": "Mock Vector",
    "data_classification": "Mock Classification"
  },
  {
    "id": "scan-423e4db2-7230-43f9-afc4-b257bfe96103-11",
    "rule_id": "rule-11",
    "file_path": "file-11.py",
    "line_number": 12,
    "column": 1,
    "message": "Security issue detected in scan 423e4db2-7230-43f9-afc4-b257bfe96103",
    "severity": "MEDIUM_RISK",
    "type": "VULNERABILITY",
    "status": "ACTIVE",
    "code_snippet": "// Mock code snippet",
    "suggested_fix": "// Mock fix",
    "threat_level": "MEDIUM",
    "trigger_analysis": "Mock analysis",
    "payload_analysis": "Mock payload analysis",
    "ait_tag": "AIT",
    "spk_tag": "SPK",
    "repo_name": "Repo",
    "scan_id": "423e4db2-7230-43f9-afc4-b257bfe96103",
    "debt_category": "Security",
    "business_impact": "Medium",
    "compliance_impact": "Medium",
    "security_domain": "Application Security",
    "file_name": "file-11.py",
    "component_name": "Mock Component",
    "team_owner": "Mock Team",
    "priority_score": 5,
    "last_modified": "2025-08-11T12:22:01.406Z",
    "exploitability": "Medium",
    "attack_vector": "Mock Vector",
    "data_classification": "Mock Classification"
  },
  {
    "id": "scan-423e4db2-7230-43f9-afc4-b257bfe96103-12",
    "rule_id": "rule-12",
    "file_path": "file-12.py",
    "line_number": 13,
    "column": 1,
    "message": "Security issue detected in scan 423e4db2-7230-43f9-afc4-b257bfe96103",
    "severity": "MEDIUM_RISK",
    "type": "VULNERABILITY",
    "status": "ACTIVE",
    "code_snippet": "// Mock code snippet",
    "suggested_fix": "// Mock fix",
    "threat_level": "MEDIUM",
    "trigger_analysis": "Mock analysis",
    "payload_analysis": "Mock payload analysis",
    "ait_tag": "AIT",
    "spk_tag": "SPK",
    "repo_name": "Repo",
    "scan_id": "423e4db2-7230-43f9-afc4-b257bfe96103",
    "debt_category": "Security",
    "business_impact": "Medium",
    "compliance_impact": "Medium",
    "security_domain": "Application Security",
    "file_name": "file-12.py",
    "component_name": "Mock Component",
    "team_owner": "Mock Team",
    "priority_score": 5,
    "last_modified": "2025-08-11T12:22:01.406Z",
    "exploitability": "Medium",
    "attack_vector": "Mock Vector",
    "data_classification": "Mock Classification"
  },
  {
    "id": "scan-423e4db2-7230-43f9-afc4-b257bfe96103-13",
    "rule_id": "rule-13",
    "file_path": "file-13.py",
    "line_number": 14,
    "column": 1,
    "message": "Security issue detected in scan 423e4db2-7230-43f9-afc4-b257bfe96103",
    "severity": "MEDIUM_RISK",
    "type": "VULNERABILITY",
    "status": "ACTIVE",
    "code_snippet": "// Mock code snippet",
    "suggested_fix": "// Mock fix",
    "threat_level": "MEDIUM",
    "trigger_analysis": "Mock analysis",
    "payload_analysis": "Mock payload analysis",
    "ait_tag": "AIT",
    "spk_tag": "SPK",
    "repo_name": "Repo",
    "scan_id": "423e4db2-7230-43f9-afc4-b257bfe96103",
    "debt_category": "Security",
    "business_impact": "Medium",
    "compliance_impact": "Medium",
    "security_domain": "Application Security",
    "file_name": "file-13.py",
    "component_name": "Mock Component",
    "team_owner": "Mock Team",
    "priority_score": 5,
    "last_modified": "2025-08-11T12:22:01.406Z",
    "exploitability": "Medium",
    "attack_vector": "Mock Vector",
    "data_classification": "Mock Classification"
  },
  {
    "id": "scan-423e4db2-7230-43f9-afc4-b257bfe96103-14",
    "rule_id": "rule-14",
    "file_path": "file-14.py",
    "line_number": 15,
    "column": 1,
    "message": "Security issue detected in scan 423e4db2-7230-43f9-afc4-b257bfe96103",
    "severity": "MEDIUM_RISK",
    "type": "VULNERABILITY",
    "status": "ACTIVE",
    "code_snippet": "// Mock code snippet",
    "suggested_fix": "// Mock fix",
    "threat_level": "MEDIUM",
    "trigger_analysis": "Mock analysis",
    "payload_analysis": "Mock payload analysis",
    "ait_tag": "AIT",
    "spk_tag": "SPK",
    "repo_name": "Repo",
    "scan_id": "423e4db2-7230-43f9-afc4-b257bfe96103",
    "debt_category": "Security",
    "business_impact": "Medium",
    "compliance_impact": "Medium",
    "security_domain": "Application Security",
    "file_name": "file-14.py",
    "component_name": "Mock Component",
    "team_owner": "Mock Team",
    "priority_score": 5,
    "last_modified": "2025-08-11T12:22:01.406Z",
    "exploitability": "Medium",
    "attack_vector": "Mock Vector",
    "data_classification": "Mock Classification"
  },
  {
    "id": "scan-423e4db2-7230-43f9-afc4-b257bfe96103-15",
    "rule_id": "rule-15",
    "file_path": "file-15.py",
    "line_number": 16,
    "column": 1,
    "message": "Security issue detected in scan 423e4db2-7230-43f9-afc4-b257bfe96103",
    "severity": "MEDIUM_RISK",
    "type": "VULNERABILITY",
    "status": "ACTIVE",
    "code_snippet": "// Mock code snippet",
    "suggested_fix": "// Mock fix",
    "threat_level": "MEDIUM",
    "trigger_analysis": "Mock analysis",
    "payload_analysis": "Mock payload analysis",
    "ait_tag": "AIT",
    "spk_tag": "SPK",
    "repo_name": "Repo",
    "scan_id": "423e4db2-7230-43f9-afc4-b257bfe96103",
    "debt_category": "Security",
    "business_impact": "Medium",
    "compliance_impact": "Medium",
    "security_domain": "Application Security",
    "file_name": "file-15.py",
    "component_name": "Mock Component",
    "team_owner": "Mock Team",
    "priority_score": 5,
    "last_modified": "2025-08-11T12:22:01.406Z",
    "exploitability": "Medium",
    "attack_vector": "Mock Vector",
    "data_classification": "Mock Classification"
  },
  {
    "id": "scan-423e4db2-7230-43f9-afc4-b257bfe96103-16",
    "rule_id": "rule-16",
    "file_path": "file-16.py",
    "line_number": 17,
    "column": 1,
    "message": "Security issue detected in scan 423e4db2-7230-43f9-afc4-b257bfe96103",
    "severity": "MEDIUM_RISK",
    "type": "VULNERABILITY",
    "status": "ACTIVE",
    "code_snippet": "// Mock code snippet",
    "suggested_fix": "// Mock fix",
    "threat_level": "MEDIUM",
    "trigger_analysis": "Mock analysis",
    "payload_analysis": "Mock payload analysis",
    "ait_tag": "AIT",
    "spk_tag": "SPK",
    "repo_name": "Repo",
    "scan_id": "423e4db2-7230-43f9-afc4-b257bfe96103",
    "debt_category": "Security",
    "business_impact": "Medium",
    "compliance_impact": "Medium",
    "security_domain": "Application Security",
    "file_name": "file-16.py",
    "component_name": "Mock Component",
    "team_owner": "Mock Team",
    "priority_score": 5,
    "last_modified": "2025-08-11T12:22:01.406Z",
    "exploitability": "Medium",
    "attack_vector": "Mock Vector",
    "data_classification": "Mock Classification"
  },
  {
    "id": "scan-423e4db2-7230-43f9-afc4-b257bfe96103-17",
    "rule_id": "rule-17",
    "file_path": "file-17.py",
    "line_number": 18,
    "column": 1,
    "message": "Security issue detected in scan 423e4db2-7230-43f9-afc4-b257bfe96103",
    "severity": "MEDIUM_RISK",
    "type": "VULNERABILITY",
    "status": "ACTIVE",
    "code_snippet": "// Mock code snippet",
    "suggested_fix": "// Mock fix",
    "threat_level": "MEDIUM",
    "trigger_analysis": "Mock analysis",
    "payload_analysis": "Mock payload analysis",
    "ait_tag": "AIT",
    "spk_tag": "SPK",
    "repo_name": "Repo",
    "scan_id": "423e4db2-7230-43f9-afc4-b257bfe96103",
    "debt_category": "Security",
    "business_impact": "Medium",
    "compliance_impact": "Medium",
    "security_domain": "Application Security",
    "file_name": "file-17.py",
    "component_name": "Mock Component",
    "team_owner": "Mock Team",
    "priority_score": 5,
    "last_modified": "2025-08-11T12:22:01.406Z",
    "exploitability": "Medium",
    "attack_vector": "Mock Vector",
    "data_classification": "Mock Classification"
  },
  {
    "id": "scan-423e4db2-7230-43f9-afc4-b257bfe96103-18",
    "rule_id": "rule-18",
    "file_path": "file-18.py",
    "line_number": 19,
    "column": 1,
    "message": "Security issue detected in scan 423e4db2-7230-43f9-afc4-b257bfe96103",
    "severity": "MEDIUM_RISK",
    "type": "VULNERABILITY",
    "status": "ACTIVE",
    "code_snippet": "// Mock code snippet",
    "suggested_fix": "// Mock fix",
    "threat_level": "MEDIUM",
    "trigger_analysis": "Mock analysis",
    "payload_analysis": "Mock payload analysis",
    "ait_tag": "AIT",
    "spk_tag": "SPK",
    "repo_name": "Repo",
    "scan_id": "423e4db2-7230-43f9-afc4-b257bfe96103",
    "debt_category": "Security",
    "business_impact": "Medium",
    "compliance_impact": "Medium",
    "security_domain": "Application Security",
    "file_name": "file-18.py",
    "component_name": "Mock Component",
    "team_owner": "Mock Team",
    "priority_score": 5,
    "last_modified": "2025-08-11T12:22:01.406Z",
    "exploitability": "Medium",
    "attack_vector": "Mock Vector",
    "data_classification": "Mock Classification"
  },
  {
    "id": "scan-423e4db2-7230-43f9-afc4-b257bfe96103-19",
    "rule_id": "rule-19",
    "file_path": "file-19.py",
    "line_number": 20,
    "column": 1,
    "message": "Security issue detected in scan 423e4db2-7230-43f9-afc4-b257bfe96103",
    "severity": "MEDIUM_RISK",
    "type": "VULNERABILITY",
    "status": "ACTIVE",
    "code_snippet": "// Mock code snippet",
    "suggested_fix": "// Mock fix",
    "threat_level": "MEDIUM",
    "trigger_analysis": "Mock analysis",
    "payload_analysis": "Mock payload analysis",
    "ait_tag": "AIT",
    "spk_tag": "SPK",
    "repo_name": "Repo",
    "scan_id": "423e4db2-7230-43f9-afc4-b257bfe96103",
    "debt_category": "Security",
    "business_impact": "Medium",
    "compliance_impact": "Medium",
    "security_domain": "Application Security",
    "file_name": "file-19.py",
    "component_name": "Mock Component",
    "team_owner": "Mock Team",
    "priority_score": 5,
    "last_modified": "2025-08-11T12:22:01.406Z",
    "exploitability": "Medium",
    "attack_vector": "Mock Vector",
    "data_classification": "Mock Classification"
  },
  {
    "id": "scan-423e4db2-7230-43f9-afc4-b257bfe96103-20",
    "rule_id": "rule-20",
    "file_path": "file-20.py",
    "line_number": 21,
    "column": 1,
    "message": "Security issue detected in scan 423e4db2-7230-43f9-afc4-b257bfe96103",
    "severity": "MEDIUM_RISK",
    "type": "VULNERABILITY",
    "status": "ACTIVE",
    "code_snippet": "// Mock code snippet",
    "suggested_fix": "// Mock fix",
    "threat_level": "MEDIUM",
    "trigger_analysis": "Mock analysis",
    "payload_analysis": "Mock payload analysis",
    "ait_tag": "AIT",
    "spk_tag": "SPK",
    "repo_name": "Repo",
    "scan_id": "423e4db2-7230-43f9-afc4-b257bfe96103",
    "debt_category": "Security",
    "business_impact": "Medium",
    "compliance_impact": "Medium",
    "security_domain": "Application Security",
    "file_name": "file-20.py",
    "component_name": "Mock Component",
    "team_owner": "Mock Team",
    "priority_score": 5,
    "last_modified": "2025-08-11T12:22:01.406Z",
    "exploitability": "Medium",
    "attack_vector": "Mock Vector",
    "data_classification": "Mock Classification"
  },
  {
    "id": "scan-423e4db2-7230-43f9-afc4-b257bfe96103-21",
    "rule_id": "rule-21",
    "file_path": "file-21.py",
    "line_number": 22,
    "column": 1,
    "message": "Security issue detected in scan 423e4db2-7230-43f9-afc4-b257bfe96103",
    "severity": "MEDIUM_RISK",
    "type": "VULNERABILITY",
    "status": "ACTIVE",
    "code_snippet": "// Mock code snippet",
    "suggested_fix": "// Mock fix",
    "threat_level": "MEDIUM",
    "trigger_analysis": "Mock analysis",
    "payload_analysis": "Mock payload analysis",
    "ait_tag": "AIT",
    "spk_tag": "SPK",
    "repo_name": "Repo",
    "scan_id": "423e4db2-7230-43f9-afc4-b257bfe96103",
    "debt_category": "Security",
    "business_impact": "Medium",
    "compliance_impact": "Medium",
    "security_domain": "Application Security",
    "file_name": "file-21.py",
    "component_name": "Mock Component",
    "team_owner": "Mock Team",
    "priority_score": 5,
    "last_modified": "2025-08-11T12:22:01.406Z",
    "exploitability": "Medium",
    "attack_vector": "Mock Vector",
    "data_classification": "Mock Classification"
  },
  {
    "id": "scan-423e4db2-7230-43f9-afc4-b257bfe96103-22",
    "rule_id": "rule-22",
    "file_path": "file-22.py",
    "line_number": 23,
    "column": 1,
    "message": "Security issue detected in scan 423e4db2-7230-43f9-afc4-b257bfe96103",
    "severity": "MEDIUM_RISK",
    "type": "VULNERABILITY",
    "status": "ACTIVE",
    "code_snippet": "// Mock code snippet",
    "suggested_fix": "// Mock fix",
    "threat_level": "MEDIUM",
    "trigger_analysis": "Mock analysis",
    "payload_analysis": "Mock payload analysis",
    "ait_tag": "AIT",
    "spk_tag": "SPK",
    "repo_name": "Repo",
    "scan_id": "423e4db2-7230-43f9-afc4-b257bfe96103",
    "debt_category": "Security",
    "business_impact": "Medium",
    "compliance_impact": "Medium",
    "security_domain": "Application Security",
    "file_name": "file-22.py",
    "component_name": "Mock Component",
    "team_owner": "Mock Team",
    "priority_score": 5,
    "last_modified": "2025-08-11T12:22:01.407Z",
    "exploitability": "Medium",
    "attack_vector": "Mock Vector",
    "data_classification": "Mock Classification"
  },
  {
    "id": "scan-423e4db2-7230-43f9-afc4-b257bfe96103-23",
    "rule_id": "rule-23",
    "file_path": "file-23.py",
    "line_number": 24,
    "column": 1,
    "message": "Security issue detected in scan 423e4db2-7230-43f9-afc4-b257bfe96103",
    "severity": "MEDIUM_RISK",
    "type": "VULNERABILITY",
    "status": "ACTIVE",
    "code_snippet": "// Mock code snippet",
    "suggested_fix": "// Mock fix",
    "threat_level": "MEDIUM",
    "trigger_analysis": "Mock analysis",
    "payload_analysis": "Mock payload analysis",
    "ait_tag": "AIT",
    "spk_tag": "SPK",
    "repo_name": "Repo",
    "scan_id": "423e4db2-7230-43f9-afc4-b257bfe96103",
    "debt_category": "Security",
    "business_impact": "Medium",
    "compliance_impact": "Medium",
    "security_domain": "Application Security",
    "file_name": "file-23.py",
    "component_name": "Mock Component",
    "team_owner": "Mock Team",
    "priority_score": 5,
    "last_modified": "2025-08-11T12:22:01.407Z",
    "exploitability": "Medium",
    "attack_vector": "Mock Vector",
    "data_classification": "Mock Classification"
  },
  {
    "id": "scan-423e4db2-7230-43f9-afc4-b257bfe96103-24",
    "rule_id": "rule-24",
    "file_path": "file-24.py",
    "line_number": 25,
    "column": 1,
    "message": "Security issue detected in scan 423e4db2-7230-43f9-afc4-b257bfe96103",
    "severity": "MEDIUM_RISK",
    "type": "VULNERABILITY",
    "status": "ACTIVE",
    "code_snippet": "// Mock code snippet",
    "suggested_fix": "// Mock fix",
    "threat_level": "MEDIUM",
    "trigger_analysis": "Mock analysis",
    "payload_analysis": "Mock payload analysis",
    "ait_tag": "AIT",
    "spk_tag": "SPK",
    "repo_name": "Repo",
    "scan_id": "423e4db2-7230-43f9-afc4-b257bfe96103",
    "debt_category": "Security",
    "business_impact": "Medium",
    "compliance_impact": "Medium",
    "security_domain": "Application Security",
    "file_name": "file-24.py",
    "component_name": "Mock Component",
    "team_owner": "Mock Team",
    "priority_score": 5,
    "last_modified": "2025-08-11T12:22:01.407Z",
    "exploitability": "Medium",
    "attack_vector": "Mock Vector",
    "data_classification": "Mock Classification"
  },
  {
    "id": "scan-423e4db2-7230-43f9-afc4-b257bfe96103-25",
    "rule_id": "rule-25",
    "file_path": "file-25.py",
    "line_number": 26,
    "column": 1,
    "message": "Security issue detected in scan 423e4db2-7230-43f9-afc4-b257bfe96103",
    "severity": "MEDIUM_RISK",
    "type": "VULNERABILITY",
    "status": "ACTIVE",
    "code_snippet": "// Mock code snippet",
    "suggested_fix": "// Mock fix",
    "threat_level": "MEDIUM",
    "trigger_analysis": "Mock analysis",
    "payload_analysis": "Mock payload analysis",
    "ait_tag": "AIT",
    "spk_tag": "SPK",
    "repo_name": "Repo",
    "scan_id": "423e4db2-7230-43f9-afc4-b257bfe96103",
    "debt_category": "Security",
    "business_impact": "Medium",
    "compliance_impact": "Medium",
    "security_domain": "Application Security",
    "file_name": "file-25.py",
    "component_name": "Mock Component",
    "team_owner": "Mock Team",
    "priority_score": 5,
    "last_modified": "2025-08-11T12:22:01.407Z",
    "exploitability": "Medium",
    "attack_vector": "Mock Vector",
    "data_classification": "Mock Classification"
  },
  {
    "id": "scan-423e4db2-7230-43f9-afc4-b257bfe96103-26",
    "rule_id": "rule-26",
    "file_path": "file-26.py",
    "line_number": 27,
    "column": 1,
    "message": "Security issue detected in scan 423e4db2-7230-43f9-afc4-b257bfe96103",
    "severity": "MEDIUM_RISK",
    "type": "VULNERABILITY",
    "status": "ACTIVE",
    "code_snippet": "// Mock code snippet",
    "suggested_fix": "// Mock fix",
    "threat_level": "MEDIUM",
    "trigger_analysis": "Mock analysis",
    "payload_analysis": "Mock payload analysis",
    "ait_tag": "AIT",
    "spk_tag": "SPK",
    "repo_name": "Repo",
    "scan_id": "423e4db2-7230-43f9-afc4-b257bfe96103",
    "debt_category": "Security",
    "business_impact": "Medium",
    "compliance_impact": "Medium",
    "security_domain": "Application Security",
    "file_name": "file-26.py",
    "component_name": "Mock Component",
    "team_owner": "Mock Team",
    "priority_score": 5,
    "last_modified": "2025-08-11T12:22:01.407Z",
    "exploitability": "Medium",
    "attack_vector": "Mock Vector",
    "data_classification": "Mock Classification"
  },
  {
    "id": "scan-423e4db2-7230-43f9-afc4-b257bfe96103-27",
    "rule_id": "rule-27",
    "file_path": "file-27.py",
    "line_number": 28,
    "column": 1,
    "message": "Security issue detected in scan 423e4db2-7230-43f9-afc4-b257bfe96103",
    "severity": "MEDIUM_RISK",
    "type": "VULNERABILITY",
    "status": "ACTIVE",
    "code_snippet": "// Mock code snippet",
    "suggested_fix": "// Mock fix",
    "threat_level": "MEDIUM",
    "trigger_analysis": "Mock analysis",
    "payload_analysis": "Mock payload analysis",
    "ait_tag": "AIT",
    "spk_tag": "SPK",
    "repo_name": "Repo",
    "scan_id": "423e4db2-7230-43f9-afc4-b257bfe96103",
    "debt_category": "Security",
    "business_impact": "Medium",
    "compliance_impact": "Medium",
    "security_domain": "Application Security",
    "file_name": "file-27.py",
    "component_name": "Mock Component",
    "team_owner": "Mock Team",
    "priority_score": 5,
    "last_modified": "2025-08-11T12:22:01.407Z",
    "exploitability": "Medium",
    "attack_vector": "Mock Vector",
    "data_classification": "Mock Classification"
  },
  {
    "id": "scan-423e4db2-7230-43f9-afc4-b257bfe96103-28",
    "rule_id": "rule-28",
    "file_path": "file-28.py",
    "line_number": 29,
    "column": 1,
    "message": "Security issue detected in scan 423e4db2-7230-43f9-afc4-b257bfe96103",
    "severity": "MEDIUM_RISK",
    "type": "VULNERABILITY",
    "status": "ACTIVE",
    "code_snippet": "// Mock code snippet",
    "suggested_fix": "// Mock fix",
    "threat_level": "MEDIUM",
    "trigger_analysis": "Mock analysis",
    "payload_analysis": "Mock payload analysis",
    "ait_tag": "AIT",
    "spk_tag": "SPK",
    "repo_name": "Repo",
    "scan_id": "423e4db2-7230-43f9-afc4-b257bfe96103",
    "debt_category": "Security",
    "business_impact": "Medium",
    "compliance_impact": "Medium",
    "security_domain": "Application Security",
    "file_name": "file-28.py",
    "component_name": "Mock Component",
    "team_owner": "Mock Team",
    "priority_score": 5,
    "last_modified": "2025-08-11T12:22:01.407Z",
    "exploitability": "Medium",
    "attack_vector": "Mock Vector",
    "data_classification": "Mock Classification"
  },
  {
    "id": "scan-423e4db2-7230-43f9-afc4-b257bfe96103-29",
    "rule_id": "rule-29",
    "file_path": "file-29.py",
    "line_number": 30,
    "column": 1,
    "message": "Security issue detected in scan 423e4db2-7230-43f9-afc4-b257bfe96103",
    "severity": "MEDIUM_RISK",
    "type": "VULNERABILITY",
    "status": "ACTIVE",
    "code_snippet": "// Mock code snippet",
    "suggested_fix": "// Mock fix",
    "threat_level": "MEDIUM",
    "trigger_analysis": "Mock analysis",
    "payload_analysis": "Mock payload analysis",
    "ait_tag": "AIT",
    "spk_tag": "SPK",
    "repo_name": "Repo",
    "scan_id": "423e4db2-7230-43f9-afc4-b257bfe96103",
    "debt_category": "Security",
    "business_impact": "Medium",
    "compliance_impact": "Medium",
    "security_domain": "Application Security",
    "file_name": "file-29.py",
    "component_name": "Mock Component",
    "team_owner": "Mock Team",
    "priority_score": 5,
    "last_modified": "2025-08-11T12:22:01.407Z",
    "exploitability": "Medium",
    "attack_vector": "Mock Vector",
    "data_classification": "Mock Classification"
  },
  {
    "id": "scan-423e4db2-7230-43f9-afc4-b257bfe96103-30",
    "rule_id": "rule-30",
    "file_path": "file-30.py",
    "line_number": 31,
    "column": 1,
    "message": "Security issue detected in scan 423e4db2-7230-43f9-afc4-b257bfe96103",
    "severity": "MEDIUM_RISK",
    "type": "VULNERABILITY",
    "status": "ACTIVE",
    "code_snippet": "// Mock code snippet",
    "suggested_fix": "// Mock fix",
    "threat_level": "MEDIUM",
    "trigger_analysis": "Mock analysis",
    "payload_analysis": "Mock payload analysis",
    "ait_tag": "AIT",
    "spk_tag": "SPK",
    "repo_name": "Repo",
    "scan_id": "423e4db2-7230-43f9-afc4-b257bfe96103",
    "debt_category": "Security",
    "business_impact": "Medium",
    "compliance_impact": "Medium",
    "security_domain": "Application Security",
    "file_name": "file-30.py",
    "component_name": "Mock Component",
    "team_owner": "Mock Team",
    "priority_score": 5,
    "last_modified": "2025-08-11T12:22:01.407Z",
    "exploitability": "Medium",
    "attack_vector": "Mock Vector",
    "data_classification": "Mock Classification"
  },
  {
    "id": "scan-423e4db2-7230-43f9-afc4-b257bfe96103-31",
    "rule_id": "rule-31",
    "file_path": "file-31.py",
    "line_number": 32,
    "column": 1,
    "message": "Security issue detected in scan 423e4db2-7230-43f9-afc4-b257bfe96103",
    "severity": "MEDIUM_RISK",
    "type": "VULNERABILITY",
    "status": "ACTIVE",
    "code_snippet": "// Mock code snippet",
    "suggested_fix": "// Mock fix",
    "threat_level": "MEDIUM",
    "trigger_analysis": "Mock analysis",
    "payload_analysis": "Mock payload analysis",
    "ait_tag": "AIT",
    "spk_tag": "SPK",
    "repo_name": "Repo",
    "scan_id": "423e4db2-7230-43f9-afc4-b257bfe96103",
    "debt_category": "Security",
    "business_impact": "Medium",
    "compliance_impact": "Medium",
    "security_domain": "Application Security",
    "file_name": "file-31.py",
    "component_name": "Mock Component",
    "team_owner": "Mock Team",
    "priority_score": 5,
    "last_modified": "2025-08-11T12:22:01.407Z",
    "exploitability": "Medium",
    "attack_vector": "Mock Vector",
    "data_classification": "Mock Classification"
  },
  {
    "id": "scan-423e4db2-7230-43f9-afc4-b257bfe96103-32",
    "rule_id": "rule-32",
    "file_path": "file-32.py",
    "line_number": 33,
    "column": 1,
    "message": "Security issue detected in scan 423e4db2-7230-43f9-afc4-b257bfe96103",
    "severity": "MEDIUM_RISK",
    "type": "VULNERABILITY",
    "status": "ACTIVE",
    "code_snippet": "// Mock code snippet",
    "suggested_fix": "// Mock fix",
    "threat_level": "MEDIUM",
    "trigger_analysis": "Mock analysis",
    "payload_analysis": "Mock payload analysis",
    "ait_tag": "AIT",
    "spk_tag": "SPK",
    "repo_name": "Repo",
    "scan_id": "423e4db2-7230-43f9-afc4-b257bfe96103",
    "debt_category": "Security",
    "business_impact": "Medium",
    "compliance_impact": "Medium",
    "security_domain": "Application Security",
    "file_name": "file-32.py",
    "component_name": "Mock Component",
    "team_owner": "Mock Team",
    "priority_score": 5,
    "last_modified": "2025-08-11T12:22:01.407Z",
    "exploitability": "Medium",
    "attack_vector": "Mock Vector",
    "data_classification": "Mock Classification"
  },
  {
    "id": "scan-423e4db2-7230-43f9-afc4-b257bfe96103-33",
    "rule_id": "rule-33",
    "file_path": "file-33.py",
    "line_number": 34,
    "column": 1,
    "message": "Security issue detected in scan 423e4db2-7230-43f9-afc4-b257bfe96103",
    "severity": "MEDIUM_RISK",
    "type": "VULNERABILITY",
    "status": "ACTIVE",
    "code_snippet": "// Mock code snippet",
    "suggested_fix": "// Mock fix",
    "threat_level": "MEDIUM",
    "trigger_analysis": "Mock analysis",
    "payload_analysis": "Mock payload analysis",
    "ait_tag": "AIT",
    "spk_tag": "SPK",
    "repo_name": "Repo",
    "scan_id": "423e4db2-7230-43f9-afc4-b257bfe96103",
    "debt_category": "Security",
    "business_impact": "Medium",
    "compliance_impact": "Medium",
    "security_domain": "Application Security",
    "file_name": "file-33.py",
    "component_name": "Mock Component",
    "team_owner": "Mock Team",
    "priority_score": 5,
    "last_modified": "2025-08-11T12:22:01.407Z",
    "exploitability": "Medium",
    "attack_vector": "Mock Vector",
    "data_classification": "Mock Classification"
  },
  {
    "id": "scan-423e4db2-7230-43f9-afc4-b257bfe96103-34",
    "rule_id": "rule-34",
    "file_path": "file-34.py",
    "line_number": 35,
    "column": 1,
    "message": "Security issue detected in scan 423e4db2-7230-43f9-afc4-b257bfe96103",
    "severity": "MEDIUM_RISK",
    "type": "VULNERABILITY",
    "status": "ACTIVE",
    "code_snippet": "// Mock code snippet",
    "suggested_fix": "// Mock fix",
    "threat_level": "MEDIUM",
    "trigger_analysis": "Mock analysis",
    "payload_analysis": "Mock payload analysis",
    "ait_tag": "AIT",
    "spk_tag": "SPK",
    "repo_name": "Repo",
    "scan_id": "423e4db2-7230-43f9-afc4-b257bfe96103",
    "debt_category": "Security",
    "business_impact": "Medium",
    "compliance_impact": "Medium",
    "security_domain": "Application Security",
    "file_name": "file-34.py",
    "component_name": "Mock Component",
    "team_owner": "Mock Team",
    "priority_score": 5,
    "last_modified": "2025-08-11T12:22:01.407Z",
    "exploitability": "Medium",
    "attack_vector": "Mock Vector",
    "data_classification": "Mock Classification"
  },
  {
    "id": "scan-423e4db2-7230-43f9-afc4-b257bfe96103-35",
    "rule_id": "rule-35",
    "file_path": "file-35.py",
    "line_number": 36,
    "column": 1,
    "message": "Security issue detected in scan 423e4db2-7230-43f9-afc4-b257bfe96103",
    "severity": "MEDIUM_RISK",
    "type": "VULNERABILITY",
    "status": "ACTIVE",
    "code_snippet": "// Mock code snippet",
    "suggested_fix": "// Mock fix",
    "threat_level": "MEDIUM",
    "trigger_analysis": "Mock analysis",
    "payload_analysis": "Mock payload analysis",
    "ait_tag": "AIT",
    "spk_tag": "SPK",
    "repo_name": "Repo",
    "scan_id": "423e4db2-7230-43f9-afc4-b257bfe96103",
    "debt_category": "Security",
    "business_impact": "Medium",
    "compliance_impact": "Medium",
    "security_domain": "Application Security",
    "file_name": "file-35.py",
    "component_name": "Mock Component",
    "team_owner": "Mock Team",
    "priority_score": 5,
    "last_modified": "2025-08-11T12:22:01.407Z",
    "exploitability": "Medium",
    "attack_vector": "Mock Vector",
    "data_classification": "Mock Classification"
  },
  {
    "id": "scan-423e4db2-7230-43f9-afc4-b257bfe96103-36",
    "rule_id": "rule-36",
    "file_path": "file-36.py",
    "line_number": 37,
    "column": 1,
    "message": "Security issue detected in scan 423e4db2-7230-43f9-afc4-b257bfe96103",
    "severity": "MEDIUM_RISK",
    "type": "VULNERABILITY",
    "status": "ACTIVE",
    "code_snippet": "// Mock code snippet",
    "suggested_fix": "// Mock fix",
    "threat_level": "MEDIUM",
    "trigger_analysis": "Mock analysis",
    "payload_analysis": "Mock payload analysis",
    "ait_tag": "AIT",
    "spk_tag": "SPK",
    "repo_name": "Repo",
    "scan_id": "423e4db2-7230-43f9-afc4-b257bfe96103",
    "debt_category": "Security",
    "business_impact": "Medium",
    "compliance_impact": "Medium",
    "security_domain": "Application Security",
    "file_name": "file-36.py",
    "component_name": "Mock Component",
    "team_owner": "Mock Team",
    "priority_score": 5,
    "last_modified": "2025-08-11T12:22:01.407Z",
    "exploitability": "Medium",
    "attack_vector": "Mock Vector",
    "data_classification": "Mock Classification"
  },
  {
    "id": "scan-423e4db2-7230-43f9-afc4-b257bfe96103-37",
    "rule_id": "rule-37",
    "file_path": "file-37.py",
    "line_number": 38,
    "column": 1,
    "message": "Security issue detected in scan 423e4db2-7230-43f9-afc4-b257bfe96103",
    "severity": "MEDIUM_RISK",
    "type": "VULNERABILITY",
    "status": "ACTIVE",
    "code_snippet": "// Mock code snippet",
    "suggested_fix": "// Mock fix",
    "threat_level": "MEDIUM",
    "trigger_analysis": "Mock analysis",
    "payload_analysis": "Mock payload analysis",
    "ait_tag": "AIT",
    "spk_tag": "SPK",
    "repo_name": "Repo",
    "scan_id": "423e4db2-7230-43f9-afc4-b257bfe96103",
    "debt_category": "Security",
    "business_impact": "Medium",
    "compliance_impact": "Medium",
    "security_domain": "Application Security",
    "file_name": "file-37.py",
    "component_name": "Mock Component",
    "team_owner": "Mock Team",
    "priority_score": 5,
    "last_modified": "2025-08-11T12:22:01.407Z",
    "exploitability": "Medium",
    "attack_vector": "Mock Vector",
    "data_classification": "Mock Classification"
  },
  {
    "id": "scan-423e4db2-7230-43f9-afc4-b257bfe96103-38",
    "rule_id": "rule-38",
    "file_path": "file-38.py",
    "line_number": 39,
    "column": 1,
    "message": "Security issue detected in scan 423e4db2-7230-43f9-afc4-b257bfe96103",
    "severity": "MEDIUM_RISK",
    "type": "VULNERABILITY",
    "status": "ACTIVE",
    "code_snippet": "// Mock code snippet",
    "suggested_fix": "// Mock fix",
    "threat_level": "MEDIUM",
    "trigger_analysis": "Mock analysis",
    "payload_analysis": "Mock payload analysis",
    "ait_tag": "AIT",
    "spk_tag": "SPK",
    "repo_name": "Repo",
    "scan_id": "423e4db2-7230-43f9-afc4-b257bfe96103",
    "debt_category": "Security",
    "business_impact": "Medium",
    "compliance_impact": "Medium",
    "security_domain": "Application Security",
    "file_name": "file-38.py",
    "component_name": "Mock Component",
    "team_owner": "Mock Team",
    "priority_score": 5,
    "last_modified": "2025-08-11T12:22:01.407Z",
    "exploitability": "Medium",
    "attack_vector": "Mock Vector",
    "data_classification": "Mock Classification"
  },
  {
    "id": "scan-423e4db2-7230-43f9-afc4-b257bfe96103-39",
    "rule_id": "rule-39",
    "file_path": "file-39.py",
    "line_number": 40,
    "column": 1,
    "message": "Security issue detected in scan 423e4db2-7230-43f9-afc4-b257bfe96103",
    "severity": "MEDIUM_RISK",
    "type": "VULNERABILITY",
    "status": "ACTIVE",
    "code_snippet": "// Mock code snippet",
    "suggested_fix": "// Mock fix",
    "threat_level": "MEDIUM",
    "trigger_analysis": "Mock analysis",
    "payload_analysis": "Mock payload analysis",
    "ait_tag": "AIT",
    "spk_tag": "SPK",
    "repo_name": "Repo",
    "scan_id": "423e4db2-7230-43f9-afc4-b257bfe96103",
    "debt_category": "Security",
    "business_impact": "Medium",
    "compliance_impact": "Medium",
    "security_domain": "Application Security",
    "file_name": "file-39.py",
    "component_name": "Mock Component",
    "team_owner": "Mock Team",
    "priority_score": 5,
    "last_modified": "2025-08-11T12:22:01.407Z",
    "exploitability": "Medium",
    "attack_vector": "Mock Vector",
    "data_classification": "Mock Classification"
  },
  {
    "id": "scan-423e4db2-7230-43f9-afc4-b257bfe96103-40",
    "rule_id": "rule-40",
    "file_path": "file-40.py",
    "line_number": 41,
    "column": 1,
    "message": "Security issue detected in scan 423e4db2-7230-43f9-afc4-b257bfe96103",
    "severity": "MEDIUM_RISK",
    "type": "VULNERABILITY",
    "status": "ACTIVE",
    "code_snippet": "// Mock code snippet",
    "suggested_fix": "// Mock fix",
    "threat_level": "MEDIUM",
    "trigger_analysis": "Mock analysis",
    "payload_analysis": "Mock payload analysis",
    "ait_tag": "AIT",
    "spk_tag": "SPK",
    "repo_name": "Repo",
    "scan_id": "423e4db2-7230-43f9-afc4-b257bfe96103",
    "debt_category": "Security",
    "business_impact": "Medium",
    "compliance_impact": "Medium",
    "security_domain": "Application Security",
    "file_name": "file-40.py",
    "component_name": "Mock Component",
    "team_owner": "Mock Team",
    "priority_score": 5,
    "last_modified": "2025-08-11T12:22:01.407Z",
    "exploitability": "Medium",
    "attack_vector": "Mock Vector",
    "data_classification": "Mock Classification"
  },
  {
    "id": "scan-423e4db2-7230-43f9-afc4-b257bfe96103-41",
    "rule_id": "rule-41",
    "file_path": "file-41.py",
    "line_number": 42,
    "column": 1,
    "message": "Security issue detected in scan 423e4db2-7230-43f9-afc4-b257bfe96103",
    "severity": "MEDIUM_RISK",
    "type": "VULNERABILITY",
    "status": "ACTIVE",
    "code_snippet": "// Mock code snippet",
    "suggested_fix": "// Mock fix",
    "threat_level": "MEDIUM",
    "trigger_analysis": "Mock analysis",
    "payload_analysis": "Mock payload analysis",
    "ait_tag": "AIT",
    "spk_tag": "SPK",
    "repo_name": "Repo",
    "scan_id": "423e4db2-7230-43f9-afc4-b257bfe96103",
    "debt_category": "Security",
    "business_impact": "Medium",
    "compliance_impact": "Medium",
    "security_domain": "Application Security",
    "file_name": "file-41.py",
    "component_name": "Mock Component",
    "team_owner": "Mock Team",
    "priority_score": 5,
    "last_modified": "2025-08-11T12:22:01.407Z",
    "exploitability": "Medium",
    "attack_vector": "Mock Vector",
    "data_classification": "Mock Classification"
  },
  {
    "id": "scan-423e4db2-7230-43f9-afc4-b257bfe96103-42",
    "rule_id": "rule-42",
    "file_path": "file-42.py",
    "line_number": 43,
    "column": 1,
    "message": "Security issue detected in scan 423e4db2-7230-43f9-afc4-b257bfe96103",
    "severity": "MEDIUM_RISK",
    "type": "VULNERABILITY",
    "status": "ACTIVE",
    "code_snippet": "// Mock code snippet",
    "suggested_fix": "// Mock fix",
    "threat_level": "MEDIUM",
    "trigger_analysis": "Mock analysis",
    "payload_analysis": "Mock payload analysis",
    "ait_tag": "AIT",
    "spk_tag": "SPK",
    "repo_name": "Repo",
    "scan_id": "423e4db2-7230-43f9-afc4-b257bfe96103",
    "debt_category": "Security",
    "business_impact": "Medium",
    "compliance_impact": "Medium",
    "security_domain": "Application Security",
    "file_name": "file-42.py",
    "component_name": "Mock Component",
    "team_owner": "Mock Team",
    "priority_score": 5,
    "last_modified": "2025-08-11T12:22:01.407Z",
    "exploitability": "Medium",
    "attack_vector": "Mock Vector",
    "data_classification": "Mock Classification"
  },
  {
    "id": "scan-423e4db2-7230-43f9-afc4-b257bfe96103-43",
    "rule_id": "rule-43",
    "file_path": "file-43.py",
    "line_number": 44,
    "column": 1,
    "message": "Security issue detected in scan 423e4db2-7230-43f9-afc4-b257bfe96103",
    "severity": "MEDIUM_RISK",
    "type": "VULNERABILITY",
    "status": "ACTIVE",
    "code_snippet": "// Mock code snippet",
    "suggested_fix": "// Mock fix",
    "threat_level": "MEDIUM",
    "trigger_analysis": "Mock analysis",
    "payload_analysis": "Mock payload analysis",
    "ait_tag": "AIT",
    "spk_tag": "SPK",
    "repo_name": "Repo",
    "scan_id": "423e4db2-7230-43f9-afc4-b257bfe96103",
    "debt_category": "Security",
    "business_impact": "Medium",
    "compliance_impact": "Medium",
    "security_domain": "Application Security",
    "file_name": "file-43.py",
    "component_name": "Mock Component",
    "team_owner": "Mock Team",
    "priority_score": 5,
    "last_modified": "2025-08-11T12:22:01.407Z",
    "exploitability": "Medium",
    "attack_vector": "Mock Vector",
    "data_classification": "Mock Classification"
  },
  {
    "id": "scan-423e4db2-7230-43f9-afc4-b257bfe96103-44",
    "rule_id": "rule-44",
    "file_path": "file-44.py",
    "line_number": 45,
    "column": 1,
    "message": "Security issue detected in scan 423e4db2-7230-43f9-afc4-b257bfe96103",
    "severity": "MEDIUM_RISK",
    "type": "VULNERABILITY",
    "status": "ACTIVE",
    "code_snippet": "// Mock code snippet",
    "suggested_fix": "// Mock fix",
    "threat_level": "MEDIUM",
    "trigger_analysis": "Mock analysis",
    "payload_analysis": "Mock payload analysis",
    "ait_tag": "AIT",
    "spk_tag": "SPK",
    "repo_name": "Repo",
    "scan_id": "423e4db2-7230-43f9-afc4-b257bfe96103",
    "debt_category": "Security",
    "business_impact": "Medium",
    "compliance_impact": "Medium",
    "security_domain": "Application Security",
    "file_name": "file-44.py",
    "component_name": "Mock Component",
    "team_owner": "Mock Team",
    "priority_score": 5,
    "last_modified": "2025-08-11T12:22:01.407Z",
    "exploitability": "Medium",
    "attack_vector": "Mock Vector",
    "data_classification": "Mock Classification"
  },
  {
    "id": "scan-423e4db2-7230-43f9-afc4-b257bfe96103-45",
    "rule_id": "rule-45",
    "file_path": "file-45.py",
    "line_number": 46,
    "column": 1,
    "message": "Security issue detected in scan 423e4db2-7230-43f9-afc4-b257bfe96103",
    "severity": "MEDIUM_RISK",
    "type": "VULNERABILITY",
    "status": "ACTIVE",
    "code_snippet": "// Mock code snippet",
    "suggested_fix": "// Mock fix",
    "threat_level": "MEDIUM",
    "trigger_analysis": "Mock analysis",
    "payload_analysis": "Mock payload analysis",
    "ait_tag": "AIT",
    "spk_tag": "SPK",
    "repo_name": "Repo",
    "scan_id": "423e4db2-7230-43f9-afc4-b257bfe96103",
    "debt_category": "Security",
    "business_impact": "Medium",
    "compliance_impact": "Medium",
    "security_domain": "Application Security",
    "file_name": "file-45.py",
    "component_name": "Mock Component",
    "team_owner": "Mock Team",
    "priority_score": 5,
    "last_modified": "2025-08-11T12:22:01.407Z",
    "exploitability": "Medium",
    "attack_vector": "Mock Vector",
    "data_classification": "Mock Classification"
  },
  {
    "id": "scan-423e4db2-7230-43f9-afc4-b257bfe96103-46",
    "rule_id": "rule-46",
    "file_path": "file-46.py",
    "line_number": 47,
    "column": 1,
    "message": "Security issue detected in scan 423e4db2-7230-43f9-afc4-b257bfe96103",
    "severity": "MEDIUM_RISK",
    "type": "VULNERABILITY",
    "status": "ACTIVE",
    "code_snippet": "// Mock code snippet",
    "suggested_fix": "// Mock fix",
    "threat_level": "MEDIUM",
    "trigger_analysis": "Mock analysis",
    "payload_analysis": "Mock payload analysis",
    "ait_tag": "AIT",
    "spk_tag": "SPK",
    "repo_name": "Repo",
    "scan_id": "423e4db2-7230-43f9-afc4-b257bfe96103",
    "debt_category": "Security",
    "business_impact": "Medium",
    "compliance_impact": "Medium",
    "security_domain": "Application Security",
    "file_name": "file-46.py",
    "component_name": "Mock Component",
    "team_owner": "Mock Team",
    "priority_score": 5,
    "last_modified": "2025-08-11T12:22:01.407Z",
    "exploitability": "Medium",
    "attack_vector": "Mock Vector",
    "data_classification": "Mock Classification"
  },
  {
    "id": "scan-423e4db2-7230-43f9-afc4-b257bfe96103-47",
    "rule_id": "rule-47",
    "file_path": "file-47.py",
    "line_number": 48,
    "column": 1,
    "message": "Security issue detected in scan 423e4db2-7230-43f9-afc4-b257bfe96103",
    "severity": "MEDIUM_RISK",
    "type": "VULNERABILITY",
    "status": "ACTIVE",
    "code_snippet": "// Mock code snippet",
    "suggested_fix": "// Mock fix",
    "threat_level": "MEDIUM",
    "trigger_analysis": "Mock analysis",
    "payload_analysis": "Mock payload analysis",
    "ait_tag": "AIT",
    "spk_tag": "SPK",
    "repo_name": "Repo",
    "scan_id": "423e4db2-7230-43f9-afc4-b257bfe96103",
    "debt_category": "Security",
    "business_impact": "Medium",
    "compliance_impact": "Medium",
    "security_domain": "Application Security",
    "file_name": "file-47.py",
    "component_name": "Mock Component",
    "team_owner": "Mock Team",
    "priority_score": 5,
    "last_modified": "2025-08-11T12:22:01.407Z",
    "exploitability": "Medium",
    "attack_vector": "Mock Vector",
    "data_classification": "Mock Classification"
  },
  {
    "id": "scan-423e4db2-7230-43f9-afc4-b257bfe96103-48",
    "rule_id": "rule-48",
    "file_path": "file-48.py",
    "line_number": 49,
    "column": 1,
    "message": "Security issue detected in scan 423e4db2-7230-43f9-afc4-b257bfe96103",
    "severity": "MEDIUM_RISK",
    "type": "VULNERABILITY",
    "status": "ACTIVE",
    "code_snippet": "// Mock code snippet",
    "suggested_fix": "// Mock fix",
    "threat_level": "MEDIUM",
    "trigger_analysis": "Mock analysis",
    "payload_analysis": "Mock payload analysis",
    "ait_tag": "AIT",
    "spk_tag": "SPK",
    "repo_name": "Repo",
    "scan_id": "423e4db2-7230-43f9-afc4-b257bfe96103",
    "debt_category": "Security",
    "business_impact": "Medium",
    "compliance_impact": "Medium",
    "security_domain": "Application Security",
    "file_name": "file-48.py",
    "component_name": "Mock Component",
    "team_owner": "Mock Team",
    "priority_score": 5,
    "last_modified": "2025-08-11T12:22:01.407Z",
    "exploitability": "Medium",
    "attack_vector": "Mock Vector",
    "data_classification": "Mock Classification"
  }
]