{
  "scan_id": "id_ot8fo6jag",
  "timestamp": "2025-08-14T11:58:51.497497",
  "total_files": 22,
  "prompts": [
    {
      "file_path": "uploaded_projects\\id_ot8fo6jag\\original\\.gitignore",
      "file_name": ".gitignore",
      "prompt_file": "uploaded_projects\\id_ot8fo6jag\\vscode_prompts\\.gitignore_prompt.txt",
      "original_file": "uploaded_projects\\id_ot8fo6jag\\vscode_prompts\\.gitignore_original",
      "source_file_path": "uploaded_projects\\id_ot8fo6jag\\original\\.gitignore",
      "security_issues": [],
      "status": "pending",
      "markdown_file": ".github\\prompts\\id_ot8fo6jag.prompt.md"
    },
    {
      "file_path": "uploaded_projects\\id_ot8fo6jag\\original\\package-lock.json",
      "file_name": "package-lock.json",
      "prompt_file": "uploaded_projects\\id_ot8fo6jag\\vscode_prompts\\package-lock_prompt.txt",
      "original_file": "uploaded_projects\\id_ot8fo6jag\\vscode_prompts\\package-lock_original.json",
      "source_file_path": "uploaded_projects\\id_ot8fo6jag\\original\\package-lock.json",
      "security_issues": [],
      "status": "pending",
      "markdown_file": ".github\\prompts\\id_ot8fo6jag.prompt.md"
    },
    {
      "file_path": "uploaded_projects\\id_ot8fo6jag\\original\\package.json",
      "file_name": "package.json",
      "prompt_file": "uploaded_projects\\id_ot8fo6jag\\vscode_prompts\\package_prompt.txt",
      "original_file": "uploaded_projects\\id_ot8fo6jag\\vscode_prompts\\package_original.json",
      "source_file_path": "uploaded_projects\\id_ot8fo6jag\\original\\package.json",
      "security_issues": [],
      "status": "pending",
      "markdown_file": ".github\\prompts\\id_ot8fo6jag.prompt.md"
    },
    {
      "file_path": "uploaded_projects\\id_ot8fo6jag\\original\\README.md",
      "file_name": "README.md",
      "prompt_file": "uploaded_projects\\id_ot8fo6jag\\vscode_prompts\\README_prompt.txt",
      "original_file": "uploaded_projects\\id_ot8fo6jag\\vscode_prompts\\README_original.md",
      "source_file_path": "uploaded_projects\\id_ot8fo6jag\\original\\README.md",
      "security_issues": [],
      "status": "pending",
      "markdown_file": ".github\\prompts\\id_ot8fo6jag.prompt.md"
    },
    {
      "file_path": "uploaded_projects\\id_ot8fo6jag\\original\\public\\favicon.ico",
      "file_name": "favicon.ico",
      "prompt_file": "uploaded_projects\\id_ot8fo6jag\\vscode_prompts\\favicon_prompt.txt",
      "original_file": "uploaded_projects\\id_ot8fo6jag\\vscode_prompts\\favicon_original.ico",
      "source_file_path": "uploaded_projects\\id_ot8fo6jag\\original\\public\\favicon.ico",
      "security_issues": [],
      "status": "pending",
      "markdown_file": ".github\\prompts\\id_ot8fo6jag.prompt.md"
    },
    {
      "file_path": "uploaded_projects\\id_ot8fo6jag\\original\\public\\index.html",
      "file_name": "index.html",
      "prompt_file": "uploaded_projects\\id_ot8fo6jag\\vscode_prompts\\index_prompt.txt",
      "original_file": "uploaded_projects\\id_ot8fo6jag\\vscode_prompts\\index_original.html",
      "source_file_path": "uploaded_projects\\id_ot8fo6jag\\original\\public\\index.html",
      "security_issues": [],
      "status": "pending",
      "markdown_file": ".github\\prompts\\id_ot8fo6jag.prompt.md"
    },
    {
      "file_path": "uploaded_projects\\id_ot8fo6jag\\original\\public\\logo192.png",
      "file_name": "logo192.png",
      "prompt_file": "uploaded_projects\\id_ot8fo6jag\\vscode_prompts\\logo192_prompt.txt",
      "original_file": "uploaded_projects\\id_ot8fo6jag\\vscode_prompts\\logo192_original.png",
      "source_file_path": "uploaded_projects\\id_ot8fo6jag\\original\\public\\logo192.png",
      "security_issues": [],
      "status": "pending",
      "markdown_file": ".github\\prompts\\id_ot8fo6jag.prompt.md"
    },
    {
      "file_path": "uploaded_projects\\id_ot8fo6jag\\original\\public\\logo512.png",
      "file_name": "logo512.png",
      "prompt_file": "uploaded_projects\\id_ot8fo6jag\\vscode_prompts\\logo512_prompt.txt",
      "original_file": "uploaded_projects\\id_ot8fo6jag\\vscode_prompts\\logo512_original.png",
      "source_file_path": "uploaded_projects\\id_ot8fo6jag\\original\\public\\logo512.png",
      "security_issues": [],
      "status": "pending",
      "markdown_file": ".github\\prompts\\id_ot8fo6jag.prompt.md"
    },
    {
      "file_path": "uploaded_projects\\id_ot8fo6jag\\original\\public\\manifest.json",
      "file_name": "manifest.json",
      "prompt_file": "uploaded_projects\\id_ot8fo6jag\\vscode_prompts\\manifest_prompt.txt",
      "original_file": "uploaded_projects\\id_ot8fo6jag\\vscode_prompts\\manifest_original.json",
      "source_file_path": "uploaded_projects\\id_ot8fo6jag\\original\\public\\manifest.json",
      "security_issues": [],
      "status": "pending",
      "markdown_file": ".github\\prompts\\id_ot8fo6jag.prompt.md"
    },
    {
      "file_path": "uploaded_projects\\id_ot8fo6jag\\original\\public\\robots.txt",
      "file_name": "robots.txt",
      "prompt_file": "uploaded_projects\\id_ot8fo6jag\\vscode_prompts\\robots_prompt.txt",
      "original_file": "uploaded_projects\\id_ot8fo6jag\\vscode_prompts\\robots_original.txt",
      "source_file_path": "uploaded_projects\\id_ot8fo6jag\\original\\public\\robots.txt",
      "security_issues": [],
      "status": "pending",
      "markdown_file": ".github\\prompts\\id_ot8fo6jag.prompt.md"
    },
    {
      "file_path": "uploaded_projects\\id_ot8fo6jag\\original\\src\\api.js",
      "file_name": "api.js",
      "prompt_file": "uploaded_projects\\id_ot8fo6jag\\vscode_prompts\\api_prompt.txt",
      "original_file": "uploaded_projects\\id_ot8fo6jag\\vscode_prompts\\api_original.js",
      "source_file_path": "uploaded_projects\\id_ot8fo6jag\\original\\src\\api.js",
      "security_issues": [],
      "status": "pending",
      "markdown_file": ".github\\prompts\\id_ot8fo6jag.prompt.md"
    },
    {
      "file_path": "uploaded_projects\\id_ot8fo6jag\\original\\src\\App.css",
      "file_name": "App.css",
      "prompt_file": "uploaded_projects\\id_ot8fo6jag\\vscode_prompts\\App_prompt.txt",
      "original_file": "uploaded_projects\\id_ot8fo6jag\\vscode_prompts\\App_original.css",
      "source_file_path": "uploaded_projects\\id_ot8fo6jag\\original\\src\\App.css",
      "security_issues": [],
      "status": "pending",
      "markdown_file": ".github\\prompts\\id_ot8fo6jag.prompt.md"
    },
    {
      "file_path": "uploaded_projects\\id_ot8fo6jag\\original\\src\\App.js",
      "file_name": "App.js",
      "prompt_file": "uploaded_projects\\id_ot8fo6jag\\vscode_prompts\\App_prompt.txt",
      "original_file": "uploaded_projects\\id_ot8fo6jag\\vscode_prompts\\App_original.js",
      "source_file_path": "uploaded_projects\\id_ot8fo6jag\\original\\src\\App.js",
      "security_issues": [],
      "status": "pending",
      "markdown_file": ".github\\prompts\\id_ot8fo6jag.prompt.md"
    },
    {
      "file_path": "uploaded_projects\\id_ot8fo6jag\\original\\src\\App.test.js",
      "file_name": "App.test.js",
      "prompt_file": "uploaded_projects\\id_ot8fo6jag\\vscode_prompts\\App.test_prompt.txt",
      "original_file": "uploaded_projects\\id_ot8fo6jag\\vscode_prompts\\App.test_original.js",
      "source_file_path": "uploaded_projects\\id_ot8fo6jag\\original\\src\\App.test.js",
      "security_issues": [],
      "status": "pending",
      "markdown_file": ".github\\prompts\\id_ot8fo6jag.prompt.md"
    },
    {
      "file_path": "uploaded_projects\\id_ot8fo6jag\\original\\src\\index.css",
      "file_name": "index.css",
      "prompt_file": "uploaded_projects\\id_ot8fo6jag\\vscode_prompts\\index_prompt.txt",
      "original_file": "uploaded_projects\\id_ot8fo6jag\\vscode_prompts\\index_original.css",
      "source_file_path": "uploaded_projects\\id_ot8fo6jag\\original\\src\\index.css",
      "security_issues": [],
      "status": "pending",
      "markdown_file": ".github\\prompts\\id_ot8fo6jag.prompt.md"
    },
    {
      "file_path": "uploaded_projects\\id_ot8fo6jag\\original\\src\\index.js",
      "file_name": "index.js",
      "prompt_file": "uploaded_projects\\id_ot8fo6jag\\vscode_prompts\\index_prompt.txt",
      "original_file": "uploaded_projects\\id_ot8fo6jag\\vscode_prompts\\index_original.js",
      "source_file_path": "uploaded_projects\\id_ot8fo6jag\\original\\src\\index.js",
      "security_issues": [],
      "status": "pending",
      "markdown_file": ".github\\prompts\\id_ot8fo6jag.prompt.md"
    },
    {
      "file_path": "uploaded_projects\\id_ot8fo6jag\\original\\src\\logo.svg",
      "file_name": "logo.svg",
      "prompt_file": "uploaded_projects\\id_ot8fo6jag\\vscode_prompts\\logo_prompt.txt",
      "original_file": "uploaded_projects\\id_ot8fo6jag\\vscode_prompts\\logo_original.svg",
      "source_file_path": "uploaded_projects\\id_ot8fo6jag\\original\\src\\logo.svg",
      "security_issues": [],
      "status": "pending",
      "markdown_file": ".github\\prompts\\id_ot8fo6jag.prompt.md"
    },
    {
      "file_path": "uploaded_projects\\id_ot8fo6jag\\original\\src\\reportWebVitals.js",
      "file_name": "reportWebVitals.js",
      "prompt_file": "uploaded_projects\\id_ot8fo6jag\\vscode_prompts\\reportWebVitals_prompt.txt",
      "original_file": "uploaded_projects\\id_ot8fo6jag\\vscode_prompts\\reportWebVitals_original.js",
      "source_file_path": "uploaded_projects\\id_ot8fo6jag\\original\\src\\reportWebVitals.js",
      "security_issues": [],
      "status": "pending",
      "markdown_file": ".github\\prompts\\id_ot8fo6jag.prompt.md"
    },
    {
      "file_path": "uploaded_projects\\id_ot8fo6jag\\original\\src\\Results.js",
      "file_name": "Results.js",
      "prompt_file": "uploaded_projects\\id_ot8fo6jag\\vscode_prompts\\Results_prompt.txt",
      "original_file": "uploaded_projects\\id_ot8fo6jag\\vscode_prompts\\Results_original.js",
      "source_file_path": "uploaded_projects\\id_ot8fo6jag\\original\\src\\Results.js",
      "security_issues": [],
      "status": "pending",
      "markdown_file": ".github\\prompts\\id_ot8fo6jag.prompt.md"
    },
    {
      "file_path": "uploaded_projects\\id_ot8fo6jag\\original\\src\\setupTests.js",
      "file_name": "setupTests.js",
      "prompt_file": "uploaded_projects\\id_ot8fo6jag\\vscode_prompts\\setupTests_prompt.txt",
      "original_file": "uploaded_projects\\id_ot8fo6jag\\vscode_prompts\\setupTests_original.js",
      "source_file_path": "uploaded_projects\\id_ot8fo6jag\\original\\src\\setupTests.js",
      "security_issues": [],
      "status": "pending",
      "markdown_file": ".github\\prompts\\id_ot8fo6jag.prompt.md"
    },
    {
      "file_path": "uploaded_projects\\id_ot8fo6jag\\original\\src\\TextAnalyzer.js",
      "file_name": "TextAnalyzer.js",
      "prompt_file": "uploaded_projects\\id_ot8fo6jag\\vscode_prompts\\TextAnalyzer_prompt.txt",
      "original_file": "uploaded_projects\\id_ot8fo6jag\\vscode_prompts\\TextAnalyzer_original.js",
      "source_file_path": "uploaded_projects\\id_ot8fo6jag\\original\\src\\TextAnalyzer.js",
      "security_issues": [],
      "status": "pending",
      "markdown_file": ".github\\prompts\\id_ot8fo6jag.prompt.md"
    },
    {
      "file_path": "uploaded_projects\\id_ot8fo6jag\\original\\src\\UploadForm.js",
      "file_name": "UploadForm.js",
      "prompt_file": "uploaded_projects\\id_ot8fo6jag\\vscode_prompts\\UploadForm_prompt.txt",
      "original_file": "uploaded_projects\\id_ot8fo6jag\\vscode_prompts\\UploadForm_original.js",
      "source_file_path": "uploaded_projects\\id_ot8fo6jag\\original\\src\\UploadForm.js",
      "security_issues": [],
      "status": "pending",
      "markdown_file": ".github\\prompts\\id_ot8fo6jag.prompt.md"
    }
  ]
}