{
  "scan_id": "871ec882-69f8-4915-9523-b699440b80f8",
  "timestamp": "2025-08-07T13:42:07.244385",
  "total_files": 1,
  "prompts": [
    {
      "file_path": "d:\\CodeKata\\chat-ui\\app.py",
      "file_name": "app.py",
      "prompt_file": "uploaded_projects\\871ec882-69f8-4915-9523-b699440b80f8\\vscode_prompts\\app_prompt.txt",
      "original_file": "uploaded_projects\\871ec882-69f8-4915-9523-b699440b80f8\\vscode_prompts\\app_original.py",
      "source_file_path": "d:\\CodeKata\\chat-ui\\app.py",
      "security_issues": [
        {
          "type": "security_vulnerability",
          "description": "Hardcoded credentials",
          "line": 28,
          "code": "PASSWORD =",
          "severity": "HIGH"
        }
      ],
      "status": "pending",
      "markdown_file": ".github\\prompts\\871ec882-69f8-4915-9523-b699440b80f8.prompt.md"
    }
  ]
}