{
  "scan_id": "64e4034c-8a93-40b3-aaf4-b44e2c3661c9",
  "timestamp": "2025-08-07T14:02:10.189259",
  "total_files": 1,
  "prompts": [
    {
      "file_path": "d:\\CodeKata\\chat-ui\\app.py",
      "file_name": "app.py",
      "prompt_file": "uploaded_projects\\64e4034c-8a93-40b3-aaf4-b44e2c3661c9\\vscode_prompts\\app_prompt.txt",
      "original_file": "uploaded_projects\\64e4034c-8a93-40b3-aaf4-b44e2c3661c9\\vscode_prompts\\app_original.py",
      "source_file_path": "d:\\CodeKata\\chat-ui\\app.py",
      "security_issues": [
        {
          "type": "security_vulnerability",
          "description": "Hardcoded credentials",
          "line": 28,
          "code": "PASSWORD =",
          "severity": "HIGH"
        }
      ],
      "status": "pending",
      "markdown_file": ".github\\prompts\\64e4034c-8a93-40b3-aaf4-b44e2c3661c9.prompt.md"
    }
  ]
}