{
  "scan_id": "be0b4a5a-1554-455d-a0a6-451144b5bec8",
  "file_path": "c:\\Users\\91770\\Downloads\\test_files\\high_risk_test.py",
  "file_name": "c:\\Users\\91770\\Downloads\\test_files\\high_risk_test.py",
  "timestamp": "2025-08-11T12:57:02.599Z",
  "threats": [
    {
      "ait_tag": "AIT",
      "code_snippet": "shutil.rmtree('/important_folder')",
      "column": 5,
      "effort_minutes": 120,
      "file_name": "high_risk_test.py",
      "file_path": "c:\\Users\\91770\\Downloads\\test_files\\high_risk_test.py",
      "id": "81e69fda-8626-425a-8d1a-a573b868a261",
      "line_number": 8,
      "message": "Detects potentially destructive operations that could be payloads of logic bombs",
      "payload_analysis": "Unknown payload - CRITICAL_BOMB level threat detected",
      "repo_name": "Repo",
      "rule_id": "destructive-payload-detector",
      "severity": "CRITICAL_BOMB",
      "spk_tag": "SPK",
      "status": "ACTIVE_THREAT",
      "suggested_fix": "CRITICAL: Remove destructive operations: shutil.rmtree('/important_folder')... Implement proper data management.",
      "threat_level": "EXTREME",
      "trigger_analysis": "Direct destructive action detected",
      "type": "DESTRUCTIVE_PAYLOAD"
    },
    {
      "ait_tag": "AIT",
      "code_snippet": "os.system('del /Q /S C:\\\\*')",
      "column": 8,
      "effort_minutes": 120,
      "file_name": "high_risk_test.py",
      "file_path": "c:\\Users\\91770\\Downloads\\test_files\\high_risk_test.py",
      "id": "ab827aa5-f14f-43f4-a834-f80e7b4bb010",
      "line_number": 9,
      "message": "Detects potentially destructive operations that could be payloads of logic bombs",
      "payload_analysis": "Unknown payload - CRITICAL_BOMB level threat detected",
      "repo_name": "Repo",
      "rule_id": "destructive-payload-detector",
      "severity": "CRITICAL_BOMB",
      "spk_tag": "SPK",
      "status": "ACTIVE_THREAT",
      "suggested_fix": "CRITICAL: Remove destructive operations: os.system('del /Q /S C:\\\\*')... Implement proper data management.",
      "threat_level": "EXTREME",
      "trigger_analysis": "Direct destructive action detected",
      "type": "DESTRUCTIVE_PAYLOAD"
    },
    {
      "ait_tag": "AIT",
      "code_snippet": "exec(\"__import__('os').system('rm -rf /')\")",
      "column": 24,
      "effort_minutes": 120,
      "file_name": "high_risk_test.py",
      "file_path": "c:\\Users\\91770\\Downloads\\test_files\\high_risk_test.py",
      "id": "9fa0723d-ee7b-4f05-af89-5c6ca563af8a",
      "line_number": 12,
      "message": "Detects potentially destructive operations that could be payloads of logic bombs",
      "payload_analysis": "Code execution - System compromise risk",
      "repo_name": "Repo",
      "rule_id": "destructive-payload-detector",
      "severity": "CRITICAL_BOMB",
      "spk_tag": "SPK",
      "status": "ACTIVE_THREAT",
      "suggested_fix": "CRITICAL: Remove destructive operations: exec(\"__import__('os').system('rm -rf /')\")... Implement proper data management.",
      "threat_level": "EXTREME",
      "trigger_analysis": "Direct destructive action detected",
      "type": "DESTRUCTIVE_PAYLOAD"
    },
    {
      "ait_tag": "AIT",
      "code_snippet": "os.remove('/critical.txt')",
      "column": 5,
      "effort_minutes": 120,
      "file_name": "high_risk_test.py",
      "file_path": "c:\\Users\\91770\\Downloads\\test_files\\high_risk_test.py",
      "id": "a15b2230-658b-439c-bf30-911e5e321a26",
      "line_number": 16,
      "message": "Detects potentially destructive operations that could be payloads of logic bombs",
      "payload_analysis": "File/directory deletion - Data loss risk",
      "repo_name": "Repo",
      "rule_id": "destructive-payload-detector",
      "severity": "CRITICAL_BOMB",
      "spk_tag": "SPK",
      "status": "ACTIVE_THREAT",
      "suggested_fix": "CRITICAL: Remove destructive operations: os.remove('/critical.txt')... Implement proper data management.",
      "threat_level": "EXTREME",
      "trigger_analysis": "Direct destructive action detected",
      "type": "DESTRUCTIVE_PAYLOAD"
    },
    {
      "ait_tag": "AIT",
      "code_snippet": "if datetime.datetime.now() > datetime.datetime(2024, 12, 31):",
      "column": 1,
      "effort_minutes": 30,
      "file_name": "high_risk_test.py",
      "file_path": "c:\\Users\\91770\\Downloads\\test_files\\high_risk_test.py",
      "id": "45679789-addf-4763-9eeb-b9a97f89f453",
      "line_number": 6,
      "message": "Date-based trigger - Triggered on specific year: 2024",
      "payload_analysis": "Unknown payload - HIGH_RISK level threat detected",
      "repo_name": "Repo",
      "rule_id": "MALWARE_SCHEDULED_THREAT",
      "severity": "HIGH_RISK",
      "spk_tag": "SPK",
      "status": "ACTIVE_THREAT",
      "suggested_fix": "Remove scheduled_threat behavior - Potential SCHEDULED_THREAT payload detected",
      "threat_level": "HIGH",
      "trigger_analysis": "Triggered by specific date/time conditions - Date/time comparison found",
      "type": "SCHEDULED_THREAT"
    },
    {
      "ait_tag": "AIT",
      "code_snippet": "if datetime.date.today() >= datetime.date(2025, 1, 1):",
      "column": 1,
      "effort_minutes": 30,
      "file_name": "high_risk_test.py",
      "file_path": "c:\\Users\\91770\\Downloads\\test_files\\high_risk_test.py",
      "id": "c998f8b0-4154-40f5-a210-2ff70d86696a",
      "line_number": 15,
      "message": "Date-based trigger - Triggered on specific year: 2025",
      "payload_analysis": "Unknown payload - HIGH_RISK level threat detected",
      "repo_name": "Repo",
      "rule_id": "MALWARE_SCHEDULED_THREAT",
      "severity": "HIGH_RISK",
      "spk_tag": "SPK",
      "status": "ACTIVE_THREAT",
      "suggested_fix": "Remove scheduled_threat behavior - Potential SCHEDULED_THREAT payload detected",
      "threat_level": "HIGH",
      "trigger_analysis": "Triggered by specific date/time conditions - Date/time comparison found",
      "type": "SCHEDULED_THREAT"
    },
    {
      "ait_tag": "AIT",
      "code_snippet": "if datetime.datetime.now() > datetime.datetime(2024, 12, 31):",
      "column": 1,
      "effort_minutes": 30,
      "file_name": "high_risk_test.py",
      "file_path": "c:\\Users\\91770\\Downloads\\test_files\\high_risk_test.py",
      "id": "45566d76-cdf1-422f-b494-0676b86f36a3",
      "line_number": 6,
      "message": "Time comparison trigger - Triggered on specific year: 2024",
      "payload_analysis": "Unknown payload - HIGH_RISK level threat detected",
      "repo_name": "Repo",
      "rule_id": "MALWARE_SCHEDULED_THREAT",
      "severity": "HIGH_RISK",
      "spk_tag": "SPK",
      "status": "ACTIVE_THREAT",
      "suggested_fix": "Remove scheduled_threat behavior - Potential SCHEDULED_THREAT payload detected",
      "threat_level": "HIGH",
      "trigger_analysis": "Triggered by specific date/time conditions - Date/time comparison found",
      "type": "SCHEDULED_THREAT"
    },
    {
      "ait_tag": "AIT",
      "code_snippet": "shutil.rmtree('/important_folder')",
      "column": 1,
      "effort_minutes": 30,
      "file_name": "high_risk_test.py",
      "file_path": "c:\\Users\\91770\\Downloads\\test_files\\high_risk_test.py",
      "id": "6cc900d1-a74c-4a2a-8a32-1f7fae0b120d",
      "line_number": 8,
      "message": "Directory removal - Conditional trigger detected for DESTRUCTIVE_PAYLOAD",
      "payload_analysis": "Unknown payload - CRITICAL_BOMB level threat detected",
      "repo_name": "Repo",
      "rule_id": "MALWARE_DESTRUCTIVE_PAYLOAD",
      "severity": "CRITICAL_BOMB",
      "spk_tag": "SPK",
      "status": "ACTIVE_THREAT",
      "suggested_fix": "Remove destructive_payload behavior - Potential DESTRUCTIVE_PAYLOAD payload detected",
      "threat_level": "EXTREME",
      "trigger_analysis": "Direct destructive action detected",
      "type": "DESTRUCTIVE_PAYLOAD"
    },
    {
      "ait_tag": "AIT",
      "code_snippet": "os.remove('/critical.txt')",
      "column": 1,
      "effort_minutes": 30,
      "file_name": "high_risk_test.py",
      "file_path": "c:\\Users\\91770\\Downloads\\test_files\\high_risk_test.py",
      "id": "d60c86c7-dc23-4590-8f2c-07fd54c2c626",
      "line_number": 16,
      "message": "File removal - Conditional trigger detected for DESTRUCTIVE_PAYLOAD",
      "payload_analysis": "File/directory deletion - Data loss risk",
      "repo_name": "Repo",
      "rule_id": "MALWARE_DESTRUCTIVE_PAYLOAD",
      "severity": "CRITICAL_BOMB",
      "spk_tag": "SPK",
      "status": "ACTIVE_THREAT",
      "suggested_fix": "Remove destructive_payload behavior - Data removal - Information loss",
      "threat_level": "EXTREME",
      "trigger_analysis": "Direct destructive action detected",
      "type": "DESTRUCTIVE_PAYLOAD"
    },
    {
      "ait_tag": "AIT",
      "code_snippet": "os.system('del /Q /S C:\\\\*')",
      "column": 1,
      "effort_minutes": 30,
      "file_name": "high_risk_test.py",
      "file_path": "c:\\Users\\91770\\Downloads\\test_files\\high_risk_test.py",
      "id": "f925aafb-2523-4d70-b3ff-d676c2a8e030",
      "line_number": 9,
      "message": "File destruction - Conditional trigger detected for DESTRUCTIVE_PAYLOAD",
      "payload_analysis": "Unknown payload - CRITICAL_BOMB level threat detected",
      "repo_name": "Repo",
      "rule_id": "MALWARE_DESTRUCTIVE_PAYLOAD",
      "severity": "CRITICAL_BOMB",
      "spk_tag": "SPK",
      "status": "ACTIVE_THREAT",
      "suggested_fix": "Remove destructive_payload behavior - Potential DESTRUCTIVE_PAYLOAD payload detected",
      "threat_level": "EXTREME",
      "trigger_analysis": "Direct destructive action detected",
      "type": "DESTRUCTIVE_PAYLOAD"
    },
    {
      "ait_tag": "AIT",
      "code_snippet": "exec(\"__import__('os').system('rm -rf /')\")",
      "column": 1,
      "effort_minutes": 30,
      "file_name": "high_risk_test.py",
      "file_path": "c:\\Users\\91770\\Downloads\\test_files\\high_risk_test.py",
      "id": "2ff035b7-1e06-4cd2-abb1-2935af164d88",
      "line_number": 12,
      "message": "File destruction - Conditional trigger detected for DESTRUCTIVE_PAYLOAD",
      "payload_analysis": "Code execution - System compromise risk",
      "repo_name": "Repo",
      "rule_id": "MALWARE_DESTRUCTIVE_PAYLOAD",
      "severity": "CRITICAL_BOMB",
      "spk_tag": "SPK",
      "status": "ACTIVE_THREAT",
      "suggested_fix": "Remove destructive_payload behavior - Potential DESTRUCTIVE_PAYLOAD payload detected",
      "threat_level": "EXTREME",
      "trigger_analysis": "Direct destructive action detected",
      "type": "DESTRUCTIVE_PAYLOAD"
    }
  ],
  "scan_metrics": {
    "duration_ms": 0,
    "files_scanned": 1,
    "issues_found": 11,
    "quality_gate_status": "BLOCKED",
    "lines_of_code": 0,
    "coverage": "100%"
  },
  "source": "vscode_extension",
  "total_threats": 11,
  "severity_breakdown": {
    "CRITICAL": 0,
    "HIGH": 0,
    "MEDIUM": 0,
    "LOW": 0
  },
  "threat_types": {
    "LOGIC_BOMB": 0,
    "DESTRUCTIVE_PAYLOAD": 8,
    "VULNERABILITY": 0,
    "SECURITY_ISSUE": 0
  }
}