{
  "scan_id": "8d4af0b8-3eb0-4e6f-bbda-38de0f25aed3",
  "file_path": "c:\\Users\\91770\\Downloads\\test_files",
  "file_name": "workspace_scan",
  "timestamp": "2025-08-11T13:34:59.793Z",
  "threats": [],
  "scan_metrics": {
    "duration_ms": 72,
    "files_scanned": 5,
    "issues_found": 49,
    "project_id": "vscode-workspace-1754919289888",
    "quality_gate_status": "BLOCKED",
    "scan_id": "8d4af0b8-3eb0-4e6f-bbda-38de0f25aed3",
    "timestamp": "2025-08-11T19:04:49.897793"
  },
  "source": "vscode_extension",
  "total_threats": 0,
  "severity_breakdown": {
    "CRITICAL": 0,
    "HIGH": 0,
    "MEDIUM": 0,
    "LOW": 0
  },
  "threat_types": {
    "LOGIC_BOMB": 0,
    "DESTRUCTIVE_PAYLOAD": 0,
    "VULNERABILITY": 0,
    "SECURITY_ISSUE": 0
  }
}