{
  "scan_id": "c965eba6-7c9f-434b-8ac3-d783b0c27df6",
  "timestamp": "2025-08-07T13:07:04.002544",
  "total_files": 1,
  "prompts": [
    {
      "file_path": "d:\\CodeKata\\chat-ui\\x_ray_feature.py",
      "file_name": "x_ray_feature.py",
      "prompt_file": "uploaded_projects\\c965eba6-7c9f-434b-8ac3-d783b0c27df6\\vscode_prompts\\x_ray_feature_prompt.txt",
      "original_file": "uploaded_projects\\c965eba6-7c9f-434b-8ac3-d783b0c27df6\\vscode_prompts\\x_ray_feature_original.py",
      "source_file_path": "d:\\CodeKata\\chat-ui\\x_ray_feature.py",
      "security_issues": [
        {
          "type": "security_vulnerability",
          "description": "Hardcoded credentials",
          "line": 16,
          "code": "PASSWORD =",
          "severity": "HIGH"
        }
      ],
      "status": "pending",
      "markdown_file": ".github\\prompts\\c965eba6-7c9f-434b-8ac3-d783b0c27df6.prompt.md"
    }
  ]
}